name,icetime,shifts,gameScore,onIce_xGoalsPercentage,offIce_xGoalsPercentage,onIce_corsiPercentage,offIce_corsiPercentage,onIce_fenwickPercentage,offIce_fenwickPercentage,iceTimeRank,I_F_xOnGoal,I_F_xGoals,I_F_xRebounds,I_F_xFreeze,I_F_xPlayStopped,I_F_xPlayContinuedInZone,I_F_xPlayContinuedOutsideZone,I_F_flurryAdjustedxGoals,I_F_scoreVenueAdjustedxGoals,I_F_flurryScoreVenueAdjustedxGoals,I_F_primaryAssists,I_F_secondaryAssists,I_F_shotsOnGoal,I_F_missedShots,I_F_blockedShotAttempts,I_F_shotAttempts,I_F_points,I_F_goals,I_F_rebounds,I_F_reboundGoals,I_F_freeze,I_F_playStopped,I_F_playContinuedInZone,I_F_playContinuedOutsideZone,I_F_savedShotsOnGoal,I_F_savedUnblockedShotAttempts,penalties,I_F_penalityMinutes,I_F_faceOffsWon,I_F_hits,I_F_takeaways,I_F_giveaways,I_F_lowDangerShots,I_F_mediumDangerShots,I_F_highDangerShots,I_F_lowDangerxGoals,I_F_mediumDangerxGoals,I_F_highDangerxGoals,I_F_lowDangerGoals,I_F_mediumDangerGoals,I_F_highDangerGoals,I_F_scoreAdjustedShotsAttempts,I_F_unblockedShotAttempts,I_F_scoreAdjustedUnblockedShotAttempts,I_F_dZoneGiveaways,I_F_xGoalsFromxReboundsOfShots,I_F_xGoalsFromActualReboundsOfShots,I_F_reboundxGoals,I_F_xGoals_with_earned_rebounds,I_F_xGoals_with_earned_rebounds_scoreAdjusted,I_F_xGoals_with_earned_rebounds_scoreFlurryAdjusted,I_F_shifts,I_F_oZoneShiftStarts,I_F_dZoneShiftStarts,I_F_neutralZoneShiftStarts,I_F_flyShiftStarts,I_F_oZoneShiftEnds,I_F_dZoneShiftEnds,I_F_neutralZoneShiftEnds,I_F_flyShiftEnds,faceoffsWon,faceoffsLost,timeOnBench,penalityMinutes,penalityMinutesDrawn,penaltiesDrawn,shotsBlockedByPlayer,OnIce_F_xOnGoal,OnIce_F_xGoals,OnIce_F_flurryAdjustedxGoals,OnIce_F_scoreVenueAdjustedxGoals,OnIce_F_flurryScoreVenueAdjustedxGoals,OnIce_F_shotsOnGoal,OnIce_F_missedShots,OnIce_F_blockedShotAttempts,OnIce_F_shotAttempts,OnIce_F_goals,OnIce_F_rebounds,OnIce_F_reboundGoals,OnIce_F_lowDangerShots,OnIce_F_mediumDangerShots,OnIce_F_highDangerShots,OnIce_F_lowDangerxGoals,OnIce_F_mediumDangerxGoals,OnIce_F_highDangerxGoals,OnIce_F_lowDangerGoals,OnIce_F_mediumDangerGoals,OnIce_F_highDangerGoals,OnIce_F_scoreAdjustedShotsAttempts,OnIce_F_unblockedShotAttempts,OnIce_F_scoreAdjustedUnblockedShotAttempts,OnIce_F_xGoalsFromxReboundsOfShots,OnIce_F_xGoalsFromActualReboundsOfShots,OnIce_F_reboundxGoals,OnIce_F_xGoals_with_earned_rebounds,OnIce_F_xGoals_with_earned_rebounds_scoreAdjusted,OnIce_F_xGoals_with_earned_rebounds_scoreFlurryAdjusted,OnIce_A_xOnGoal,OnIce_A_xGoals,OnIce_A_flurryAdjustedxGoals,OnIce_A_scoreVenueAdjustedxGoals,OnIce_A_flurryScoreVenueAdjustedxGoals,OnIce_A_shotsOnGoal,OnIce_A_missedShots,OnIce_A_blockedShotAttempts,OnIce_A_shotAttempts,OnIce_A_goals,OnIce_A_rebounds,OnIce_A_reboundGoals,OnIce_A_lowDangerShots,OnIce_A_mediumDangerShots,OnIce_A_highDangerShots,OnIce_A_lowDangerxGoals,OnIce_A_mediumDangerxGoals,OnIce_A_highDangerxGoals,OnIce_A_lowDangerGoals,OnIce_A_mediumDangerGoals,OnIce_A_highDangerGoals,OnIce_A_scoreAdjustedShotsAttempts,OnIce_A_unblockedShotAttempts,OnIce_A_scoreAdjustedUnblockedShotAttempts,OnIce_A_xGoalsFromxReboundsOfShots,OnIce_A_xGoalsFromActualReboundsOfShots,OnIce_A_reboundxGoals,OnIce_A_xGoals_with_earned_rebounds,OnIce_A_xGoals_with_earned_rebounds_scoreAdjusted,OnIce_A_xGoals_with_earned_rebounds_scoreFlurryAdjusted,OffIce_F_xGoals,OffIce_A_xGoals,OffIce_F_shotAttempts,OffIce_A_shotAttempts
Tim Heed,989,19,0.42,0.46,0.52,0.58,0.48,0.56,0.53,5,0.68,0.01,0.03,0.2,0.02,0.45,0.29,0.01,0.01,0.01,0,0,1,0,3,4,0,0,0,0,0,0,0,1,1,1,0,0,0,0,1,0,1,0,0,0.01,0,0,0,0,0,4.27,1,1.03,0,0.01,0,0,0.01,0.01,0.01,19,1,1,2,15,1,5,1,12,0,0,2611,0,0,0,2,6.75,0.72,0.69,0.77,0.74,5,5,5,15,0,1,0,6,3,1,0.17,0.34,0.21,0,0,0,15.87,10,10.55,0.1,0.21,0.21,0.61,0.66,0.66,5.12,0.84,0.84,0.82,0.82,5,3,3,11,0,0,0,5,2,1,0.11,0.21,0.53,0,0,0,10.46,8,7.66,0.06,0,0,0.9,0.88,0.88,2.5,2.27,39,43
Frans Nielsen,81281,1927,41.92,0.5,0.47,0.51,0.48,0.5,0.48,342,164.97,16.43,10.76,36.85,5.5,83.77,65.69,15.82,16.5,15.89,12,12,162,57,56,275,41,17,11,6,37,4,58,92,145,202,9,18,653,64,29,26,156,43,20,4.37,5.32,6.74,3,7,7,274.7,219,218.97,4,2.45,2.39,3.65,15.23,15.22,14.95,1927,375,243,313,996,247,237,274,1169,653,561,208831,18,28,13,54,693.69,63.05,59.55,63.18,59.71,690,270,320,1280,60,58,15,713,188,59,20.01,22.99,20.05,18,23,19,1275.03,960,958.01,11.26,14.43,14.72,59.58,59.7,58.12,687.89,63.07,59.59,63.4,59.91,685,267,273,1225,79,53,17,703,187,62,19.3,22.62,21.16,27,22,30,1235.09,952,959.63,10.61,10.69,11.37,62.3,62.7,60.72,136.45,156.49,2893,3148
Connor Murphy,86429,1918,10.58,0.4,0.44,0.42,0.46,0.41,0.46,284,77.28,3.22,4.14,21.03,2.68,47.01,35.92,3.14,3.21,3.13,7,8,77,37,67,181,17,2,6,0,25,0,42,39,75,112,18,39,0,199,13,29,106,5,3,1.7,0.61,0.91,1,0,1,178.42,114,112.1,22,0.84,1.02,0.58,3.48,3.46,3.41,1918,167,327,276,1148,220,287,293,1118,0,0,186869,39,29,13,117,597.34,47.69,45.71,47.54,45.55,599,229,284,1112,49,45,8,633,153,42,17.19,18.37,12.15,17,19,13,1099.23,828,819.66,7.99,8.38,8.86,46.83,46.61,46.1,837,72.6,68.89,73.24,69.51,814,360,354,1528,77,85,13,905,203,66,24.58,24.15,23.87,25,29,23,1548.89,1174,1189.48,12.93,15.91,15.9,69.63,70.32,67.92,136.79,174.08,2834,3264
Kyle Quincey,78375,1794,11.72,0.43,0.48,0.43,0.49,0.43,0.49,321,63.42,3.23,4.12,16.19,2.05,40.9,29.51,3.17,3.25,3.19,5,4,79,17,67,163,15,6,4,1,18,0,31,37,73,90,24,51,0,97,19,38,89,5,2,2.03,0.71,0.5,5,1,0,161.64,96,95.82,28,0.85,0.73,0.55,3.53,3.52,3.46,1794,147,223,231,1193,228,303,238,1025,0,0,188198,51,21,9,97,548.53,50.92,49.62,51.06,49.74,575,179,239,993,46,34,7,562,145,47,17.26,17.81,15.85,23,13,10,990.72,754,754.16,7.57,7.18,8.31,50.17,50.21,49.49,721.24,67.01,64.67,67.18,64.85,724,264,319,1307,58,47,11,708,220,60,21.28,26.41,19.31,19,18,21,1317.15,988,992.76,11,9.27,10.7,67.31,67.6,66.13,133.69,144.79,2680,2785
Mikael Backlund,85565,1914,61.8,0.5,0.48,0.54,0.49,0.54,0.48,259,202.82,21.66,13.72,43.14,6.4,101.45,85.62,21.1,21.88,21.32,21,10,197,75,66,338,53,22,8,8,39,6,87,110,175,250,13,26,711,55,57,49,186,58,28,5.67,6.88,9.12,4,7,11,340.27,272,272.86,12,3.01,1.97,5.81,18.86,19.02,18.84,1914,223,462,356,873,321,212,289,1092,711,768,209271,26,18,9,41,779.35,73.91,72.06,74.27,72.44,782,303,352,1437,80,53,16,798,207,80,21.08,24.53,28.3,26,25,29,1438.94,1085,1087.75,11.69,14.23,14.8,70.8,71.05,70.04,663.2,74.39,71.15,74.74,71.46,644,274,309,1227,67,51,8,637,210,71,18.2,26.13,30.06,8,39,20,1228.19,918,921.67,10.88,12.79,14.79,70.49,70.76,69.25,143.29,155.5,3013,3156
Anthony Duclair,44609,1013,11.85,0.52,0.41,0.5,0.44,0.49,0.44,469,78.68,8.56,6.3,17.22,2.46,39.95,29.51,8.01,8.49,7.98,5,4,74,30,38,142,14,5,8,2,16,4,22,49,69,99,7,14,4,21,29,22,68,30,6,2.57,4.32,1.67,1,3,1,140.91,104,103.05,7,1.42,1.45,1.87,8.12,8.15,8.03,1013,176,69,162,606,125,201,142,545,4,4,159579,14,16,8,17,382.19,33.45,32.07,33.23,31.91,363,168,176,707,29,40,8,382,123,26,10.03,15.23,8.19,3,16,10,699.61,531,525.76,5.85,8.3,8.42,30.88,30.84,30.42,394.82,31.45,30.77,31.82,31.15,383,169,165,717,31,23,2,441,89,22,13.07,11.33,7.05,11,12,8,731.46,552,560.86,5.37,3.89,3.97,32.84,33.27,32.89,105.72,151.26,2248,2836
Josh Bailey,90388,1840,57.03,0.57,0.46,0.55,0.44,0.56,0.44,217,162.71,17.04,11.92,36.79,5.65,91.97,65.64,16.47,17.13,16.55,30,13,173,56,75,304,56,13,13,3,44,14,66,79,160,216,5,12,8,37,54,61,152,61,16,4.8,7.13,5.1,5,6,2,305,229,230.43,19,2.74,1.93,2.99,16.8,16.9,16.57,1840,436,170,305,929,214,247,311,1068,8,7,208329,12,22,11,53,850.06,86.47,83.47,86.82,83.82,867,344,415,1626,92,64,14,889,235,87,25.6,28.22,32.65,32,29,31,1628.39,1211,1215.81,14.15,15.62,16.38,84.23,84.56,82.56,681.02,66.39,64.31,66.15,64.06,686,268,368,1322,69,42,12,720,169,65,22.52,20.4,23.48,24,21,24,1315.84,954,947.9,9.54,9.36,9.43,66.51,66.27,65.23,142.58,169.41,2950,3730
Jordan Nolan,29962,685,9.45,0.5,0.51,0.53,0.54,0.52,0.55,489,48.59,3.83,3.02,11.98,1.66,26.86,20.66,3.73,3.86,3.76,2,2,39,29,21,89,8,4,3,0,11,3,25,22,35,64,16,44,2,62,5,10,55,10,3,1.79,1.24,0.79,2,1,1,89.05,68,67.47,4,0.61,0.67,0.54,3.9,3.94,3.85,685,92,55,81,457,118,92,103,372,2,4,137097,44,34,11,7,230.42,16.72,16.28,16.57,16.15,206,120,127,453,11,16,1,266,48,12,7.42,5.98,3.32,3,5,3,449.74,326,322.14,3,3.03,3.03,16.68,16.65,16.32,218.03,16.47,16.14,16.63,16.29,197,107,93,397,14,8,4,233,62,9,6.83,7.24,2.39,5,6,3,399.12,304,306.34,2.85,1.64,1.64,17.67,17.77,17.53,107.33,104.8,2292,1931
Jordan Staal,83977,1927,58.62,0.6,0.5,0.59,0.5,0.58,0.49,193,172.6,24.74,13.13,34.47,5.33,87.09,65.25,23.22,24.53,23.04,11,18,164,66,43,273,45,16,20,4,29,3,81,81,148,214,16,38,689,139,55,42,118,79,33,4.24,9.42,11.08,5,4,7,270.11,230,228.19,14,2.92,5.62,7.82,19.85,19.71,19.28,1927,313,334,363,917,318,184,298,1127,689,477,189721,38,50,22,29,836.86,91.51,86.03,91,85.6,804,350,380,1534,71,88,19,810,233,111,23.88,27.63,39.99,23,14,34,1525.3,1154,1148.75,13.19,25.02,25.7,78.99,78.65,75.84,592.18,61.96,59.39,62.56,59.96,603,225,250,1078,60,53,15,603,164,61,17.97,19.57,24.42,20,16,24,1085.12,828,832.4,8.76,13.33,13.33,57.38,57.89,56.77,138.87,140.08,2850,2885
Borna Rendulic,291,7,0.47,0.96,0.29,0.9,0.51,0.86,0.46,12,0.78,0.07,0.07,0.13,0.02,0.44,0.27,0.07,0.07,0.06,0,0,1,0,0,1,0,0,0,0,0,0,1,0,1,1,0,0,0,0,0,0,1,0,0,0.07,0,0,0,0,0,0.92,1,0.92,0,0.02,0,0,0.09,0.08,0.08,7,2,0,1,4,2,0,1,4,0,0,3460,0,0,0,0,4.22,0.37,0.36,0.34,0.33,5,1,3,9,0,0,0,5,1,0,0.28,0.09,0,0,0,0,8.26,6,5.47,0.07,0,0,0.44,0.4,0.39,0.63,0.01,0.01,0.02,0.02,1,0,0,1,0,0,0,1,0,0,0.01,0,0,0,0,0,1.15,1,1.15,0.01,0,0,0.02,0.02,0.02,1.27,3.06,43,42
Mason Raymond,2138,53,-0.43,0.46,0.48,0.47,0.52,0.51,0.5,40,2.98,0.07,0.12,0.8,0.1,1.48,1.43,0.07,0.07,0.07,0,0,3,1,1,5,0,0,0,0,0,0,2,2,3,4,0,0,0,3,0,1,4,0,0,0.07,0,0,0,0,0,4.88,4,3.86,1,0.02,0,0.02,0.07,0.07,0.07,53,3,4,12,34,14,3,3,33,0,1,12316,0,0,0,0,19.66,1,0.98,1.01,0.99,22,5,4,31,0,2,0,22,5,0,0.42,0.58,0,0,0,0,30.6,27,26.48,0.25,0.05,0.05,1.19,1.21,1.18,18.94,1.18,1.16,1.17,1.15,20,6,9,35,2,1,1,21,4,1,0.61,0.36,0.2,1,0,1,35.61,26,26.59,0.26,0.2,0.2,1.23,1.22,1.2,8.66,9.53,190,176
Blake Wheeler,99099,2150,83.05,0.58,0.46,0.57,0.45,0.57,0.45,192,248.3,25.64,18,53.06,7.87,140.49,98.08,24.11,25.57,24.05,33,15,259,86,74,419,74,26,21,3,55,7,110,126,233,319,22,47,43,100,39,44,253,67,25,8.56,8.02,9.07,6,8,12,416.06,345,342.9,24,4.09,4.88,3.92,25.68,25.57,24.55,2150,371,311,404,1064,268,258,353,1271,43,51,198791,47,41,19,51,977.64,104.16,99.35,104.32,99.5,984,387,425,1796,103,72,19,973,299,99,31.2,36.76,36.2,26,38,39,1787.29,1371,1366.8,16.43,17.3,17.4,102.8,102.85,99.51,718.36,74.79,72.15,75.31,72.65,739,276,347,1362,84,41,7,759,180,76,22.64,21.79,30.37,30,21,33,1375.43,1015,1023.22,10.72,8.11,8.11,77.14,77.66,75.43,133.92,159.46,2636,3259
Brad Richardson,14732,339,5.6,0.34,0.45,0.41,0.48,0.39,0.47,92,23.73,2.58,1.58,5.56,0.87,11.62,9.8,2.52,2.59,2.53,1,3,25,7,12,44,9,5,1,2,7,0,6,13,20,27,6,15,121,19,10,3,23,6,3,0.71,0.69,1.18,1,1,3,44.04,32,32.08,1,0.34,0.36,1.02,1.89,1.92,1.92,339,18,85,57,179,44,42,55,198,121,109,43563,15,11,4,7,94.94,6.7,6.59,6.68,6.57,96,38,54,188,10,6,3,114,15,5,3.16,1.75,1.78,3,3,4,187.16,134,133.46,1.22,1.15,1.78,6.14,6.12,6.09,150.57,12.92,12.48,13,12.56,148,63,65,276,15,12,2,157,44,10,4.72,5.23,2.97,6,5,4,277.44,211,212.49,2.31,2.73,2.73,12.5,12.56,12.27,29.18,35.02,668,733
Steve Ott,34229,844,2.96,0.34,0.5,0.38,0.53,0.38,0.53,554,41.78,4.5,2.64,9.81,1.31,21.98,16.77,4.41,4.49,4.4,2,2,45,12,19,76,7,3,0,0,19,0,17,18,42,54,23,70,153,144,11,8,41,12,4,1.26,1.53,1.71,1,1,1,76.09,57,57.22,1,0.56,0,0.86,4.19,4.21,4.19,844,83,172,127,462,121,127,114,482,153,125,160032,70,60,17,23,198.89,14.41,14.18,14.42,14.21,204,77,88,369,9,8,0,227,44,10,5.65,5.34,3.42,6,1,2,370.05,281,281.58,2.51,1.54,1.54,15.38,15.46,15.29,324.11,28.18,27.32,28.08,27.22,324,132,158,614,23,24,2,344,86,26,8.93,10.72,8.52,8,7,8,612.89,456,455.56,5.33,3.96,3.96,29.55,29.43,28.72,125.93,125.1,2564,2278
Alex Chiasson,65069,1501,26.55,0.51,0.48,0.52,0.5,0.52,0.49,663,95.28,9.42,6.73,21.28,3.09,50.83,39.64,9.15,9.46,9.19,5,7,104,27,34,165,24,12,6,3,25,6,38,44,92,119,15,36,7,74,32,22,86,34,11,2.68,4.08,2.66,2,9,1,165.85,131,131.2,12,1.47,1.66,2.49,8.41,8.47,8.31,1501,246,129,204,922,221,244,221,815,7,22,229733,36,23,10,18,503.55,44.01,42.23,43.93,42.15,505,205,246,956,38,31,4,536,133,41,14.93,15.96,13.12,16,16,6,956.94,710,709.24,7.41,6.74,6.78,44.63,44.61,43.6,475.68,42.82,41.36,42.82,41.4,464,203,225,892,46,29,6,507,118,42,14.23,15.27,13.32,22,12,12,892.9,667,668,6.88,6.13,6.13,43.56,43.61,42.97,173.06,187.37,3480,3501
John Moore,71703,1674,18.4,0.4,0.48,0.45,0.49,0.43,0.49,228,107.83,5.66,6.32,27.69,3.54,64.86,47.93,5.26,5.61,5.21,4,6,102,54,73,229,22,12,3,0,31,2,51,57,90,144,13,29,0,68,7,41,140,12,4,2.69,1.37,1.61,9,2,1,226.86,156,155.12,33,1.37,0.7,0.42,6.61,6.54,6.12,1674,208,202,237,1027,179,257,239,999,0,0,158567,29,21,9,61,512.39,44.48,42.64,44.27,42.44,492,216,243,951,45,26,7,527,143,38,14.75,17.18,12.54,17,14,14,943.41,708,703.58,7.32,6.82,7.45,44.36,44.17,43.24,684.81,66.79,63.91,67.23,64.33,696,245,238,1179,64,49,17,664,211,66,20.24,24.81,21.74,21,22,21,1193.6,941,951.91,10.25,9.82,10.89,66.16,66.48,64.43,112.02,122.32,2203,2326
Andrew Desjardins,25948,607,3.99,0.48,0.5,0.47,0.51,0.47,0.51,486,44.92,4.46,3.24,9.58,1.38,22.2,18.14,4.32,4.53,4.39,0,1,46,13,25,84,1,0,3,0,9,2,16,29,46,59,8,22,39,73,9,10,38,18,3,1.27,2.41,0.78,0,0,0,83.63,59,58.88,3,0.69,0.91,0.65,4.5,4.53,4.48,607,63,91,73,380,109,70,74,354,39,30,141113,22,24,9,17,197.95,17.13,16.69,17.42,16.96,209,64,114,387,10,13,1,203,56,14,6.13,7.1,3.9,5,3,2,389.14,273,275.06,2.79,2.87,3.03,16.88,17.06,16.9,220.12,18.8,17.88,18.83,17.89,215,92,132,439,19,21,3,230,59,18,6.98,6.84,4.97,5,11,3,442.37,307,308.12,3.28,4.25,4.45,17.62,17.65,17.23,105.81,105.08,2215,2125
Josh Archibald,6519,163,2.51,0.49,0.51,0.44,0.49,0.45,0.49,98,14.95,2.03,1.1,3.29,0.49,7.65,5.43,1.92,2.11,1.99,0,0,11,9,4,24,3,3,0,2,2,1,6,8,8,17,2,4,0,28,0,2,13,3,4,0.52,0.34,1.17,0,1,2,24.85,20,20.67,1,0.23,0,0.47,1.79,1.83,1.82,163,22,21,19,101,18,18,22,105,0,1,30659,4,4,2,2,50.4,5.33,5.13,5.5,5.3,47,21,21,89,6,6,3,47,14,7,1.57,1.75,2,0,2,4,91.61,68,70.03,0.73,1.06,1.06,5,5.14,5.1,59.63,5.53,5.24,5.45,5.16,59,25,31,115,3,8,0,57,22,5,1.59,2.51,1.43,2,1,0,112.39,84,82.42,0.93,1.42,1.67,4.79,4.7,4.57,26.17,24.95,469,482
Nino Niederreiter,74153,1617,68.24,0.65,0.51,0.61,0.46,0.6,0.47,549,168.06,18.94,13.37,34.93,5.47,95.11,65.17,18.17,19.17,18.39,25,7,186,47,62,295,57,25,18,4,39,5,77,69,161,208,20,43,0,120,32,27,145,75,13,4.86,9.14,4.95,5,14,6,299.56,233,235.74,13,2.97,5.28,3.77,18.15,18.34,17.85,1617,286,151,284,896,245,212,268,892,0,1,223890,43,46,23,20,700.56,68.25,65.32,69.21,66.24,722,253,353,1328,84,73,24,730,176,69,21.16,21.36,25.74,25,25,34,1346.43,975,987.93,11.33,18.15,18.15,61.44,62.09,60.7,457.42,36.28,35.52,36.07,35.3,478,165,217,860,42,19,3,498,118,27,13.2,13.92,9.17,20,13,9,849.52,643,636.11,6.11,3.28,2.99,39.41,39.2,38.63,167.98,160,3240,3747
Jason Spezza,65977,1530,44.52,0.52,0.46,0.57,0.49,0.57,0.49,388,161.99,14.27,11.6,35.8,5.28,92.16,60.89,13.82,14.27,13.82,15,20,149,71,65,285,50,15,13,3,27,9,72,84,134,205,13,29,354,13,32,49,155,50,15,4.33,5.7,4.24,8,5,2,283.47,220,219.53,16,2.6,2.81,2.68,14.19,14.21,13.97,1530,291,167,213,859,194,199,264,873,354,324,180572,29,21,9,31,667.6,64,61.86,63.68,61.56,645,291,324,1260,76,60,13,687,189,60,20.48,22.45,21.08,30,25,21,1249.95,936,929.46,11.05,13.23,13.23,61.81,61.57,60.24,515.1,58.49,56.19,59.3,56.98,505,206,253,964,68,47,11,498,135,78,14.29,16.76,27.44,21,24,23,979.57,711,720.03,7.4,10.82,10.82,55.08,55.76,54.45,130.8,152.69,2862,3003
Tomas Plekanec,78712,1945,38.7,0.46,0.52,0.5,0.52,0.5,0.52,302,134.04,13.78,9.5,28.27,4.24,69.85,55.36,13.32,13.8,13.34,9,9,139,42,55,236,28,10,11,2,37,4,47,72,129,171,12,24,692,57,30,29,122,46,13,4.63,5.45,3.7,2,6,2,236.12,181,181.28,23,2.07,2.08,2.46,13.4,13.41,13.06,1945,214,383,362,986,299,225,293,1128,692,660,205955,24,24,12,45,646.39,53.07,51.4,53.29,51.6,641,256,330,1227,49,54,11,694,160,43,20.39,19.14,13.53,18,19,12,1230.66,897,899.1,9.39,9.22,9.22,53.24,53.43,52.23,655.42,61.29,57.97,61.48,58.16,678,235,338,1251,53,49,8,694,157,62,18.84,18.78,23.66,19,16,18,1252.77,913,915.73,10.37,10.76,10.76,60.9,61.15,58.58,155.96,145.63,3295,3014
Mikhail Sergachev,2910,68,-0.1,0.41,0.61,0.45,0.52,0.41,0.53,23,2.13,0.09,0.12,0.55,0.07,1.3,0.88,0.09,0.09,0.09,0,0,2,1,1,4,0,0,0,0,1,0,1,1,2,3,0,0,0,10,1,3,3,0,0,0.09,0,0,0,0,0,4.23,3,3.14,3,0.02,0,0,0.11,0.11,0.11,68,8,6,12,42,12,9,14,33,0,0,11592,0,0,0,3,21.51,2.22,2.21,2.27,2.26,19,10,12,41,3,1,1,23,4,2,0.71,0.56,0.95,2,0,1,42.68,29,29.94,0.3,0.31,0.31,2.22,2.26,2.25,29.96,3.14,2.99,3.04,2.9,34,7,10,51,2,3,1,27,12,2,1.04,1.57,0.54,0,1,1,48.66,41,39.49,0.47,0.61,0.61,3,2.91,2.86,11.68,7.37,180,164
Clayton Stoner,14743,325,4.6,0.5,0.5,0.47,0.51,0.49,0.5,71,13.38,0.49,0.76,3.26,0.44,7.6,6.43,0.48,0.49,0.48,1,1,16,3,10,29,3,1,1,0,3,3,5,6,15,18,7,18,0,35,2,3,18,1,0,0.35,0.14,0,0,1,0,28.69,19,18.83,2,0.16,0.02,0.02,0.63,0.62,0.61,325,25,53,54,193,50,42,34,199,0,0,35876,18,20,7,17,106.89,8.23,7.76,8.35,7.87,112,35,49,196,5,8,1,121,18,8,3.51,2.16,2.56,3,1,1,196.18,147,146.97,1.35,1.91,1.91,7.67,7.74,7.58,111.57,8.28,8.05,8.31,8.08,112,44,69,225,6,6,3,127,23,6,3.58,2.69,2.01,2,2,2,224.87,156,156.64,1.72,1.67,1.67,8.33,8.36,8.25,24.24,24.57,518,506
Cody Ceci,109992,2418,14.84,0.42,0.55,0.42,0.52,0.42,0.53,194,135.89,5.98,7.52,35.91,4.41,77.55,65.65,5.8,5.92,5.74,6,9,143,54,90,287,17,2,6,0,36,2,66,85,141,195,10,20,1,111,22,74,185,8,4,3.69,0.84,1.45,2,0,0,285.48,197,196.12,58,1.57,1.72,1.04,6.52,6.5,6.33,2418,271,459,405,1283,345,269,358,1446,1,0,178545,20,12,6,159,746.59,65.11,62.67,64.99,62.6,764,281,395,1440,59,56,8,806,173,66,22.04,21.06,22.01,24,16,19,1438.57,1045,1046.38,10.02,12.28,12.43,62.7,62.76,61.41,1015.44,88.5,85.11,88.51,85.15,1011,433,574,2018,90,55,10,1090,287,67,31.88,34.62,22.01,41,25,24,2017.44,1444,1444.33,16.12,10.52,10.76,93.86,93.73,91.14,144.12,117.92,2956,2697
Peter Cehlarik,9183,197,2.66,0.56,0.56,0.54,0.52,0.57,0.53,74,10.52,1.51,0.83,1.91,0.32,5.41,4.02,1.48,1.52,1.49,1,1,8,6,1,15,2,0,0,0,0,1,5,8,8,14,0,0,2,7,8,10,4,10,0,0.2,1.31,0,0,0,0,15.45,14,14.38,4,0.18,0,0,1.69,1.7,1.67,197,35,16,37,109,33,23,35,106,2,1,30573,0,2,1,4,86.12,7.6,7.46,7.71,7.56,77,43,28,148,8,4,0,80,34,6,2.08,4.2,1.32,5,3,0,150.88,120,122.01,1.32,0.26,0.26,8.66,8.77,8.65,65.86,5.89,5.68,5.81,5.61,58,32,34,124,6,4,1,62,24,4,1.7,2.95,1.24,3,2,1,121.16,90,88.49,0.93,1.2,1.2,5.62,5.54,5.48,25.88,20.69,471,437
Antoine Vermette,68703,1749,27.33,0.53,0.52,0.51,0.49,0.51,0.49,399,93.53,10.76,6.85,20.36,3.2,52.31,37.52,10.43,10.77,10.45,10,9,88,43,31,162,28,9,7,3,19,5,56,35,79,122,17,42,744,51,14,28,93,29,9,3.37,3.39,4,4,1,4,162.84,131,131.42,8,1.51,0.78,2.55,9.72,9.7,9.52,1749,290,369,223,867,238,210,245,1056,744,451,193784,42,24,11,45,586.76,49.02,47.17,49.29,47.44,575,247,270,1092,49,42,12,652,130,40,18.08,16.07,14.87,19,14,16,1102.24,822,829.35,9.12,8.87,8.98,49.17,49.48,48.41,562.51,43.61,42.18,43.66,42.22,551,249,256,1056,47,37,7,626,138,36,16.23,16.37,11,15,18,14,1049.3,800,796.47,8.48,6.54,6.54,45.55,45.57,44.56,147.09,137.72,2847,3012
Sebastian Aho,82591,1814,57.94,0.61,0.5,0.59,0.5,0.57,0.49,402,210.38,26.76,15.36,46.8,6.68,111.75,78.67,25.22,26.71,25.19,12,13,214,72,76,362,49,24,21,6,44,6,104,87,190,262,13,26,17,51,40,57,190,66,30,6.96,8.58,11.22,4,9,11,362.4,286,285.8,14,3.37,6.1,5.74,24.39,24.38,23.3,1814,340,175,349,950,331,237,280,966,17,18,216993,26,44,22,14,795.49,85.68,81.25,85.57,81.18,776,320,382,1478,71,74,16,789,214,93,23.65,26.29,35.73,21,18,32,1475.21,1096,1095.54,12.56,20.03,20.21,78.03,77.94,75.26,583.59,54.04,52.85,54.43,53.24,572,241,224,1037,53,45,12,606,161,46,18.13,19.66,16.26,13,23,17,1043.1,813,816.28,7.86,9.26,10.02,51.88,52.23,51.6,163.67,166.34,3302,3325
Bryan Rust,46636,1131,33.74,0.48,0.53,0.49,0.5,0.49,0.51,456,105.64,12.56,7.66,23.3,3.56,55.89,42.03,12.06,12.7,12.18,9,4,110,35,43,188,28,15,9,4,20,3,44,54,95,130,4,8,2,101,18,16,90,42,13,3.05,5.38,4.13,5,4,6,190.5,145,147.16,5,1.63,2.43,3.17,11.02,11.13,10.96,1131,144,142,227,618,174,145,187,625,2,3,160912,8,34,18,29,404.74,36.88,35.38,37.35,35.82,417,142,190,749,41,32,13,407,120,32,12.38,15,9.5,9,15,17,755.64,559,565.14,5.81,7.98,8.03,34.66,34.94,34.29,415.2,40.08,37.64,40.65,38.15,442,131,198,771,41,42,11,409,128,36,11.21,16.25,12.62,9,19,13,772.94,573,574.02,6.04,10.39,10.39,35.73,36.03,34.74,142.36,124.08,2617,2610
Adam Clendening,29406,658,15.95,0.58,0.48,0.59,0.48,0.58,0.49,158,38.56,1.35,2.06,10.47,1.23,23.08,18.8,1.3,1.34,1.29,2,7,38,19,31,88,11,2,4,0,10,3,20,18,36,55,7,17,0,22,7,20,56,0,1,1.04,0,0.32,1,0,1,86.47,57,56.02,12,0.45,0.63,0,1.81,1.79,1.72,658,137,35,92,394,99,91,83,385,0,0,82931,17,13,5,27,263.58,22.83,22.1,22.63,21.91,247,125,136,508,23,12,4,280,77,15,8.38,9.15,5.3,9,7,7,501.07,372,367.61,3.89,3.44,3.69,23.03,22.83,22.31,192.97,16.7,16.24,17.12,16.63,189,80,87,356,17,11,5,202,56,11,5.69,7.26,3.76,7,7,3,363.66,269,274.58,2.52,2.91,3.14,16.09,16.39,16.25,63.46,70.05,1255,1368
Charlie Coyle,82174,1721,55.88,0.59,0.53,0.54,0.48,0.55,0.48,426,161.43,19.01,11.85,34.99,4.93,83.55,61.68,18.48,19.12,18.57,26,12,159,57,49,265,56,18,19,6,27,7,59,86,141,198,13,26,114,101,30,34,141,59,16,4.87,7.4,6.74,2,6,10,267.91,216,217.87,12,2.67,4.01,3.68,17.99,18.02,17.77,1721,267,202,291,961,250,235,275,961,114,134,215869,26,42,21,63,737.31,71.81,69.48,72.34,69.97,784,232,365,1381,81,72,15,760,186,70,20.76,22.86,28.19,23,24,34,1396.67,1016,1027.08,12.13,14.64,14.96,68.97,69.35,68.05,598.96,49.75,48.08,49.58,47.91,589,248,320,1157,55,37,9,641,156,40,17.27,19.01,13.47,22,19,14,1144.5,837,828.95,8.3,8.37,8.59,49.46,49.2,48.15,164.42,146.53,3187,3450
Tyler Myers,14657,294,6.45,0.43,0.48,0.44,0.5,0.44,0.49,27,15.92,0.84,1.02,3.94,0.53,9.47,7.18,0.83,0.83,0.81,0,3,16,7,17,40,5,2,1,0,1,2,8,9,14,21,5,13,0,12,6,10,22,1,0,0.73,0.11,0,2,0,0,38.84,23,22.58,9,0.21,0.18,0.11,0.94,0.91,0.91,294,26,52,49,167,32,43,51,168,0,0,25347,13,9,3,21,102.49,9.12,8.89,9,8.77,100,42,53,195,11,11,2,110,23,9,3.64,2.91,2.57,7,1,3,192.75,142,140.69,1.53,2.48,2.48,8.18,8.08,7.99,131.4,12.09,11.2,12.1,11.21,126,58,61,245,7,9,0,141,29,14,3.8,3.39,4.9,3,2,2,246.08,184,184.76,2.44,1.43,1.43,13.11,13.13,12.27,21.86,23.35,388,381
Trevor van Riemsdyk,64062,1392,23.88,0.5,0.49,0.49,0.5,0.5,0.5,243,69.89,4.14,4.35,17.5,2.42,42.93,31.66,3.93,4.22,3.99,5,6,73,30,58,161,16,5,4,1,18,2,35,39,68,98,8,19,0,22,22,35,91,9,3,2.21,1.04,0.89,3,1,1,161.91,103,104.02,30,0.88,0.76,0.89,4.13,4.18,4.07,1392,115,128,210,939,166,161,161,904,0,0,146525,19,9,3,100,509.76,43.49,42.26,43.87,42.59,524,182,260,966,55,32,5,536,135,35,16.32,17.37,9.8,22,27,6,975.44,706,713.02,7.28,6.89,6.68,44.1,44.29,43.66,508.57,43.52,41.55,43.41,41.43,526,181,281,988,42,40,9,545,122,40,15.5,14.44,13.57,15,13,14,979.62,707,700.72,7.08,9.66,10.21,40.4,40.25,39.57,117.22,120.09,2348,2340
Taylor Hall,83448,1629,63.03,0.59,0.4,0.57,0.42,0.57,0.42,173,226.95,26.77,15.81,47.4,7.33,119.79,84.9,26.09,26.7,26.01,22,11,238,64,90,392,53,20,13,4,56,11,81,121,218,282,15,32,8,59,43,44,194,86,22,7.21,10.86,8.7,2,8,10,388.6,302,300.18,10,3.53,2.31,4.72,25.59,25.48,25.13,1629,316,178,313,822,201,236,277,915,8,10,178666,32,50,24,31,816.52,82.77,78.6,82.58,78.4,828,293,324,1445,73,56,15,799,256,66,23.96,31.75,27.06,14,28,31,1434.78,1121,1114.37,12.72,12.66,13.99,81.49,81.16,78.02,601.84,57.9,56.54,58.49,57.11,627,203,247,1077,56,31,9,616,164,50,18.82,19.4,19.68,20,11,25,1092.83,830,840.53,7.8,5.33,7.04,58.65,59.27,58.49,98.66,150.25,2053,2877
Mark Fayne,1900,56,2.3,0.64,0.49,0.56,0.51,0.57,0.5,24,4.61,0.18,0.27,1.44,0.15,2.98,1.99,0.18,0.18,0.17,2,0,4,3,0,7,2,0,1,0,1,0,3,2,4,7,0,0,0,1,0,2,7,0,0,0.18,0,0,0,0,0,7.07,7,7.13,1,0.06,0.53,0,0.24,0.23,0.23,56,6,5,4,41,7,8,5,36,0,0,12944,0,0,0,2,17.91,1.68,1.64,1.68,1.64,18,7,7,32,2,1,1,20,3,2,0.53,0.37,0.78,1,0,1,32.22,25,25.42,0.23,0.53,0.53,1.38,1.37,1.36,13.87,0.96,0.95,0.99,0.99,18,1,6,25,1,0,0,15,4,0,0.4,0.56,0,0,1,0,25.55,19,19.41,0.18,0,0,1.14,1.18,1.18,10.37,10.7,209,200
Matt Puempel,23145,583,8.19,0.52,0.48,0.51,0.49,0.51,0.49,433,44.96,6.26,3.15,9.61,1.51,24.37,18.09,6.13,6.19,6.05,2,1,44,19,17,80,9,6,4,0,12,4,12,25,38,57,4,11,0,28,8,6,37,21,5,1.11,2.43,2.71,2,1,3,78.55,63,62.33,3,0.7,0.58,0.7,6.26,6.2,6.11,583,78,30,96,379,100,76,73,334,0,1,122970,11,17,6,12,182.56,14.28,14,14.11,13.84,179,77,98,354,11,10,0,201,46,9,5.36,5.16,3.76,4,4,3,346.05,256,252.09,2.56,1.52,1.52,15.32,15.12,14.89,173.18,13.02,12.71,13.23,12.91,155,89,96,340,19,7,3,201,31,12,6.21,3.61,3.2,10,4,5,348.35,244,248.77,2.27,1.77,1.77,13.52,13.69,13.43,92.5,100.92,1907,2010
Max McCormick,2839,72,-0.31,0.32,0.45,0.44,0.45,0.38,0.46,82,6.66,0.47,0.43,1.39,0.18,3.85,2.67,0.47,0.45,0.45,0,0,7,2,5,14,0,0,0,0,2,0,3,4,7,9,0,0,15,13,2,0,7,2,0,0.18,0.29,0,0,0,0,13.48,9,8.83,0,0.09,0,0,0.56,0.53,0.53,72,9,4,10,49,5,17,9,41,15,9,22401,0,2,1,1,19.52,1.05,1.04,1.01,1,20,7,23,50,0,1,0,24,3,0,0.67,0.38,0,0,0,0,47.58,27,26.1,0.25,0.04,0.04,1.27,1.22,1.2,31.97,2.27,2.25,2.35,2.32,32,12,19,63,3,3,1,38,5,1,1.25,0.64,0.38,2,0,1,65.11,44,45.46,0.44,0.55,0.55,2.17,2.21,2.18,15.13,18.81,330,411
Kevin Gravel,41602,997,18.6,0.54,0.53,0.56,0.53,0.57,0.53,268,56.36,2,3.3,15.25,1.87,35.21,26.37,1.96,1.99,1.95,3,3,52,32,32,116,7,1,1,1,18,3,30,31,51,83,3,6,0,73,2,24,83,0,1,1.66,0,0.34,0,0,1,114.89,84,83.71,21,0.66,0.04,0.39,2.27,2.27,2.23,997,149,55,121,672,144,154,129,570,0,0,136662,6,12,6,65,363.56,25.92,24.87,26.09,25.01,353,157,178,688,23,30,5,413,79,18,10.86,9.67,5.38,7,9,7,687.64,510,509.58,4.91,5.7,5.49,25.34,25.46,24.88,274.14,21.8,21.35,21.76,21.31,265,112,167,544,20,17,3,288,71,18,7.99,8.03,5.79,7,7,6,540.55,377,376.54,3.5,3.55,3.55,21.75,21.71,21.55,108.98,98.05,2217,1967
Erik Johnson,60945,1351,23.8,0.45,0.47,0.5,0.5,0.49,0.49,102,88.64,4.17,5.84,21.2,2.77,53.24,42.78,3.87,4.12,3.83,7,8,96,34,74,204,17,2,9,0,20,4,49,46,94,128,3,9,0,87,18,23,123,4,3,2.72,0.43,1.03,2,0,0,199.5,130,127.91,13,1.3,2.48,0.43,5.05,5.01,4.8,1351,159,235,205,752,146,123,186,896,0,0,105886,9,15,6,98,494.73,43.05,41.09,42.47,40.54,506,187,259,952,40,50,7,536,117,40,14.6,14.46,14,15,14,11,927.66,693,678.59,7.5,9.04,9.68,40.87,40.36,39.04,514.15,51.94,49.43,52.75,50.2,535,186,242,963,64,53,10,517,148,56,14.03,17.86,20.05,16,25,23,988.1,721,736.16,8.33,11.44,11.58,48.69,49.43,48.18,66.92,75.88,1554,1571
Jason Garrison,77969,1685,12.55,0.42,0.55,0.43,0.55,0.43,0.54,251,101.04,3.51,5.72,27.76,3.43,62.01,48.57,3.44,3.44,3.38,6,2,96,55,42,193,9,1,1,1,28,5,52,64,95,150,7,14,0,93,8,33,148,1,2,2.8,0.09,0.61,0,0,1,190.35,151,149.56,22,1.14,0.28,0.71,3.93,3.89,3.82,1685,162,331,292,900,255,234,251,945,0,0,177209,14,6,3,91,543.75,46.05,44.97,45.84,44.76,540,224,216,980,38,26,6,580,153,31,16.56,18.68,10.8,9,19,10,973.46,764,760.16,7.38,5.71,5.06,48.37,48.19,47.34,713.38,64.9,62.98,65.42,63.48,728,266,317,1311,69,41,10,722,220,52,20.28,26.11,18.51,22,25,22,1320.63,994,1001.78,11.42,10.28,10.57,65.75,66.26,64.91,158.21,128.87,2950,2412
Dougie Hamilton,95665,2131,65.55,0.56,0.45,0.57,0.47,0.57,0.46,306,207.98,9.7,12.46,54.33,6.68,126.28,90.55,9.39,9.78,9.48,17,20,222,78,123,423,50,13,19,1,56,8,89,115,209,287,32,64,0,68,17,52,276,18,6,5.73,1.94,2.02,8,1,4,425.29,300,301.65,32,2.72,6.54,0.97,11.44,11.52,11.24,2131,296,272,384,1179,312,334,345,1140,0,0,199171,64,10,5,94,914.52,83.26,80.72,83.53,81.01,922,356,448,1726,85,70,20,964,229,85,26.28,27.02,29.96,24,27,34,1731.21,1278,1281.75,13.88,18.07,17.8,79.34,79.64,78.32,691.94,64.7,62.6,65.14,63.02,671,299,324,1294,55,37,11,719,197,54,20.46,24.08,20.15,14,24,17,1299.54,970,975.22,9.9,9.14,9.69,64.9,65.35,64.26,132.96,163.94,2723,3086
Micheal Ferland,52736,1291,26.34,0.51,0.48,0.51,0.5,0.49,0.5,743,106.51,11.75,7.53,24.45,3.44,57.02,40.81,11.55,11.84,11.64,6,4,106,39,27,172,25,15,7,2,29,5,40,49,91,130,11,40,3,149,36,38,96,36,13,3.35,4.29,4.11,4,5,6,173.49,145,145.78,17,1.61,1.6,1.67,11.69,11.79,11.69,1291,176,124,218,773,201,196,176,718,3,4,223800,40,44,13,26,419.64,38.99,38.36,39.1,38.48,421,168,227,816,37,30,5,431,123,35,12.82,14.68,11.49,14,11,12,815.73,589,589.25,6.17,5.95,5.82,39.33,39.48,39.03,433.07,38.16,37.19,38.34,37.38,433,168,180,781,34,27,4,455,111,35,12.8,14.03,11.33,9,15,10,778.8,601,601.45,5.85,7.42,7.42,36.58,36.73,36.34,162.99,178.47,3364,3332
Buddy Robinson,1667,49,-0.3,0.43,0.47,0.38,0.44,0.41,0.43,44,4.05,0.43,0.36,0.89,0.13,1.91,1.28,0.42,0.45,0.44,0,0,4,1,0,5,0,0,1,0,2,0,0,2,4,5,1,2,0,9,1,1,2,3,0,0.1,0.33,0,0,0,0,5.33,5,5.27,0,0.07,0.13,0.13,0.38,0.39,0.39,49,6,2,8,33,9,13,4,23,0,0,12733,2,0,0,0,9.22,0.67,0.66,0.69,0.68,9,3,3,15,0,1,0,8,4,0,0.21,0.46,0,0,0,0,15.51,12,12.39,0.14,0.13,0.13,0.68,0.69,0.69,12.1,0.88,0.87,0.85,0.84,10,7,7,24,0,0,0,13,4,0,0.43,0.45,0,0,0,0,23.11,17,16.34,0.18,0,0,1.06,1.03,1.01,9.63,11.02,165,212
Zemgus Girgensons,59218,1366,16.67,0.39,0.49,0.42,0.49,0.42,0.49,622,108.84,10.49,7.38,23.55,3.46,56.42,45.7,10.18,10.54,10.23,8,1,112,35,42,189,16,7,2,1,25,6,45,62,105,140,8,18,273,120,17,16,94,46,7,2.76,5.76,1.97,0,7,0,188.2,147,146.89,10,1.58,0.75,2.51,9.56,9.61,9.52,1366,157,173,239,797,206,203,170,787,273,306,214673,18,38,19,26,408.52,31.09,30.04,31.15,30.11,410,149,178,737,22,30,4,429,105,25,11.2,13.01,6.88,5,14,3,733.17,559,556.22,5.51,6.33,6.76,29.85,29.95,29.42,562.03,49.12,47.17,49.08,47.13,570,214,215,999,46,50,14,596,140,48,16.13,17.22,15.77,16,13,17,1000.34,784,786.43,8.63,12.96,13.47,44.28,44.29,43.32,169.17,174.74,3346,3496
Tanner Pearson,78336,1784,61.89,0.59,0.5,0.6,0.53,0.6,0.53,368,204.93,21.7,14.62,46.74,6.98,106.2,77.77,20.78,21.65,20.74,14,6,187,87,90,364,44,24,18,5,39,10,75,108,163,250,5,13,10,124,25,20,178,73,23,5.19,8.79,7.72,7,12,5,362.11,274,272.25,9,3.31,4.12,6.04,18.97,18.98,18.65,1784,356,179,296,953,272,196,240,1076,10,14,213173,13,43,21,31,819.67,73.74,70.8,73.38,70.47,779,358,398,1535,74,66,13,864,201,72,23.19,24.15,26.4,25,21,28,1522.01,1137,1128.09,12.85,14.7,15.68,70.9,70.56,69.16,547.14,51.76,50.22,52.38,50.8,520,235,253,1008,55,42,10,553,156,46,15.8,18.94,17.02,12,20,23,1019.08,755,763.25,8.04,8.71,9.22,50.59,51.06,50.35,152.82,151.85,3365,3009
Elias Lindholm,78543,1743,50.19,0.59,0.5,0.56,0.5,0.56,0.49,229,162.43,19.53,11.72,36.05,5.27,86.86,60.56,18.66,19.48,18.62,29,5,151,69,52,272,45,11,17,1,31,8,69,84,140,209,8,16,353,99,57,37,132,68,20,4.38,8.25,6.9,4,3,4,271.73,220,219.17,10,2.6,5.61,3.2,18.93,18.9,18.46,1743,324,239,286,894,276,183,285,999,353,282,184561,16,32,15,43,747.28,79.26,75.26,78.93,74.97,696,337,371,1404,67,63,16,729,214,90,21.02,25.48,32.76,21,19,27,1397.85,1033,1029.3,11.8,19.31,19.71,71.35,71.1,69.07,585.6,54.81,52.32,55.44,52.93,556,257,289,1102,57,48,9,593,167,53,17.51,20.24,17.05,24,20,13,1108.78,813,817.67,8.61,8.94,9.15,54.27,54.77,53.76,141.38,139.72,2796,2752
Ryan Kesler,104814,2258,62.65,0.54,0.5,0.51,0.49,0.51,0.49,155,202.85,27.47,16.23,43.29,7.01,108.31,76.68,25.46,27.43,25.44,23,13,186,93,73,352,58,22,17,7,31,13,92,104,164,257,32,73,1029,146,22,39,172,69,38,5.4,8.93,13.13,2,10,10,353.29,279,279.85,12,3.79,4.36,8.01,23.25,23.26,22.55,2258,314,556,383,1005,323,193,358,1384,1029,764,193973,73,53,22,75,963.12,99.41,94.11,99.67,94.38,966,374,424,1764,92,97,22,991,238,111,26.95,30.04,42.4,20,30,42,1776.52,1340,1348.91,16.09,20.92,21.2,94.29,94.55,91.86,907.94,84.46,80.72,84.21,80.51,877,395,414,1686,78,79,14,951,252,69,26.94,30.68,26.84,19,28,31,1670.74,1272,1263.34,15.41,18.26,19.77,80.1,80.02,77.79,126.73,124.49,2815,2973
Tyler Bertuzzi,3825,90,-0.73,0.45,0.47,0.42,0.5,0.39,0.49,79,4.19,0.4,0.28,1.04,0.17,2.95,2.16,0.39,0.41,0.4,0,0,3,4,1,8,0,0,0,0,1,0,1,5,3,7,0,0,1,12,1,3,6,1,0,0.32,0.08,0,0,0,0,8.04,7,7.1,0,0.06,0,0,0.45,0.47,0.46,90,11,11,16,52,15,19,13,43,1,1,22390,0,2,1,0,19.82,1.6,1.59,1.67,1.66,21,8,10,39,1,0,0,21,7,1,0.65,0.75,0.2,0,0,1,39.75,29,29.84,0.26,0,0,1.86,1.93,1.92,30.36,1.94,1.9,1.92,1.88,29,16,9,54,2,2,0,37,6,2,0.95,0.53,0.45,1,1,0,55.35,45,44.89,0.42,0.33,0.33,2.03,2.02,1.98,14.82,16.89,341,341
Alexandre Carrier,1247,33,-0.02,0.58,0.46,0.48,0.45,0.52,0.46,12,0.75,0.01,0.03,0.29,0.03,0.37,0.27,0.01,0.01,0.01,0,0,1,0,0,1,0,0,0,0,1,0,0,0,1,1,0,0,0,0,0,0,1,0,0,0.01,0,0,0,0,0,1.03,1,1.03,0,0.01,0,0,0.02,0.02,0.02,33,2,1,3,27,7,4,3,19,0,0,5953,0,0,0,1,8.5,0.86,0.78,0.89,0.81,7,5,3,15,1,1,1,9,1,2,0.19,0.1,0.57,0,0,1,16.03,12,12.57,0.11,0.29,0.29,0.68,0.71,0.7,8.29,0.63,0.63,0.58,0.58,9,2,5,16,0,0,0,9,0,2,0.16,0,0.47,0,0,0,14.71,11,10.09,0.09,0,0,0.71,0.66,0.66,4.02,4.67,81,99
Justin Faulk,104133,1987,49.27,0.58,0.49,0.57,0.49,0.56,0.48,158,219.57,12.7,13.8,57.13,7.08,133.14,94.16,12.32,12.73,12.35,11,9,225,93,140,458,37,17,20,3,71,11,98,101,208,301,15,32,0,117,53,45,294,13,11,6.92,1.36,4.41,9,3,5,456.62,318,317.43,33,3.09,4.1,2.39,13.4,13.35,12.94,1987,305,204,332,1146,244,228,330,1185,0,0,169951,32,24,12,84,994.37,100.29,95.6,100.3,95.65,969,408,470,1847,77,99,14,1006,255,116,29.19,30.94,40.15,33,15,29,1845.6,1377,1376.64,15.47,23.71,23.69,92.07,92.08,89.43,785.1,72.16,70.05,72.29,70.16,769,322,320,1411,76,60,12,790,244,57,23.33,29.76,19.07,16,44,16,1413.15,1091,1090.28,10.97,10.95,10.95,72.19,72.2,70.94,123.68,128.65,2515,2606
Steve Oleksy,9040,215,2.47,0.56,0.49,0.5,0.48,0.52,0.49,62,11.71,0.39,0.69,3.3,0.38,7.89,5.35,0.38,0.39,0.39,0,1,11,7,9,27,1,0,1,0,3,0,7,7,11,18,9,24,0,20,1,1,18,0,0,0.39,0,0,0,0,0,26.73,18,18.11,1,0.14,0.22,0,0.52,0.53,0.52,215,15,29,21,150,38,38,25,114,0,0,31044,24,14,4,19,80.61,7.26,7.08,7.22,7.03,84,26,38,148,6,7,3,80,25,5,2.58,3.11,1.57,0,4,2,147.19,110,109.31,1.1,1.79,1.79,6.58,6.55,6.47,74.07,5.6,5.48,5.53,5.41,73,30,45,148,5,3,0,81,18,4,2.21,2.02,1.38,2,2,1,147.71,103,102.63,1.07,0.42,0.42,6.25,6.19,6.06,26.12,27.61,498,531
Darnell Nurse,43977,941,16.73,0.48,0.56,0.48,0.52,0.47,0.54,197,76.12,3,4.16,19.44,2.39,43.87,36.14,2.85,3,2.85,2,4,85,24,34,143,11,5,3,0,22,2,37,40,80,104,12,33,0,106,11,33,105,1,3,2.07,0.2,0.73,4,1,0,143.38,109,108.77,30,0.85,0.48,0.53,3.33,3.34,3.28,941,98,120,122,601,142,140,131,528,0,0,111521,33,19,5,53,352.48,33.22,32.19,33.25,32.25,365,119,171,655,31,27,6,349,104,31,9.96,12.35,10.92,9,13,9,661.16,484,486.8,4.84,6.18,5.84,32.23,32.25,31.76,404.38,36.06,34.52,36.28,34.72,426,129,164,719,38,28,10,408,114,33,12.07,13.69,10.3,9,15,14,714.38,555,554.34,6.26,6.49,6.49,35.84,35.98,35.39,110.88,87.46,1835,1676
Jason Demers,94090,1992,24.94,0.46,0.5,0.49,0.53,0.49,0.52,311,100.65,6.29,6.42,23.11,3.73,63.06,47.4,5.88,6.3,5.89,9,10,96,54,46,196,28,9,9,2,30,3,41,58,87,141,21,43,0,105,19,31,134,9,7,2.96,1.05,2.28,5,1,3,194.53,150,148.96,20,1.41,1.55,1.34,6.36,6.34,6.14,1992,216,225,366,1185,220,241,251,1280,0,1,198856,43,25,11,88,735.41,64.83,62.62,65.15,62.93,758,279,302,1339,64,55,12,805,175,57,23.26,21.48,20.09,24,20,20,1344.78,1037,1042.13,10.41,13.28,15.12,60.13,60.44,59.43,766.82,75.5,71.82,75.86,72.17,817,267,289,1373,81,71,11,801,206,77,23.46,23.98,28.05,34,22,25,1380.31,1084,1088.42,11.25,15.47,16.02,70.67,70.93,69.29,155.73,157.25,3215,2901
Seth Helgeson,7273,177,1.32,0.43,0.53,0.45,0.47,0.48,0.49,53,5.36,0.19,0.3,1.45,0.16,3.37,2.52,0.19,0.18,0.18,0,0,3,5,3,11,1,1,0,0,2,0,1,4,2,7,3,15,0,16,0,0,8,0,0,0.19,0,0,1,0,0,10.45,8,7.62,0,0.06,0,0,0.25,0.24,0.24,177,13,18,32,114,13,24,26,114,0,0,25200,15,15,3,11,51.98,4.07,4,3.94,3.87,48,26,16,90,4,3,1,54,18,2,1.7,1.92,0.45,1,2,1,87.79,74,72.42,0.7,0.53,0.53,4.24,4.08,4.03,58.52,5.5,4.95,5.56,5.02,61,20,30,111,4,6,3,66,10,5,1.9,1.34,2.26,1,1,2,113.73,81,82.62,0.72,1.8,1.95,4.27,4.36,4.32,19.13,16.88,319,360
Scott Hartnell,56450,1361,40.65,0.57,0.5,0.56,0.48,0.56,0.48,752,100.87,11.6,7.4,22.15,3.35,54.37,38.12,11.08,11.75,11.22,15,9,104,33,35,172,37,13,8,3,21,3,41,51,91,124,22,53,3,94,17,30,89,36,12,2.83,4.34,4.44,2,6,5,174.62,137,138.68,7,1.59,2.28,3.07,10.13,10.22,10.07,1361,187,133,156,885,244,187,216,714,3,3,227267,53,49,20,40,500.01,47.09,44.75,47.57,45.21,511,175,241,927,48,38,12,502,141,43,14.06,18.11,14.92,13,19,16,937.53,686,693.4,7.54,8.84,8.8,45.83,46.12,44.38,396.88,35.48,34.39,35.42,34.33,392,152,189,733,29,34,3,395,115,34,11.04,13.87,10.57,11,13,5,723.88,544,539.14,5.44,6.22,6.15,34.77,34.69,34.14,176.41,178.45,3402,3655
Patrick Kane,105263,1910,89.58,0.56,0.46,0.58,0.45,0.57,0.45,126,279.8,25.18,19.34,58.86,8.93,159.85,109.83,24.68,25.38,24.87,36,19,292,90,109,491,89,34,12,3,60,13,123,140,258,348,16,32,7,28,49,42,293,71,18,9.59,8.41,7.19,12,12,10,495.91,382,386.38,13,4.33,2,2.1,27.42,27.64,27.19,1910,395,117,347,1051,234,286,350,1040,7,44,193536,32,44,21,15,1005.26,96.61,93.51,97.17,94.06,1039,370,532,1941,118,63,15,1088,238,83,32.38,29.21,35.03,38,34,46,1951.28,1409,1417.51,16.82,12.91,14.28,99.08,99.56,97.31,788.41,77.25,73.36,77.24,73.34,826,254,325,1405,76,82,19,785,209,86,22.35,25.76,29.13,24,22,30,1396.09,1080,1074.66,10.92,19.19,19.47,68.68,68.6,67.45,128.51,152.58,2692,3248
Taylor Leier,5436,138,1.12,0.45,0.45,0.45,0.48,0.41,0.48,111,7.97,0.7,0.55,1.92,0.22,3.74,2.87,0.67,0.72,0.69,0,1,7,3,4,14,2,1,0,1,0,0,4,5,6,9,2,4,0,7,2,0,8,1,1,0.26,0.13,0.31,0,0,1,13.87,10,10.13,0,0.12,0,0.31,0.51,0.5,0.49,138,16,12,27,83,20,21,23,74,0,1,31619,4,4,2,0,30.75,2.39,2.33,2.46,2.4,29,12,21,62,2,1,1,31,8,2,0.86,1.01,0.52,0,1,1,62.35,41,41.52,0.42,0.31,0.31,2.5,2.55,2.52,43.23,2.95,2.9,2.96,2.91,41,19,17,77,3,2,0,47,12,1,1.33,1.42,0.2,0,3,0,77.27,60,60.05,0.55,0.29,0.29,3.21,3.2,3.15,19.8,24.53,476,506
Chris Wagner,24142,619,6.16,0.42,0.56,0.4,0.52,0.4,0.52,421,44.75,4.94,2.73,10.7,1.79,21.38,17.45,4.67,4.96,4.68,1,0,40,19,10,69,7,6,3,2,7,1,16,26,34,53,3,6,62,112,4,13,39,15,5,1.08,2.03,1.83,1,4,1,70.09,59,59.61,5,0.58,0.5,1.71,3.81,3.84,3.78,619,90,52,102,375,81,101,73,364,62,86,132394,6,10,6,24,144.16,11.13,10.58,11.12,10.56,140,59,60,259,10,14,3,158,32,9,3.96,4.15,3.02,1,7,2,261,199,199.49,1.78,2.77,3.05,9.86,9.83,9.65,213.02,15.34,15,15.48,15.13,195,105,95,395,10,12,1,240,50,10,6.53,5.68,3.13,5,3,2,391.58,300,299.49,3.07,1.61,1.61,16.8,16.93,16.77,111.07,89.05,2217,2044
Alexander Burmistrov,39266,834,5.92,0.41,0.45,0.44,0.46,0.42,0.46,355,47.56,4.68,3.07,10.72,1.46,24.95,19.13,4.52,4.66,4.5,8,3,45,19,25,89,16,5,2,3,8,0,16,33,40,59,6,12,178,60,12,14,43,18,3,1.09,2.24,1.35,0,3,2,89.33,64,63.76,8,0.69,1.11,1.66,3.71,3.68,3.63,834,108,84,128,514,121,142,123,448,178,259,138879,12,12,6,19,258.7,22.98,21.88,23.01,21.91,258,98,147,503,25,13,4,269,69,18,6.79,8.44,7.74,8,11,6,500.01,356,353.81,3.75,3.48,3.47,23.27,23.28,22.79,349.83,33.25,31.98,33.28,32.02,349,137,155,641,29,26,5,365,85,36,11.37,10.38,11.51,14,6,9,645.11,486,489.14,5.31,6.31,6.86,31.69,31.67,31.11,98.87,118.91,1989,2308
Joe Morrow,15836,340,3.33,0.49,0.6,0.51,0.59,0.51,0.59,93,20.89,0.72,1.09,5.71,0.79,11.73,9.96,0.72,0.72,0.71,1,0,19,11,9,39,1,0,1,0,5,0,10,14,19,30,5,8,0,29,1,7,28,2,0,0.47,0.24,0,0,0,0,38.69,30,29.86,5,0.22,0.13,0,0.94,0.93,0.92,340,59,22,50,209,44,43,42,211,0,0,46464,8,4,2,19,122.62,8.89,8.67,8.87,8.66,120,54,67,241,4,5,1,141,26,7,3.82,3.26,1.81,1,2,1,239.16,174,172.5,1.58,0.83,0.83,9.64,9.61,9.44,121.16,9.4,9.18,9.46,9.23,124,43,69,236,8,8,1,124,35,8,2.88,4.03,2.5,1,6,1,240.38,167,169.42,1.66,1.63,1.63,9.44,9.53,9.36,43.48,28.57,849,596
Joe Pavelski,91769,1941,75.49,0.6,0.47,0.59,0.48,0.59,0.49,145,234.94,31.4,19.07,49.24,8.73,138.46,92.1,30.16,31.63,30.38,23,16,231,108,79,418,68,29,13,6,59,7,127,104,202,310,15,34,440,130,33,84,207,105,27,7.49,12.71,11.21,6,10,13,423.84,339,343.54,22,4.42,3.11,6.23,29.59,29.82,29.18,1941,368,190,320,1063,243,208,303,1187,440,399,198309,34,42,22,71,901.44,92.83,89.88,93.43,90.44,882,422,498,1802,97,60,14,947,271,86,26.43,32.59,33.83,31,30,36,1817.09,1304,1314.83,15.63,13.77,14.6,93.87,94.42,92.41,650.28,62.8,61.02,62.59,60.89,626,276,368,1270,54,36,5,678,169,55,20.09,20.66,22.05,18,19,17,1260.79,902,897.12,8.89,8.85,9.05,62.58,62.55,61.81,138.92,156.97,2982,3244
Jamie Benn,89507,2085,61.95,0.51,0.46,0.54,0.49,0.55,0.49,147,205.51,23.29,14.88,43.53,6.71,110.38,79.21,21.91,23.19,21.82,26,17,201,77,81,359,69,26,19,3,35,8,91,99,175,252,26,66,212,89,55,55,188,68,22,6.21,8.41,8.67,12,7,7,357.12,278,276.56,18,3.41,4.56,5.66,21.04,20.96,20.27,2085,376,282,369,1058,224,269,331,1261,212,200,190081,66,58,23,47,881.01,93.95,89.46,93.6,89.12,854,381,390,1625,88,77,16,900,241,94,27.03,28.84,38.08,35,20,33,1612.3,1235,1226.22,14.84,18.81,18.99,89.8,89.44,86.55,740.63,88.92,84,89.54,84.66,715,297,359,1371,87,81,19,704,178,130,20.24,22.53,46.15,19,29,39,1386.74,1012,1021.92,11.48,22.46,22.8,77.6,78.27,76.77,133.48,156.34,2983,3163
Christian Fischer,4578,100,1.45,0.32,0.47,0.38,0.44,0.36,0.46,55,7.4,0.49,0.52,1.63,0.22,4.13,3.02,0.49,0.52,0.52,0,0,8,2,3,13,3,3,0,0,1,0,4,2,5,7,0,0,0,8,0,3,7,3,0,0.16,0.33,0,1,2,0,13.54,10,10.48,2,0.11,0,0,0.6,0.64,0.64,100,15,8,18,59,9,20,17,54,0,0,17070,0,0,0,0,23.62,1.63,1.63,1.67,1.67,21,12,16,49,3,0,0,23,9,1,0.43,0.99,0.21,1,2,0,50.26,33,33.99,0.31,0,0,1.94,1.99,1.99,41.23,3.4,3.27,3.31,3.2,40,19,20,79,3,4,1,47,9,3,1.46,1.14,0.8,1,0,2,76.68,59,57.77,0.55,0.92,0.92,3.02,2.97,2.89,13.72,15.61,247,318
Bracken Kearns,1343,31,-0.95,0.24,0.52,0.25,0.44,0.33,0.43,22,3.12,0.15,0.2,0.77,0.1,2.24,1.53,0.15,0.15,0.15,0,0,3,2,0,5,0,0,0,0,1,0,1,3,3,5,1,2,10,5,0,0,5,0,0,0.15,0,0,0,0,0,4.9,5,5,0,0.04,0,0,0.19,0.19,0.19,31,3,2,6,20,2,6,2,21,10,7,5857,2,0,0,2,6.79,0.27,0.27,0.28,0.28,8,2,0,10,0,0,0,10,0,0,0.27,0,0,0,0,0,10.18,10,10.31,0.08,0,0,0.35,0.36,0.36,14.76,0.86,0.83,0.86,0.83,15,5,10,30,1,0,0,16,4,0,0.38,0.47,0,0,1,0,29.96,20,20.06,0.2,0,0,1.05,1.06,1.03,3.99,3.62,80,102
Devante Smith-Pelly,42950,975,2.12,0.38,0.46,0.4,0.48,0.41,0.48,419,75.18,8.03,5.55,15.76,2.24,39.41,29.01,7.88,7.92,7.77,2,3,76,24,11,111,9,4,2,0,20,3,28,43,72,96,6,12,29,94,17,14,67,25,8,2.13,3,2.91,0,4,0,110.42,100,99.52,9,1.21,0.45,2.34,6.91,6.91,6.84,975,95,114,129,637,113,173,112,577,29,42,150609,12,18,8,32,275.96,21.6,21.11,21.53,21.05,279,105,107,491,11,14,1,297,68,19,7.81,7.85,5.93,4,6,1,489.27,384,383.76,4.04,3.94,3.98,21.66,21.66,21.32,396.39,35,33.48,35.07,33.56,389,163,177,729,31,26,6,422,100,30,12.48,11.97,10.55,8,13,10,735.4,552,555.78,5.87,4.86,4.88,35.98,36.05,35.17,102.42,119.37,2076,2235
Sam Reinhart,81609,1592,46.07,0.6,0.41,0.57,0.43,0.58,0.42,392,175.3,23.77,15.12,34.56,5.84,93.08,60.65,22.27,23.7,22.22,23,7,178,55,47,280,47,17,20,4,33,5,87,71,161,216,4,8,86,21,25,27,129,79,25,4.86,9.68,9.23,4,3,10,279.07,233,233.01,10,3.58,6.88,5.75,21.6,21.6,21.03,1592,347,147,269,829,211,228,290,863,86,124,206682,8,26,13,40,845.71,84.63,80.51,84.67,80.57,851,310,342,1503,85,68,18,823,257,81,23.67,30.27,30.69,21,28,36,1501.42,1161,1159.14,14.46,18.27,18.3,80.78,80.81,78.77,605.69,56.28,54.76,56.2,54.7,625,227,287,1139,56,36,11,646,155,51,18.42,18.54,19.32,14,22,20,1139.29,852,851.75,8.25,8.41,8.6,55.92,55.91,55.02,123.33,180.64,2749,3638
Evgeny Kuznetsov,82388,1650,59.47,0.54,0.48,0.57,0.5,0.56,0.5,350,175.83,19.35,12.66,34.21,5.2,90.84,71.73,18.91,19.69,19.24,23,17,167,67,84,318,59,19,10,0,34,6,83,82,148,215,23,46,456,57,43,58,157,64,13,5.61,7.9,5.84,4,10,5,324.39,234,239.07,26,2.75,1.44,2.29,19.82,20.2,20.03,1650,297,141,273,939,280,247,274,849,456,571,212401,46,44,22,18,754.47,72.14,69.49,73.14,70.48,759,287,383,1429,83,52,7,763,226,57,23.88,27.05,21.21,23,39,21,1455.75,1046,1063.51,11.75,10.86,10.65,73.24,74.18,72.63,596.56,60.56,58.19,60.07,57.7,599,229,266,1094,46,45,11,597,165,66,17.63,19.85,23.08,13,14,19,1072.25,828,814.26,8.24,11.97,12.54,56.26,55.65,54.88,155.69,166.24,3180,3237
Josh Jooris,38225,920,7.25,0.34,0.46,0.38,0.47,0.38,0.47,467,64.62,3.88,3.87,15.55,2.05,35.74,28.91,3.82,3.86,3.8,3,5,72,18,22,112,12,4,2,1,18,2,27,37,68,86,8,16,214,48,9,5,76,13,1,2.15,1.47,0.26,1,2,1,111.44,90,89.32,3,0.79,0.61,0.26,4.41,4.37,4.31,920,83,176,149,512,126,142,119,533,214,224,150404,16,22,11,29,247.51,19.03,18.66,18.93,18.57,259,88,109,456,19,17,4,274,62,11,7.44,7.71,3.89,7,7,5,454.25,347,345.02,3.18,3.18,3.18,19.03,18.91,18.67,393.53,37,34.63,37.1,34.75,391,165,194,750,35,39,8,423,102,31,12.8,11.74,12.47,15,7,13,754.93,556,560.07,6.29,8.76,9.3,33.99,34.04,32.41,109.13,130.23,2195,2483
Anders Lee,75759,1649,58.64,0.62,0.44,0.58,0.44,0.59,0.44,447,179.76,25.25,14.8,37.98,6.32,97.65,68.06,24.35,25.47,24.55,11,7,191,60,37,288,52,34,14,5,34,11,81,77,157,217,25,56,7,172,22,26,145,80,26,5.63,9.9,9.72,12,12,10,289.52,251,253.58,9,3.41,4.1,5.3,23.29,23.39,22.75,1649,326,168,259,896,220,223,264,942,7,11,219358,56,36,15,34,770.52,78.89,75.86,79.61,76.55,792,301,351,1444,80,57,13,800,212,81,22.63,26.11,30.15,30,25,25,1452.07,1093,1102.24,12.69,13.09,14.26,77.24,77.88,75.56,555.19,48.28,47.38,48.07,47.15,569,206,279,1054,48,29,5,589,149,37,17.95,18.36,11.98,22,16,10,1049.58,775,769.78,7.64,4.84,5.2,50.72,50.49,49.94,147.67,186.11,3083,3948
Joe Thornton,84437,1811,47.41,0.62,0.47,0.61,0.47,0.61,0.48,256,83.3,9.97,6,18.1,3.31,47.67,31.95,9.73,9.97,9.73,17,25,81,36,28,145,49,7,5,1,13,5,38,49,74,110,14,31,368,52,64,73,80,28,9,2.62,3.36,3.98,3,0,4,145.34,117,117.63,19,1.39,0.55,1.87,9.49,9.51,9.35,1811,383,160,306,962,238,194,253,1126,368,360,198441,31,32,15,30,854.17,87.45,84.9,87.89,85.32,843,392,475,1710,87,57,12,901,252,82,25.42,30.15,31.88,28,26,33,1721.03,1235,1243.08,14.95,12.23,12.82,89.58,89.98,88.23,563.21,52.92,51.32,52.63,51.11,535,245,309,1089,47,28,5,585,151,44,17.67,18.25,17,19,14,14,1082.76,780,775.67,7.6,6.29,6.49,53.97,53.87,53.14,140.12,160.71,2962,3297
Ben Smith,27519,712,0.84,0.32,0.56,0.34,0.55,0.34,0.54,403,31.4,4.1,2.3,6.8,1.29,16.8,12.72,4.04,3.99,3.94,1,1,30,14,12,56,4,2,1,1,9,2,13,17,28,42,2,4,241,29,9,5,24,18,2,1.02,2.17,0.92,0,0,2,55.1,44,43.61,1,0.49,0.21,0.6,3.98,3.92,3.88,712,45,189,123,355,92,103,96,421,241,227,118083,4,6,3,41,158.58,13.25,12.97,13.02,12.74,156,66,75,297,9,7,2,166,47,9,4.97,5.55,2.73,3,2,4,293.88,222,220.47,2.02,1.49,1.49,13.78,13.58,13.38,306.02,28.5,27.29,28.39,27.21,308,119,158,585,30,24,5,338,62,27,9.49,7.19,11.82,13,7,10,586.93,427,428.34,4.83,5.87,6.19,27.14,27.16,26.53,119.81,95.23,2181,1804
Gabriel Carlsson,2055,46,0.68,0.71,0.26,0.55,0.43,0.61,0.39,10,2.54,0.05,0.14,0.71,0.08,1.83,1.19,0.05,0.06,0.05,0,1,3,1,2,6,1,0,0,0,0,0,3,1,3,4,0,0,0,5,0,0,4,0,0,0.05,0,0,0,0,0,5.95,4,3.99,0,0.03,0,0,0.08,0.08,0.08,46,8,5,7,26,2,4,7,33,0,0,5145,0,0,0,2,21.11,2.12,2.06,2.16,2.1,20,8,6,34,2,2,0,21,4,3,0.64,0.56,0.92,1,1,0,33.82,28,27.89,0.28,0.68,0.68,1.73,1.78,1.75,13.52,0.86,0.86,0.85,0.85,13,5,10,28,4,0,0,14,4,0,0.44,0.42,0,3,1,0,28.19,18,18.13,0.15,0,0,1.02,1,1,2.31,6.56,69,92
Danny DeKeyser,107976,2345,9.63,0.41,0.51,0.42,0.52,0.43,0.51,189,84.99,3.24,4.78,22.39,2.75,51.85,40,3.14,3.2,3.1,6,2,85,40,52,177,12,4,5,0,28,4,39,45,81,121,15,33,0,100,16,45,120,3,2,2.45,0.27,0.52,4,0,0,174.7,125,123.06,35,1.01,1.02,0.08,4.17,4.12,3.99,2345,256,390,428,1271,292,242,332,1479,0,0,193138,33,20,10,170,722.44,57.46,55.26,57.2,55.06,725,275,304,1304,59,43,5,773,178,49,20.89,21.63,14.94,24,18,17,1293.55,1000,994.24,10.14,9.76,9.91,57.69,57.55,56.5,961.95,83.77,80.16,84.23,80.6,926,413,447,1786,107,59,18,998,263,78,27.26,32.31,24.19,51,26,30,1797.18,1339,1347.43,15.23,11.52,11.78,87.21,87.57,85.19,148.29,143.98,2982,2762
Chandler Stephenson,2131,46,0.77,0.35,0.48,0.58,0.51,0.54,0.52,46,2.08,0.29,0.16,0.32,0.07,1.18,0.98,0.29,0.3,0.3,0,0,3,0,1,4,0,0,0,0,0,0,1,2,3,3,0,0,12,0,1,0,0,3,0,0,0.29,0,0,0,0,4.43,3,3.26,0,0.03,0,0,0.32,0.34,0.34,46,6,6,4,30,4,5,5,32,12,13,12269,0,0,0,0,17.58,1.19,1.18,1.21,1.2,15,10,7,32,0,0,0,19,6,0,0.51,0.68,0,0,0,0,33.22,25,25.87,0.23,0,0,1.42,1.44,1.44,16.03,2.25,2.24,2.2,2.19,17,4,2,23,1,2,0,14,3,4,0.38,0.36,1.52,0,0,1,22.51,21,20.41,0.27,0.53,0.53,1.99,1.94,1.94,10.79,11.5,198,189
Nicholas Baptiste,7761,190,2.76,0.44,0.52,0.47,0.47,0.44,0.47,151,15.51,1.48,1.08,3.22,0.47,8.33,6.41,1.46,1.47,1.45,0,1,17,4,0,21,4,3,1,0,4,0,6,7,14,18,3,6,1,12,1,1,14,6,1,0.41,0.84,0.23,1,2,0,20.96,21,21.1,0,0.23,0.19,0,1.71,1.7,1.68,190,37,14,27,112,25,31,28,106,1,2,43114,6,0,0,1,56.17,3.96,3.88,3.96,3.88,55,23,29,107,6,2,0,62,15,1,1.72,2,0.23,1,5,0,106.94,78,77.81,0.75,0.22,0.37,4.33,4.3,4.24,70.15,5.12,5.06,5.15,5.1,76,22,21,119,4,2,2,77,18,3,2.2,2.12,0.8,0,2,2,120.38,98,99.19,0.93,0.59,0.59,5.46,5.48,5.43,33.98,31.63,607,676
Stephen Gionta,17483,432,5.5,0.35,0.54,0.41,0.51,0.4,0.51,275,15.13,1.15,1.06,3.32,0.53,7.75,6.2,1.12,1.16,1.14,5,0,17,3,8,28,6,1,1,1,3,1,5,9,16,19,1,2,56,56,5,6,15,4,1,0.5,0.41,0.23,0,0,1,29.1,20,20.78,3,0.23,0.23,0.23,1.14,1.17,1.16,432,43,67,72,250,62,50,65,255,56,64,76329,2,10,5,7,103.86,7.68,7.54,7.71,7.57,115,31,52,198,15,5,3,121,16,9,3.41,1.7,2.56,9,1,5,200.78,146,148.32,1.3,1.11,1.55,7.42,7.49,7.43,159.63,13.96,13.63,14.03,13.69,158,65,66,289,11,7,3,165,48,10,4.6,5.52,3.84,1,5,5,289.64,223,222.88,2.42,2.14,2.14,14.24,14.25,13.99,61.04,51.59,1227,1159
Alexander Petrovic,53361,1055,14.47,0.45,0.54,0.48,0.54,0.49,0.53,206,54.84,2.48,3.09,13.44,1.79,34.53,27.66,2.44,2.48,2.44,5,8,55,28,27,110,14,1,2,0,14,3,20,43,54,82,25,59,0,106,16,27,79,3,1,1.51,0.26,0.71,0,1,0,108.64,83,82.32,21,0.62,0.07,0.05,3.04,3.03,2.98,1055,61,155,148,691,168,131,144,612,0,0,125303,59,39,15,55,428.21,33.48,32.75,33.23,32.52,441,162,152,755,35,34,7,476,99,28,14.45,11.31,7.72,14,12,9,748.26,603,598.11,5.67,5.06,4.97,34.17,33.98,33.56,454.74,40.53,39.13,40.94,39.51,473,161,173,807,40,36,12,465,142,27,14.47,16.78,9.28,12,16,12,809.91,634,635.77,6.87,7.84,7.84,39.56,39.73,38.9,109.88,93.68,2005,1735
Carl Soderberg,63767,1454,12.04,0.45,0.45,0.48,0.49,0.48,0.48,623,123.37,10.32,8.22,28.47,3.93,67.99,52.08,9.97,10.29,9.95,4,4,127,44,39,210,14,6,11,1,30,8,40,76,121,165,11,22,360,32,30,19,138,25,8,4.2,3.34,2.78,2,2,2,204.95,171,168.32,7,1.76,3.27,2.56,9.52,9.46,9.26,1454,195,197,217,845,253,247,218,736,360,333,222582,22,32,16,42,466.62,35.4,33.5,35.13,33.23,469,192,230,891,30,32,3,546,84,31,14.92,10.21,10.27,12,11,7,867.96,661,648.14,6.67,7.01,7.32,34.75,34.47,33.15,512.66,42.88,41.58,43.68,42.35,560,164,239,963,60,41,9,562,126,36,15.48,15.19,12.21,18,29,13,989.38,724,740.64,7.32,8.38,8.38,41.83,42.48,41.64,148.58,184.26,3271,3445
Sean Malone,732,15,0.4,0.5,0.29,0.63,0.41,0.58,0.4,10,0.86,0.12,0.09,0.1,0.02,0.47,0.2,0.12,0.12,0.12,0,0,1,0,1,2,0,0,0,0,1,0,0,0,1,1,0,0,5,0,0,1,0,1,0,0,0.12,0,0,0,0,1.87,1,0.96,0,0.02,0,0,0.14,0.14,0.14,15,2,1,3,9,5,3,0,7,5,3,2868,0,0,0,1,4.86,0.42,0.42,0.42,0.42,6,1,3,10,0,0,0,4,3,0,0.05,0.37,0,0,0,0,9.66,7,6.93,0.06,0,0,0.48,0.49,0.49,3.6,0.43,0.43,0.43,0.43,5,0,1,6,0,0,0,2,3,0,0.04,0.39,0,0,0,0,6.17,5,5.11,0.06,0,0,0.48,0.49,0.49,1.29,3.21,34,49
Jay Beagle,65462,1565,29.23,0.38,0.54,0.39,0.55,0.39,0.55,628,97.53,10.68,6.78,20.28,3.09,48.33,43.83,10.4,10.86,10.59,12,4,100,33,21,154,29,13,7,2,20,3,42,48,87,120,10,20,611,54,11,26,73,52,8,2.55,5.95,2.18,3,9,1,159.11,133,136.27,15,1.45,1.19,1.74,10.4,10.6,10.48,1565,118,405,272,770,222,197,254,892,611,478,225727,20,26,12,44,398.54,36.84,35.83,37.47,36.45,407,153,180,740,42,30,6,407,120,33,11.87,14.5,10.48,12,17,13,758.71,560,571.67,5.55,5.33,5.67,36.73,37.36,36.88,619.15,61.09,58.15,60.53,57.62,591,273,285,1149,48,55,10,638,167,59,18.02,20.91,22.16,9,18,21,1129.58,864,851.25,10.94,12.11,12.11,59.92,59.4,57.7,189.1,162.75,3804,3124
Derek Grant,26938,692,1.38,0.34,0.5,0.35,0.49,0.35,0.49,466,43.34,4.24,2.9,9.63,1.29,22.7,18.25,4.08,4.32,4.16,2,2,40,19,7,66,4,0,1,0,8,0,13,37,40,59,9,24,201,27,10,9,41,14,4,1.27,1.78,1.19,0,0,0,67.37,59,60.19,6,0.62,0.28,0.65,4.21,4.3,4.17,692,68,182,85,357,79,86,94,433,201,183,140908,24,14,4,29,156.27,13.15,12.76,13.22,12.83,153,63,75,291,7,6,0,162,44,10,4.12,5.54,3.49,1,5,1,292.77,216,216.87,2.29,1.14,1.29,14.15,14.19,13.88,288.31,25.02,24.27,24.98,24.24,298,106,135,539,25,25,9,317,67,20,8.48,8.11,8.43,5,10,10,536.19,404,402.87,4.93,6.25,6.76,23.19,23.18,22.69,105.48,105.33,2102,2209
Jason Pominville,66579,1556,54.65,0.58,0.54,0.54,0.48,0.54,0.48,588,170.76,14.46,10.84,39.72,5.89,93.53,70.55,13.93,14.91,14.34,19,15,176,59,71,306,47,13,16,4,38,7,68,93,163,222,2,4,39,44,22,13,185,36,14,5.64,4.17,4.65,5,3,5,313.67,235,240.21,6,2.29,3.25,4.01,12.75,13,12.78,1556,235,143,250,928,214,211,235,896,39,39,217052,4,20,10,38,623.11,55.64,53.32,56.5,54.12,636,231,284,1151,60,65,16,672,135,60,19.76,16.25,19.63,23,14,23,1171.47,867,879.7,9.13,14.99,15.66,49.12,49.74,48.78,526.1,40.46,39.26,40.15,38.96,521,215,233,969,50,34,9,572,131,33,14.85,15.85,9.76,26,13,11,955.45,736,727.53,7.47,6.66,6.77,41.16,40.77,40.03,168.61,145.67,3171,3415
Danton Heinen,6352,129,0.62,0.48,0.5,0.56,0.5,0.52,0.52,68,7.68,0.54,0.49,1.93,0.29,4.4,3.34,0.52,0.54,0.53,0,0,7,4,1,12,0,0,0,0,3,0,2,6,7,11,1,2,0,6,5,2,9,2,0,0.31,0.22,0,0,0,0,11.91,11,11.01,1,0.1,0,0.14,0.5,0.51,0.5,129,22,15,28,64,13,16,16,84,0,0,22448,2,0,0,2,49.72,3.34,3.25,3.32,3.24,46,24,35,105,0,1,0,58,11,1,1.56,1.49,0.29,0,0,0,102.82,70,68.8,0.67,0.29,0.45,3.55,3.52,3.47,46.99,3.63,3.57,3.7,3.64,45,19,18,82,3,4,1,50,11,3,1.48,1.32,0.83,2,1,0,83.99,64,64.73,0.58,0.78,0.78,3.44,3.5,3.49,17.59,17.44,359,354
Nicklas Backstrom,88724,1824,74.11,0.55,0.47,0.57,0.49,0.57,0.49,233,157.61,18.54,11,35.23,5.24,84.59,62.4,17.77,18.64,17.88,31,31,160,57,50,267,85,23,6,5,55,6,58,69,137,194,19,38,678,45,60,54,143,53,21,4.64,6.45,7.45,7,7,9,270.31,217,219.86,23,2.47,1.62,4.24,16.77,16.89,16.33,1824,401,233,355,835,253,243,282,1046,678,642,206065,38,22,11,33,884.25,87.59,84.12,88.17,84.7,852,388,368,1608,102,67,13,926,234,80,28,27.76,31.83,32,33,37,1625.51,1240,1253.24,14.64,13.7,14,88.24,88.84,86.04,669.39,71.32,67.3,70.95,66.93,629,300,298,1227,51,53,6,660,193,76,19.15,23.05,29.12,16,17,18,1203.68,929,915.37,9.79,12.46,12.48,68.63,68.22,65.97,140.24,155.48,3001,3104
Nathan Beaulieu,86490,1742,35.4,0.51,0.51,0.52,0.51,0.52,0.51,291,109.79,4.93,6.76,30.11,3.63,66,47.56,4.85,4.97,4.88,14,10,118,41,76,235,28,4,3,1,33,6,58,55,114,155,15,44,0,65,16,71,146,10,3,3,0.94,0.99,2,0,2,236.64,159,159.97,64,1.49,1.12,0.76,5.66,5.69,5.61,1742,227,182,267,1066,236,312,302,892,0,0,183217,44,35,13,102,738.64,65.64,63.69,66.28,64.32,730,286,394,1410,78,44,7,760,201,55,21.36,25.23,19.05,37,20,21,1423.72,1016,1024.71,10.86,9.19,8.76,67.75,68.29,67.36,685.86,62.77,60.6,62.7,60.53,722,229,368,1319,57,54,10,713,176,62,21.25,21.62,19.9,26,15,16,1316.18,951,950.81,9.85,12.29,12.48,60.12,60.08,59.29,135.25,129.17,2843,2719
Dominic Moore,63672,1524,21.25,0.44,0.59,0.43,0.57,0.43,0.58,682,87.52,10.37,5.77,17.82,2.72,42.15,38.17,9.93,10.34,9.91,7,7,96,21,35,152,25,11,4,4,17,4,36,45,85,106,22,44,357,63,31,26,75,31,11,2.25,3.81,4.3,2,3,6,152.61,117,117.35,10,1.24,0.5,2.41,9.2,9.2,9.1,1524,128,280,197,919,246,213,213,852,357,297,234175,44,28,14,42,438.64,38.52,37.17,38.55,37.18,441,163,206,810,34,32,5,460,105,39,12.02,12.55,13.96,10,12,12,818.96,604,609.05,6.01,6.87,7.03,37.5,37.51,37.11,573.51,48.6,46.72,48.71,46.82,568,237,261,1066,53,31,12,617,144,44,16.65,17.86,14.09,15,19,19,1055.71,805,799.57,9.12,7.91,9.06,48.66,48.76,47.5,215.78,148.22,4204,3124
Anze Kopitar,94694,1877,60.26,0.54,0.52,0.57,0.54,0.57,0.54,89,163.19,18.44,12.39,34.08,5.02,90.44,61.64,17.47,18.43,17.47,22,18,150,72,68,290,52,12,17,2,45,9,71,68,138,210,13,28,892,78,29,37,142,59,21,4.95,7.05,6.43,4,3,5,290.8,222,222.28,12,2.81,4.33,3.11,18.15,18.2,17.7,1877,360,326,363,828,264,187,280,1146,892,801,182115,28,52,26,59,910.92,83.91,80.36,83.71,80.19,864,404,462,1730,73,66,13,948,245,75,27.65,29.87,26.4,22,26,25,1721.13,1268,1262.2,14.92,13.71,14.76,84.08,84.03,81.61,699.03,71.2,68.89,71.96,69.62,683,286,317,1286,72,46,12,710,181,78,20.38,21.62,29.2,20,21,31,1301.81,969,979.27,10.49,11.74,11.74,69.95,70.56,69.02,130.06,121.13,2946,2530
Steven Santini,36670,854,5.15,0.44,0.46,0.43,0.47,0.44,0.47,205,42.41,1.72,2.33,11.93,1.61,24.79,19.63,1.68,1.7,1.66,2,3,46,16,13,75,7,2,1,2,11,1,25,22,44,60,7,14,0,83,1,11,60,0,2,1.19,0,0.52,1,0,1,74.05,62,61.35,10,0.46,0.35,0.42,1.76,1.71,1.67,854,61,74,103,616,99,131,104,520,0,0,101514,14,4,2,35,256.15,20.43,19.67,20.33,19.54,253,98,91,442,16,16,4,269,65,17,7.81,7.73,4.89,5,7,4,436.73,351,348.26,3.24,4.27,4.48,19.18,18.95,18.75,322.54,25.88,24.15,26.48,24.72,318,129,135,582,26,18,4,352,75,20,10.1,8.51,7.27,12,9,5,591.68,447,454.89,4.46,3.2,3.31,27.04,27.54,26.07,72.08,83.76,1350,1534
Brent Burns,120811,2264,95.65,0.54,0.49,0.56,0.47,0.56,0.49,96,323.99,16.09,20.32,85,10.66,200.93,141.01,15.7,16.15,15.77,27,20,316,158,290,764,76,29,21,1,72,14,163,175,287,445,20,40,0,68,53,152,428,37,9,8.51,4.4,3.18,16,9,4,767.96,474,476.92,102,4.54,5.9,1.42,19.2,19.28,18.87,2264,384,227,345,1308,244,285,406,1329,0,0,172867,40,24,11,139,1195.41,119.87,116.25,120.21,116.59,1163,566,642,2371,121,83,19,1256,361,112,36.46,43.94,39.46,42,41,38,2389.02,1729,1741.57,19.99,18.52,19.81,120.05,120.43,118.16,962.94,102.16,98.68,101.74,98.33,923,415,504,1842,80,68,13,951,288,99,27.98,35.46,38.71,23,21,36,1824.21,1338,1327.74,14.49,14.94,15.85,100.8,100.44,98.6,113.97,118.94,2458,2719
Dwight King,69152,1517,21.37,0.44,0.54,0.48,0.56,0.48,0.56,541,109.07,10.17,7.33,24.51,3.51,57.45,46.03,9.98,10.11,9.92,4,3,110,39,27,176,16,9,6,1,20,6,52,56,101,140,6,12,4,120,15,18,102,38,9,3.09,4.65,2.43,3,4,2,175.22,149,147.94,11,1.56,1.32,1.56,10.17,10.09,9.99,1517,199,170,226,922,218,225,207,867,4,12,222239,12,6,3,28,502.68,39.39,37.71,39.56,37.86,508,195,259,962,33,44,5,556,113,34,15.12,13.73,10.54,16,9,8,961.33,703,701.07,6.77,9.9,9.88,36.28,36.37,35.88,554.05,49.67,47.81,49.9,48.02,546,213,298,1057,40,35,9,564,155,40,16.69,19.1,13.89,12,15,13,1062.24,759,764.18,8.09,8.25,7.86,49.9,50.04,49.22,179.28,149.84,3873,3019
Brock Nelson,76050,1730,36.73,0.5,0.49,0.49,0.47,0.49,0.48,445,157.04,16.45,12.13,33.48,4.88,87.46,60.61,16.08,16.68,16.3,14,11,173,42,90,305,45,20,12,2,45,8,67,63,153,195,17,36,346,50,43,43,144,59,12,5.38,7.33,3.74,12,4,4,305.89,215,216.81,17,2.71,2.52,1.72,17.44,17.61,17.39,1730,235,198,247,1050,281,233,261,955,346,445,219033,36,50,24,48,596.94,57.82,56.56,58.1,56.83,615,226,316,1157,63,35,8,635,155,51,18.7,18.62,20.51,25,13,25,1160.13,841,844.66,9.38,7.1,7.12,60.09,60.33,59.53,626.11,58,55.83,58.04,55.88,640,243,340,1223,64,33,9,680,149,54,20.56,17.92,19.52,28,14,22,1219.54,883,879,8.94,8.04,8.32,58.61,58.62,57.02,168.93,174.71,3353,3760
Patrick Wiercioch,56230,1267,7.2,0.41,0.45,0.46,0.48,0.45,0.49,269,58.06,2.47,3.59,15.64,1.9,35.28,26.12,2.41,2.44,2.37,3,5,62,23,51,136,12,4,3,0,17,3,24,34,58,81,10,23,0,52,6,14,82,2,1,1.91,0.27,0.29,4,0,0,131.7,85,83.07,13,0.76,0.68,0.1,3.13,3.09,3,1267,145,137,140,845,165,208,165,729,0,0,146494,23,15,6,56,399.58,29.24,28.79,29.08,28.62,403,160,198,761,21,18,2,477,68,18,13.7,8.34,7.2,12,5,4,741.45,563,553.76,5.65,2.9,3.15,31.74,31.5,31.16,493.06,41.44,39.9,42.15,40.56,515,179,186,880,41,44,6,524,135,35,14.42,16.41,10.63,19,14,8,904.95,694,710.64,7.26,8.63,9.43,39.28,39.89,39.13,100.09,121.27,2180,2322
Ben Lovejoy,102209,2241,0.95,0.37,0.5,0.37,0.52,0.38,0.51,226,76.5,3.31,4.25,19.66,2.72,45.45,37.61,3.26,3.25,3.21,4,2,84,29,37,150,7,1,1,0,26,2,34,49,83,112,19,39,0,82,18,40,106,6,1,2.16,0.75,0.4,1,0,0,147.74,113,111.6,33,0.84,0.05,0.46,3.69,3.64,3.6,2241,135,463,344,1299,264,256,291,1430,0,0,197047,39,15,6,150,620.15,52.99,52.2,52.71,51.93,645,213,229,1087,39,26,7,631,190,37,18.87,22.11,12.02,9,15,15,1077.28,858,851.9,8.16,6.18,6.83,54.31,54.04,53.64,990.33,90.85,87.41,90.67,87.27,980,394,442,1816,80,57,13,1040,256,78,31.23,30.59,29.03,22,27,31,1826.35,1374,1378.78,15.24,12.75,14.43,91.67,91.75,89.45,153.44,151.56,2955,2730
David Desharnais,36628,860,14.03,0.48,0.51,0.51,0.49,0.5,0.5,445,42,5.37,3.17,8.93,1.35,20.25,15.93,5.19,5.35,5.17,3,5,46,9,17,72,14,6,3,3,13,0,12,21,40,49,6,12,170,5,21,12,30,18,7,0.93,2.17,2.27,1,2,3,72.92,55,55.25,5,0.68,0.74,1.81,4.24,4.22,4.2,860,147,75,137,501,129,143,119,469,170,162,141912,12,10,5,15,269.56,22.25,21.65,22.26,21.67,290,90,164,544,26,19,5,296,68,16,8.45,8.58,5.22,12,6,8,550.22,380,383.57,3.88,4.35,4.35,21.78,21.78,21.46,270.8,24.3,23.16,24.42,23.27,282,91,143,516,18,25,5,282,65,26,8.32,8.2,7.78,6,7,5,512.04,373,372.09,3.74,6.33,6.34,21.7,21.71,21.43,123.97,117.09,2275,2380
Brock McGinn,41031,1017,17.68,0.46,0.56,0.48,0.53,0.47,0.53,529,75.71,9.41,5.5,17.01,2.33,38.22,28.53,8.98,9.43,9,6,3,74,27,41,142,16,7,7,2,12,3,38,34,67,94,3,6,1,91,29,14,59,29,13,2.07,3.73,3.61,0,4,3,143.24,101,102,5,1.17,1.85,2.58,8,8.06,7.88,1017,139,130,177,571,171,126,154,566,1,3,167358,6,32,16,22,302.27,27.15,26,27.19,26.04,294,125,188,607,23,29,4,313,79,27,9.49,9.51,8.14,7,9,7,606.92,419,418.75,4.16,6.25,6.25,25.06,25.13,24.65,342.72,31.68,30.34,32.31,30.92,336,138,184,658,38,34,11,338,104,32,10.05,12.82,8.81,14,15,9,665.72,474,479.23,4.97,6.16,6.16,30.49,30.88,30.06,153.26,120.52,2734,2408
Jared McCann,20245,465,9.72,0.51,0.48,0.54,0.5,0.55,0.5,275,42.14,2.77,2.83,9.97,1.62,25.73,17.08,2.74,2.8,2.76,6,0,44,16,18,78,7,1,3,0,11,2,20,23,43,59,2,4,41,28,8,8,47,11,2,1.16,1.1,0.51,0,1,0,78,60,60.51,3,0.61,1.03,0.32,3.07,3.09,3.05,465,74,26,71,294,66,66,56,277,41,64,85587,4,16,8,6,173.48,12.73,12.54,12.78,12.59,176,72,79,327,13,9,4,202,40,6,5.34,4.51,2.87,6,4,3,326.73,248,249.19,2.32,2.93,2.93,12.11,12.17,12.04,142.96,12.04,11.64,11.91,11.52,150,49,79,278,12,11,3,149,43,7,4.29,5.11,2.64,6,6,0,276.53,199,198.29,1.88,2.35,2.56,11.35,11.24,11.12,60.37,65.05,1266,1244
Teddy Purcell,9282,215,0.83,0.32,0.51,0.48,0.52,0.46,0.53,103,9.81,0.51,0.52,2.44,0.32,5.09,4.11,0.49,0.53,0.5,1,1,10,3,7,20,2,0,1,0,2,0,6,4,10,13,0,0,3,7,2,3,11,2,0,0.34,0.17,0,0,0,0,20.41,13,13.45,2,0.11,0.03,0,0.62,0.64,0.61,215,29,18,41,127,38,25,22,130,3,0,34375,0,0,0,2,68.94,3.63,3.56,3.71,3.63,69,28,33,130,4,3,0,86,10,1,2.18,1.22,0.23,4,0,0,133.17,97,98.93,0.96,0.07,0.07,4.52,4.61,4.52,81.97,7.62,7.45,7.58,7.4,76,36,30,142,4,10,1,81,24,7,2.47,3.09,2.06,2,1,1,141.85,112,111.97,1.13,1.94,1.94,6.81,6.78,6.69,23.72,22.63,546,500
Cal O'Reilly,3696,83,-0.62,0.45,0.54,0.43,0.5,0.44,0.5,102,1.19,0.26,0.1,0.23,0.06,0.79,0.56,0.26,0.27,0.27,1,0,2,0,1,3,1,0,1,0,0,0,0,1,2,2,0,0,24,2,1,2,0,2,0,0,0.26,0,0,0,0,3.11,2,2.06,2,0.02,0.17,0,0.28,0.29,0.29,83,9,7,9,58,9,12,14,48,24,21,29541,0,2,1,3,23.93,2.08,2.04,2.09,2.05,26,8,11,45,1,1,0,23,10,1,0.56,1.28,0.23,1,0,0,44.7,34,33.53,0.34,0.17,0.17,2.25,2.26,2.25,30.6,2.58,2.51,2.58,2.5,35,8,17,60,7,4,1,30,11,2,0.89,1.24,0.46,3,3,1,61,43,43.54,0.42,0.55,0.55,2.45,2.44,2.38,26.94,22.85,497,501
Kevin Hayes,74582,1775,32.79,0.49,0.52,0.45,0.5,0.46,0.51,363,135.05,13.46,9.2,27.52,4.2,69.81,57.81,13.13,13.83,13.48,18,14,141,41,61,243,49,17,9,1,22,3,51,80,124,165,8,16,439,40,53,64,125,45,12,3.89,5.24,4.32,6,5,6,246.41,182,184.8,23,1.99,1.96,1.29,14.16,14.56,14.37,1775,217,273,273,1012,258,220,333,964,439,518,198136,16,20,9,28,559.26,60.14,57.65,60.88,58.37,539,234,250,1023,72,29,10,552,159,62,15.93,19.6,24.6,21,18,33,1028.76,773,777.35,8.34,7.25,7.62,60.86,61.63,59.54,651.03,63.17,61.08,62.95,60.88,653,251,324,1228,66,48,11,665,184,55,19.22,23.2,20.74,18,26,22,1220.59,904,900.45,9.68,11.64,11.59,61.27,61.06,59.75,152.3,137.82,3094,3035
Erik Burgdoerfer,1340,34,0,0.68,0.46,0.5,0.44,0.58,0.42,12,2.18,0.04,0.09,0.82,0.07,1.16,0.82,0.04,0.03,0.03,0,0,2,1,0,3,0,0,0,0,1,0,0,2,2,3,0,0,0,5,0,1,3,0,0,0.04,0,0,0,0,0,2.85,3,2.86,1,0.02,0,0,0.06,0.05,0.05,34,6,6,6,16,6,3,8,17,0,0,6075,0,0,0,0,14.3,1.23,1.21,1.27,1.26,11,8,2,21,0,0,0,15,2,2,0.37,0.3,0.55,0,0,0,22.03,19,19.78,0.2,0,0,1.43,1.48,1.46,9.27,0.58,0.58,0.56,0.56,9,5,7,21,1,0,0,11,3,0,0.27,0.32,0,0,1,0,20.26,14,13.47,0.12,0,0,0.7,0.68,0.67,4.63,5.52,84,109
Brett Lernout,2279,45,0.28,0.56,0.59,0.51,0.6,0.51,0.55,8,2.81,0.04,0.12,0.65,0.08,1.54,1.58,0.04,0.04,0.04,0,0,3,1,0,4,0,0,1,0,1,1,1,0,3,4,0,0,0,8,0,0,4,0,0,0.04,0,0,0,0,0,3.8,4,3.8,0,0.02,0.19,0,0.06,0.06,0.06,45,5,2,5,33,10,4,7,24,0,0,5023,0,0,0,3,15.96,1.5,1.45,1.5,1.45,18,3,5,26,1,2,0,14,6,1,0.3,0.86,0.34,0,1,0,25.41,21,20.37,0.23,0.53,0.34,1.39,1.37,1.36,13.36,1.16,1.14,1.22,1.19,14,6,5,25,2,1,1,17,2,1,0.58,0.23,0.35,1,0,1,25.57,20,20.64,0.19,0.35,0.35,1,1.03,1.03,3.93,2.69,81,54
Jonathan Huberdeau,33330,697,28.09,0.62,0.44,0.61,0.47,0.61,0.47,122,82.63,9.71,6.15,16.29,2.54,45.67,30.66,9.39,9.75,9.42,9,7,86,25,25,136,26,10,6,1,22,4,22,47,76,101,5,13,4,18,15,24,69,30,12,2.84,3.28,3.59,3,3,4,136.76,111,111.16,5,1.41,1.36,1.26,9.86,9.88,9.55,697,164,67,126,340,101,93,133,370,4,5,79268,13,15,6,7,373.7,41.29,38.58,41.27,38.55,382,136,132,650,36,30,6,361,116,41,11.77,13.12,16.41,11,16,9,647.35,518,515.89,6.2,6.98,7.9,39.59,39.54,37.21,241.11,25.58,25.06,25.96,25.43,256,81,72,409,27,20,6,239,70,28,7.57,8.22,9.79,6,9,12,416.29,337,342.58,3.39,4.61,4.61,24.36,24.72,24.52,50.62,65.22,1095,1239
James van Riemsdyk,78179,1771,66.42,0.6,0.47,0.58,0.47,0.56,0.47,534,232.2,27.84,16.93,50.09,7.77,125.51,88.86,26.87,27.93,26.96,17,16,238,79,74,391,62,29,14,4,70,5,81,118,209,288,17,37,1,62,37,23,201,90,26,7.08,10.94,9.82,6,13,10,392.03,317,318.12,6,3.87,4.48,5.83,25.88,25.92,25.46,1771,430,185,267,889,274,234,299,964,1,4,221322,37,44,19,29,829.83,83.97,79.43,84.32,79.77,811,350,380,1541,88,51,17,829,262,70,24.72,31.47,27.78,23,35,30,1546.34,1161,1166.29,13.34,16.05,17.93,79.38,79.67,77.41,656.63,57.07,54.69,57.08,54.69,635,277,215,1127,60,32,11,702,163,47,20.33,20.01,16.73,21,19,20,1119.95,912,906.95,8.45,8.73,9.18,56.35,56.35,54.86,183.66,203.39,3448,3841
Luke Gazdic,4707,113,-1.78,0.34,0.42,0.31,0.44,0.32,0.44,132,3.06,0.61,0.23,0.66,0.1,1.42,0.98,0.6,0.62,0.61,0,0,3,1,1,5,0,0,0,0,0,0,1,3,3,4,3,12,0,16,1,0,1,2,1,0.06,0.25,0.3,0,0,0,5.34,4,4.15,0,0.05,0,0.3,0.36,0.37,0.37,113,6,14,25,68,16,20,15,62,0,0,35491,12,14,4,6,18.49,1.5,1.48,1.5,1.48,23,3,7,33,0,1,0,20,5,1,0.66,0.54,0.3,0,0,0,33.29,26,26,0.24,0.3,0.3,1.45,1.45,1.43,39.56,2.95,2.88,2.95,2.89,40,15,20,75,2,1,1,41,14,0,1.31,1.63,0,1,1,0,76.23,55,55.98,0.52,0.07,0.17,3.29,3.29,3.23,23.12,31.57,444,556
Adam Henrique,89407,1928,34.96,0.46,0.46,0.47,0.47,0.47,0.47,276,142.27,17.81,11.1,27.42,4.43,73.2,56.05,17.29,17.79,17.28,13,7,142,48,53,243,40,20,11,2,29,5,63,62,122,170,15,28,585,88,45,28,103,73,14,3.86,9.26,4.69,3,9,8,242.39,190,189.62,14,2.54,2.75,2.65,17.71,17.74,17.41,1928,253,341,273,1061,230,272,317,1109,585,629,209849,28,38,18,68,689.36,68.09,65.03,67.97,64.93,686,267,303,1256,63,45,17,683,212,58,19.46,25.59,23.03,13,23,27,1248.06,953,947.92,10.95,12.68,13.7,65.34,65.22,62.74,793.7,79.1,77,79.44,77.35,787,309,315,1411,83,42,15,786,239,71,23.13,29.06,26.92,24,28,31,1420.39,1096,1102.64,12.16,8.91,9.11,82.16,82.53,81.16,138.35,163.32,2786,3135
Michael Stone,74739,1676,8.69,0.43,0.47,0.43,0.49,0.43,0.48,219,84.75,2.65,4.96,22.66,2.88,52.98,39.87,2.57,2.62,2.54,6,6,81,45,59,185,15,3,5,1,23,3,41,51,78,123,16,32,1,124,5,25,124,2,0,2.37,0.28,0,2,1,0,183,126,124.67,21,1.06,0.8,0.13,3.59,3.56,3.45,1676,181,269,258,968,172,283,234,987,1,0,155034,32,12,6,139,523.13,48.6,46.81,48.68,46.9,509,218,263,990,46,37,6,530,159,38,14.42,19.4,14.78,17,17,12,984.99,727,723.67,7.61,7.96,7.96,48.27,48.37,47.52,697.97,64.42,62.37,64.36,62.31,690,284,344,1318,53,38,5,737,172,65,21.86,21.04,21.52,18,18,17,1318.24,974,974.17,10.69,7.85,8.48,66.63,66.57,65.39,109.29,125.37,2406,2491
Rene Bourque,53527,1212,14.05,0.49,0.42,0.52,0.47,0.51,0.46,497,111.09,9.33,8.26,24.97,3.71,64.67,44.06,8.85,9.18,8.71,3,3,110,45,37,192,17,11,9,0,18,8,39,70,99,144,20,46,0,74,24,12,115,31,9,3.46,3.67,2.21,4,7,0,187.64,155,151.72,5,1.8,1.09,2.38,8.76,8.62,8.48,1212,209,134,196,673,181,199,167,665,0,5,178412,46,21,9,25,444.83,32.66,31.26,32.18,30.81,449,179,216,844,29,36,3,509,95,24,13.99,11.46,7.22,12,14,3,819.67,628,613.86,6.85,6.48,6.51,33.01,32.51,31.95,420.68,33.93,32.69,34.91,33.64,443,154,186,783,48,38,8,470,96,31,12.46,11.91,9.56,21,19,8,813.45,597,615.52,5.72,7.42,7.76,31.9,32.77,32.33,112.15,152.35,2560,2843
Matt Lorito,1732,37,0.65,0.47,0.41,0.44,0.49,0.44,0.53,18,5.03,0.5,0.36,1.17,0.18,2.74,2.05,0.5,0.49,0.49,0,1,6,1,1,8,1,0,0,0,2,0,0,5,6,7,0,0,0,0,1,0,6,0,1,0.28,0,0.22,0,0,0,8.14,7,6.96,0,0.08,0,0,0.57,0.57,0.57,37,7,4,3,23,4,7,6,20,0,0,5570,0,0,0,0,10.27,1.03,1.03,1.03,1.03,13,1,3,17,2,0,0,10,3,1,0.5,0.32,0.22,1,1,0,17.41,14,14.11,0.15,0,0,1.19,1.18,1.18,13.65,1.16,1.12,1.18,1.14,11,7,4,22,1,1,0,12,5,1,0.22,0.69,0.25,1,0,0,21.44,18,17.81,0.19,0.25,0.25,1.1,1.13,1.12,3.4,4.82,73,76
Drew Doughty,133550,2657,64.83,0.53,0.52,0.56,0.53,0.55,0.54,84,167.06,9.08,10.97,40.17,5.5,104.9,74.37,8.9,9.04,8.86,16,16,181,64,120,365,44,12,18,0,48,6,79,82,169,233,23,46,1,129,24,86,220,21,4,5.12,2.38,1.58,9,1,2,361.64,245,243.81,68,2.56,5.39,0.39,11.25,11.22,11,2657,399,425,539,1294,318,313,406,1620,1,0,165159,46,30,15,109,1208.68,111.9,106.9,111.48,106.51,1188,489,643,2320,99,106,20,1245,319,113,34,38.97,38.94,31,33,35,2299.04,1677,1663.1,19.15,24.3,25.73,105.33,104.98,102.53,999.55,101.03,97.53,101.88,98.34,949,431,411,1791,79,73,13,997,284,99,29.39,35,36.65,20,25,34,1808.14,1380,1393.6,15.52,17.09,17.46,99.09,99.78,97.74,118.44,108.57,2691,2348
Jacob Josefson,27924,642,8.01,0.49,0.48,0.49,0.48,0.5,0.48,353,51.47,4.93,3.59,11.04,1.61,29.75,21.08,4.71,4.96,4.72,3,6,44,28,12,84,10,1,4,0,15,3,13,36,43,71,8,16,162,31,7,9,49,20,3,1.71,2.25,0.98,0,1,0,83.41,72,71.69,2,0.76,1.49,0.98,4.72,4.67,4.59,642,72,70,86,414,68,98,67,409,162,151,110626,16,10,4,12,226.13,19.34,18.36,19.26,18.27,213,105,85,403,18,16,5,237,65,16,6.85,7.62,4.88,6,8,4,400.31,318,316.46,3.37,3.43,3.72,18.99,18.87,18.24,229.62,20,19.49,20.26,19.74,231,86,95,412,20,15,5,232,72,13,7.35,8.88,3.76,7,8,5,415.85,317,320.31,3.24,3.13,3.32,19.92,20.22,19.98,80.66,88.54,1585,1694
Karl Stollery,11166,245,1.82,0.6,0.42,0.53,0.43,0.55,0.44,53,10.8,0.39,0.71,2.74,0.34,6.92,4.89,0.39,0.38,0.37,0,3,11,5,7,23,3,0,0,0,2,0,6,8,11,16,5,13,0,26,3,6,15,1,0,0.26,0.13,0,0,0,0,22.78,16,15.78,3,0.16,0,0.01,0.54,0.52,0.51,245,40,16,36,153,25,37,36,147,0,0,28632,13,8,4,16,92.98,9.39,9.02,9.51,9.11,91,36,36,163,8,12,3,87,29,11,2.35,3.33,3.71,1,2,5,163.72,127,127.84,1.53,2.35,2.35,8.57,8.61,8.43,74.05,6.38,6.28,6.59,6.48,75,29,40,144,10,6,1,83,17,4,2.53,2.08,1.78,5,3,2,144.6,104,106,1,1.33,1.08,6.3,6.44,6.4,17.06,23.31,342,453
Kenny Agostino,5366,117,4.63,0.61,0.49,0.6,0.42,0.62,0.45,56,17.08,1.05,1.07,3.83,0.53,9.53,8,1.04,1.11,1.1,2,0,17,7,2,26,3,1,2,0,3,1,3,14,16,23,1,2,0,9,1,4,20,3,1,0.4,0.41,0.24,0,1,0,27.22,24,25.12,3,0.22,1.11,0.01,1.26,1.34,1.32,117,15,5,12,85,16,16,20,65,0,0,19854,2,2,1,3,56.19,5.27,5.13,5.54,5.39,58,20,18,96,4,6,2,57,17,4,1.38,2.13,1.76,1,1,2,101.18,78,82.13,0.79,1.77,1.8,4.26,4.53,4.42,34.89,3.33,3.19,3.16,3.03,34,14,17,65,3,4,0,35,8,5,0.88,0.86,1.59,1,1,1,61.99,48,45.79,0.43,1.04,1.29,2.47,2.34,2.28,12.26,12.87,247,341
Anton Lander,12902,351,3.32,0.35,0.54,0.4,0.55,0.41,0.55,237,11.56,0.77,0.66,3.08,0.41,6.17,5.93,0.76,0.78,0.77,1,2,12,5,4,21,4,1,0,0,6,0,7,3,11,16,3,6,79,28,8,4,16,1,0,0.62,0.15,0,0,1,0,20.28,17,16.56,4,0.14,0,0.08,0.83,0.84,0.84,351,28,96,35,192,46,38,48,219,79,62,67149,6,0,0,7,78.55,6.05,5.93,5.99,5.87,89,19,31,139,9,3,1,83,20,5,2.26,2.56,1.23,3,5,1,136.98,108,106.53,1,0.36,0.36,6.69,6.63,6.55,113.54,11.44,10.65,11.5,10.71,110,47,54,211,11,7,2,118,24,15,3.26,2.74,5.44,5,0,6,211.95,157,157.22,1.98,1.66,1.67,11.75,11.77,11,61,51.73,1158,934
Phillip Danault,76662,1799,51.92,0.51,0.51,0.54,0.5,0.53,0.51,476,131.03,13.58,9.68,28.68,4.13,68.08,51.84,13,13.77,13.19,15,12,133,43,50,226,40,13,10,4,28,4,54,67,120,163,16,35,533,76,49,36,114,51,11,3.99,6.49,3.1,1,8,4,228.6,176,178.55,22,2.05,1.72,2.65,12.98,13.15,12.97,1799,243,282,311,963,272,255,273,999,533,498,222580,35,19,8,52,682.57,56.43,54.72,56.79,55.07,676,268,387,1331,53,45,7,726,167,51,20.13,20.96,15.34,18,18,17,1337.52,944,949.46,9.85,9.06,9.06,57.23,57.52,56.77,592.4,54.33,52.57,54.32,52.54,597,224,315,1136,55,37,8,616,156,49,18.19,19.52,16.62,24,18,13,1134.6,821,821.5,8.89,8.85,9.2,54.02,54.08,53.18,165.49,160.92,3404,3348
Chris Wideman,63657,1597,28.13,0.56,0.49,0.56,0.46,0.56,0.47,390,111.85,5.69,6,29.75,3.76,64.99,49.81,5.55,5.7,5.56,8,4,123,37,89,249,17,5,7,0,29,2,50,67,118,155,21,46,0,68,14,35,152,3,5,3.03,0.43,2.22,4,0,1,248.36,160,159.52,22,1.3,1.08,0.43,6.56,6.55,6.44,1597,264,124,214,995,242,246,194,915,0,0,214080,46,34,13,68,551.26,44.52,43.25,44.64,43.37,571,197,308,1076,41,44,5,603,127,38,16.15,15.74,12.64,17,14,10,1079.16,768,770.96,7.91,8.01,8.08,44.35,44.52,43.83,438.64,35.01,34.32,35.13,34.42,424,189,241,854,26,29,2,484,98,31,14.1,12.06,8.85,12,7,7,859.26,613,617.29,5.88,5.71,5.71,35.19,35.2,34.87,158.07,164.94,3159,3658
Jordan Schroeder,21710,483,8.96,0.49,0.54,0.43,0.5,0.45,0.5,396,35.79,2.97,2.41,8.22,1.11,19.6,14.69,2.94,2.98,2.95,4,3,37,12,6,55,13,6,1,0,11,2,12,17,31,43,0,0,19,29,11,5,37,10,2,1.25,1.15,0.57,5,1,0,56.16,49,49.85,4,0.5,0.32,0.23,3.24,3.27,3.23,483,84,20,82,297,65,78,65,275,19,21,112569,0,8,4,15,159.61,12.99,12.69,13.11,12.82,161,61,59,281,15,8,0,172,41,9,5.41,4.92,2.66,8,5,2,284.79,222,224.02,2.16,1.47,1.47,13.68,13.82,13.66,193.33,13.42,13.12,13.29,12.99,200,69,105,374,10,14,1,218,40,11,5.96,4.63,2.82,4,5,1,368.87,269,265.6,2.54,2.37,2.37,13.59,13.53,13.35,90.06,75.5,1753,1754
Mark Jankowski,618,13,-0.03,0.38,0.49,0.47,0.48,0.46,0.46,10,0,0,0,0,0,0,0,0,0,0,0,0,0,0,0,0,0,0,0,0,0,0,0,0,0,0,0,0,5,1,1,0,0,0,0,0,0,0,0,0,0,0,0,0,0,0,0,0,0,0,0,13,1,0,3,9,1,2,1,9,5,3,3095,0,0,0,0,4,0.11,0.11,0.11,0.11,5,1,2,8,0,0,0,6,0,0,0.11,0,0,0,0,0,8.03,6,5.98,0.04,0,0,0.15,0.16,0.15,4.77,0.18,0.18,0.18,0.18,5,2,2,9,0,0,0,7,0,0,0.18,0,0,0,0,0,9.12,7,7.2,0.06,0,0,0.24,0.24,0.24,1.83,1.92,42,45
Mike Vecchione,1020,21,0.21,0.64,0.62,0.55,0.57,0.5,0.57,24,0.8,0.1,0.05,0.14,0.03,0.4,0.29,0.1,0.1,0.1,0,0,1,0,1,2,0,0,0,0,0,0,0,1,1,1,0,0,8,1,0,1,0,1,0,0,0.1,0,0,0,0,1.95,1,1.03,0,0.01,0,0,0.1,0.11,0.11,21,3,1,3,14,0,3,2,16,8,4,6539,0,0,0,1,8.59,0.82,0.8,0.8,0.78,9,2,6,17,0,0,0,7,4,0,0.32,0.5,0,0,0,0,16.41,11,10.81,0.1,0,0,0.92,0.9,0.88,7.64,0.46,0.46,0.48,0.48,11,0,3,14,1,0,0,9,2,0,0.19,0.27,0,0,1,0,14.32,11,11.28,0.1,0,0,0.57,0.59,0.59,7.65,4.66,114,87
Nikita Nesterov,46901,959,22.28,0.5,0.48,0.56,0.49,0.53,0.49,225,62.85,3.13,3.75,15.99,1.98,37.5,27.64,3.1,3.11,3.07,9,4,63,27,55,145,17,4,4,0,19,1,21,41,59,86,12,24,0,84,6,24,81,8,1,1.84,0.95,0.35,3,0,1,142,90,88.48,21,0.79,1.02,0,3.93,3.89,3.84,959,183,81,148,547,136,169,129,525,0,0,127508,24,16,8,21,412.83,32.57,31.64,32.6,31.68,389,184,207,780,32,20,6,445,108,20,13.12,12.98,6.47,7,16,9,766.52,573,567.23,5.98,4.14,4.32,34.22,34.21,33.5,361.93,32.41,31.62,32.62,31.81,365,137,113,615,29,27,5,366,107,29,10.52,13.27,8.62,10,10,9,624.64,502,507.37,5.15,5.49,5.49,32.08,32.28,31.85,96.29,103.94,1870,1924
T.J. Oshie,71706,1473,59.29,0.56,0.47,0.57,0.49,0.58,0.48,212,157.21,20.55,12.72,29.71,5.07,85.32,61.63,19.75,20.9,20.08,16,7,140,75,31,246,56,33,11,5,25,4,69,73,107,182,18,36,85,94,48,31,128,68,19,4.82,8.39,7.34,9,13,11,250.74,215,219.18,13,3,3.84,2.82,20.74,21.02,20.42,1473,286,195,285,707,200,206,256,811,85,91,172225,36,44,22,49,717.6,74.44,71.94,75.18,72.68,699,300,294,1293,99,52,13,730,197,72,22.78,23.5,28.17,31,31,37,1314.34,999,1014.42,12,11.45,12.09,74.34,75.11,73.34,528.89,58.39,54.14,57.77,53.56,517,215,254,986,42,55,7,514,149,69,14.76,18.85,24.77,11,13,18,963.38,732,718.76,8.12,13.29,13.85,52.65,52.14,50.15,113.11,127.32,2462,2603
Stephen Johns,66815,1496,20.07,0.43,0.49,0.47,0.52,0.49,0.52,242,94.96,3.21,5.21,24.61,3.18,56.9,44.9,3.17,3.15,3.12,2,4,91,47,63,201,10,4,4,1,17,2,48,63,87,134,15,36,0,159,20,45,132,6,0,2.49,0.72,0,2,2,0,197.19,138,136.1,33,1.06,1.03,0.21,4.06,3.99,3.93,1496,144,227,236,889,183,194,195,924,0,0,153924,36,24,9,130,524.27,43.76,42.21,43.71,42.15,501,229,270,1000,37,43,10,555,131,44,14.98,15.73,13.06,8,15,14,991.43,730,725.11,7.11,9.09,9.12,41.75,41.6,40.84,559.86,57.52,53.61,57.77,53.86,519,251,354,1124,56,49,7,561,146,63,16.32,17.84,23.36,22,21,13,1130.55,770,774.04,8.96,13.39,13.55,52.94,53.28,52.13,135.14,142.38,2676,2464
Patrick Eaves,77776,1830,58.78,0.62,0.43,0.59,0.46,0.61,0.46,404,211.58,28.81,15.57,46.15,7.33,119.53,78.61,27.25,28.81,27.25,8,11,209,87,64,360,51,32,21,9,34,10,95,104,177,264,13,24,2,89,30,19,183,82,31,5.89,10.14,12.78,4,13,15,363.09,296,297.8,6,3.59,5.15,7.77,24.63,24.68,23.54,1830,378,211,318,923,244,251,274,1061,2,2,209139,24,42,21,43,861.12,90.64,86.19,90.71,86.22,830,373,374,1577,86,85,23,885,221,97,25.83,26.78,38.04,17,27,42,1579.18,1203,1203.32,14.41,21.51,21.89,83.16,83.12,80.18,571.65,55.17,53.57,55.37,53.78,547,238,329,1114,53,45,11,576,146,63,16.56,18.13,20.48,18,16,19,1113.99,785,786.07,7.94,9.97,10.1,53.02,53.26,52.5,144.09,191.37,3147,3628
Joakim Nordstrom,62576,1564,15.74,0.47,0.55,0.45,0.54,0.46,0.53,735,106.7,11,6.78,24.51,3.45,53.65,45.61,10.4,11.03,10.43,2,3,104,41,40,185,12,7,7,3,25,4,43,59,97,138,7,17,9,148,27,21,99,33,13,3.01,4.02,3.97,1,2,4,185.2,145,145.03,4,1.43,1.68,2.67,9.76,9.74,9.59,1564,165,236,264,899,254,172,208,930,9,20,237008,17,27,12,41,437.89,40.45,39.05,40.58,39.19,427,181,203,811,19,37,6,445,119,44,13.04,14.25,13.16,4,7,8,811.77,608,609.54,5.81,9.18,9.45,36.82,36.92,36.46,521.48,46.13,44.64,46.32,44.79,504,216,258,978,42,41,12,548,139,33,15.58,16.09,14.46,7,17,18,981.22,720,719.92,7.87,9.85,9.85,44.14,44.22,43.23,208.89,174.25,3969,3384
Adam Lowry,78962,1935,28.81,0.49,0.51,0.47,0.5,0.47,0.5,483,121.96,18.59,10.07,24.89,4.03,62.88,43.53,17.2,18.52,17.13,7,7,122,42,36,200,29,15,21,7,15,6,56,51,107,149,18,42,658,217,29,24,83,56,25,2.84,7.22,8.53,1,7,7,199.95,164,164.08,19,2.28,4.25,5.72,15.15,15.09,14.54,1935,234,379,329,993,239,231,294,1171,658,637,218928,42,40,17,56,621.94,63.52,59.56,63.42,59.51,630,236,262,1128,57,61,13,624,177,65,19.15,22.04,22.33,21,18,18,1126.07,866,864.68,10.09,14.66,14.66,58.89,58.85,56.92,684.31,65.98,63.15,66.46,63.6,710,255,333,1298,65,59,15,756,149,60,21.98,18.67,25.33,23,18,24,1305.98,965,970.43,11.22,12.32,12.32,64.49,64.81,62.43,174.58,168.26,3304,3323
David Pastrnak,80860,1597,89.81,0.67,0.51,0.63,0.5,0.64,0.51,298,266.56,31.52,18.19,57.46,8.24,143.55,102.04,30.28,31.56,30.33,22,14,262,99,104,465,70,34,18,4,55,7,127,120,228,327,17,34,2,72,50,65,236,86,39,6.54,10.23,14.75,9,10,15,469.06,361,363.18,6,4.17,5.38,3.23,32.45,32.54,31.53,1597,297,134,309,857,230,192,293,882,2,1,191787,34,72,36,32,931.21,101.88,96.2,102.18,96.51,913,376,411,1700,100,70,23,904,279,106,25.63,33.72,42.52,25,30,45,1712.94,1289,1296.83,15.08,18.68,18.95,98,98.36,95.4,533.28,51.01,49.22,51.3,49.48,529,209,263,1001,52,36,8,527,167,44,15.08,20.5,15.43,13,23,16,996.12,738,736.89,7.29,7.87,7.87,50.43,50.59,49.73,135.22,130.84,2889,2843
Ondrej Kase,37473,935,19.33,0.55,0.52,0.53,0.49,0.54,0.49,459,78.79,7.37,5.5,18.47,2.53,41.86,31.26,7.08,7.42,7.12,7,3,77,30,38,145,15,5,5,2,16,4,40,37,72,102,9,18,1,42,23,33,79,20,8,2.65,2.52,2.2,2,1,2,146.28,107,107.84,9,1.16,0.9,1.99,6.54,6.57,6.44,935,157,87,157,534,151,154,121,509,1,6,155795,18,20,10,14,327.71,25.19,24.36,25.07,24.25,331,128,139,598,21,22,5,372,68,19,11.61,8.47,5.11,9,8,4,596.95,459,459.11,4.51,4.42,4.69,25.01,24.91,24.47,280.78,20.88,20.5,20.9,20.51,272,122,134,528,22,15,2,313,66,15,8.68,8.17,4.03,4,13,5,525.62,394,392.36,3.77,2.79,2.79,21.86,21.82,21.51,123.16,115.42,2401,2491
Blake Pietila,7822,168,-0.12,0.39,0.52,0.4,0.5,0.42,0.49,93,9.07,0.8,0.56,1.93,0.23,4.79,3.67,0.8,0.79,0.79,1,0,9,3,6,18,1,0,0,0,4,0,3,5,9,12,2,4,23,16,4,1,8,3,1,0.16,0.38,0.27,0,0,0,17.61,12,11.72,0,0.12,0,0,0.92,0.9,0.9,168,14,29,22,103,26,27,19,96,23,22,28498,4,4,2,5,48.17,3.48,3.46,3.42,3.39,50,17,17,84,3,0,0,53,10,4,1.32,1.11,1.05,1,1,1,81.78,67,65.67,0.61,0,0,4.09,4.02,3.99,66.97,5.47,5.33,5.56,5.42,71,21,32,124,8,4,2,67,23,2,1.64,2.94,0.89,3,4,1,127.8,92,94.1,1.02,0.66,0.66,5.84,5.95,5.86,26.54,24.22,421,419
Colin Wilson,62785,1446,38.9,0.6,0.49,0.57,0.49,0.56,0.49,474,112.56,15.07,8.87,23.2,3.42,57.52,39.92,14.69,15.04,14.66,17,6,113,35,36,184,35,12,9,4,20,4,47,56,101,136,9,18,16,50,23,25,86,48,14,2.92,6.14,6.02,0,6,6,184.44,148,148.15,5,2.01,2.38,4.21,12.86,12.83,12.71,1446,233,148,245,820,242,220,213,771,16,23,192497,18,16,7,23,587.17,53.01,51.53,53.1,51.6,590,225,317,1132,63,40,10,619,151,45,17.25,18.99,16.78,22,22,19,1130.96,815,815.39,9.05,9.8,10.07,51.99,51.98,51.08,457.28,35.05,34.51,35.11,34.57,465,175,197,837,40,22,6,505,106,29,13.06,12.85,9.15,13,17,10,839.88,640,642.5,5.9,4.42,4.42,36.53,36.66,36.27,144.24,149.05,2994,3056
Jack Roslovic,504,14,-0.36,0.23,0.53,0.35,0.45,0.38,0.47,10,0.79,0.01,0.03,0.18,0.02,0.43,0.32,0.01,0.01,0.01,0,0,1,0,0,1,0,0,0,0,1,0,0,0,1,1,0,0,1,0,0,0,1,0,0,0.01,0,0,0,0,0,1.03,1,1.03,0,0.01,0,0,0.02,0.02,0.02,14,1,0,2,11,2,5,0,7,1,5,3096,0,0,0,1,4.51,0.26,0.26,0.28,0.28,5,1,1,7,0,0,0,5,1,0,0.07,0.18,0,0,0,0,7.55,6,6.37,0.04,0,0,0.3,0.33,0.33,7.71,0.87,0.87,0.8,0.8,9,1,3,13,1,1,0,7,1,2,0.21,0.14,0.52,0,0,1,12.04,10,9.29,0.09,0.03,0.03,0.93,0.86,0.85,3.28,2.9,47,58
Matt Moulson,56408,1162,32.68,0.66,0.43,0.58,0.45,0.58,0.45,730,126.98,16.16,10.11,26.56,4.28,70.58,46.32,15.26,16.08,15.19,9,9,134,40,26,200,32,14,13,4,25,7,45,70,120,160,5,10,1,37,18,12,101,54,19,2.92,6.25,6.99,1,6,7,200.06,174,173.41,6,2.32,3.51,4.32,14.15,14.11,13.76,1162,242,106,184,630,175,137,171,679,1,3,239083,10,10,5,18,551.55,51.74,49.8,51.74,49.82,575,187,226,988,50,45,11,551,170,41,14.31,20.75,16.68,14,19,17,988.12,762,761.59,9.15,10.19,10.19,50.69,50.66,49.53,387.27,27.19,26.62,27.26,26.69,402,146,153,701,27,23,1,441,91,16,12.04,10.75,4.4,11,12,4,702.17,548,550.63,4.96,4.32,4.55,27.53,27.65,27.26,163.18,214.56,3378,4172
Joe Colborne,39204,930,3.23,0.44,0.45,0.49,0.49,0.47,0.48,609,45.02,4.83,4.15,9.3,1.57,25.12,17.04,4.65,4.78,4.6,4,0,46,16,12,74,8,4,5,2,14,0,18,21,42,58,17,34,45,82,10,18,42,13,7,1.49,1.48,1.85,0,2,2,72.91,62,61.34,5,0.94,0.92,1.4,4.36,4.31,4.25,930,152,90,128,560,148,156,130,496,45,72,181636,34,28,14,14,271.8,19.46,18.95,19.17,18.67,260,127,152,539,16,21,2,317,54,16,8.77,6.22,4.47,4,9,3,526.78,387,379.45,4.12,2.94,3.44,20.14,19.85,19.56,308.04,24.41,23.28,24.99,23.84,341,92,137,570,36,20,4,331,86,16,8.72,10.7,4.99,17,14,5,589.76,433,444.63,4.27,5.31,5.31,23.37,23.86,23.43,125.87,151.56,2696,2796
Carl Hagelin,56693,1334,33.1,0.48,0.53,0.48,0.51,0.5,0.51,358,124.65,10.83,8.2,27.4,4.03,64.36,55.25,10.61,11.04,10.81,8,8,128,43,29,200,22,6,9,1,29,5,52,70,122,165,8,16,3,66,19,21,130,32,9,4.14,3.85,2.84,1,3,2,204.18,171,174.08,10,1.73,2.05,1.56,10.93,11.08,10.9,1334,186,201,227,720,228,168,206,732,3,3,165041,16,30,14,24,474.42,39,37.91,39.22,38.1,494,170,192,856,39,33,5,508,125,31,14.98,15.26,8.76,15,14,10,863.7,664,668.86,6.51,6.39,6.39,38.92,39.07,38.36,484.88,42.94,41.67,43.17,41.88,505,169,248,922,43,34,6,508,125,41,13.86,15.57,13.52,11,18,14,922.29,674,673.86,7.38,8.08,8.9,41.23,41.39,40.67,153.85,136.75,2765,2698
Ryan Johansen,92671,1998,68.54,0.57,0.48,0.6,0.47,0.59,0.46,200,161.81,18.13,11.37,32.96,4.97,89.72,61.84,17.71,18.14,17.72,28,19,154,65,57,276,61,14,15,1,27,7,79,77,140,205,27,60,803,77,38,51,148,54,17,4.97,6.12,7.05,5,2,7,277.38,219,219.85,18,2.6,3.7,1.93,18.8,18.82,18.55,1998,409,235,365,989,315,306,351,1026,803,669,206474,60,32,13,28,984.05,88.56,84.09,88.74,84.25,956,407,438,1801,91,66,5,1047,236,80,30.78,27.6,30.17,36,33,22,1803.54,1363,1364.19,15.82,13.6,13.63,90.75,90.84,88.18,679.47,66.36,64.78,66.52,64.96,676,266,274,1216,69,35,5,717,155,70,20.34,19.11,26.91,22,17,30,1215.16,942,942.97,9.47,6.7,7.01,68.82,69.02,67.98,139.21,151.86,2976,3355
Alex Biega,28444,701,3.28,0.36,0.43,0.47,0.46,0.45,0.45,215,39.83,1.23,2.27,10.68,1.34,25.07,18.42,1.22,1.25,1.23,1,2,37,22,20,79,3,0,1,0,13,1,22,22,37,59,9,18,0,97,5,7,57,2,0,1.05,0.18,0,0,0,0,78.48,59,58.78,5,0.45,0.17,0.04,1.65,1.66,1.65,701,61,65,91,484,86,124,74,417,0,0,102337,18,4,2,24,204.92,15.14,14.69,15.39,14.94,208,79,107,394,12,13,4,222,56,9,5.6,6.87,2.67,3,5,4,390.87,287,285.86,2.77,2.66,2.97,14.93,15.08,14.9,257.15,26.89,25.84,27,25.95,270,86,97,453,23,24,6,253,73,30,7.59,8.56,10.74,8,4,11,457,356,358.69,3.74,5.77,6.4,24.24,24.38,24.05,67.1,87.76,1405,1632
Jesper Fast,55626,1391,18.39,0.47,0.54,0.44,0.51,0.45,0.52,539,55.57,7.36,4.35,11.5,1.93,31.54,23.31,7.17,7.38,7.19,10,5,55,25,20,100,21,6,4,1,8,0,27,35,49,74,7,16,17,98,28,21,47,24,9,2.08,2.76,2.51,2,3,1,99.43,80,79.31,10,0.92,0.99,1.27,7.01,7.02,6.89,1391,139,148,255,849,212,203,192,784,17,26,188176,16,14,7,43,381.17,34.17,33.46,34.39,33.68,375,157,183,715,37,18,3,403,100,29,11.5,12.14,10.53,15,14,8,718.62,532,534.89,5.09,4.67,4.82,34.44,34.72,34.26,471.4,39.01,37.67,39.05,37.72,470,186,247,903,40,28,4,496,130,30,13.76,15.81,9.45,13,18,9,901.16,656,656.08,6.88,5.94,5.96,39.93,39.98,39.19,162.02,138.8,3042,2916
Drew Stafford,47331,1063,20.84,0.55,0.51,0.52,0.5,0.52,0.5,471,98.23,9.33,7.03,22.26,3.09,52.73,36.56,8.88,9.34,8.89,9,4,109,22,24,155,21,8,9,3,24,4,44,42,101,123,12,24,7,62,13,28,96,26,9,2.95,3.05,3.34,1,2,5,154.33,131,131.16,20,1.51,2.07,2.7,8.15,8.14,7.76,1063,166,89,183,625,171,161,141,590,7,15,163081,24,12,6,3,393.66,37.09,35.7,37,35.6,399,146,183,728,39,27,6,394,123,28,11.57,14.9,10.62,13,13,13,725.64,545,544.81,6.05,6.54,6.61,36.54,36.42,35.53,370.94,30.05,29.38,30.4,29.71,390,123,152,665,24,21,4,397,94,22,11.91,11.89,6.25,8,12,4,675.6,513,519.03,5.27,3.29,4.14,31.18,31.58,31.13,134.41,129.53,2470,2434
Brady Austin,4827,126,0.85,0.53,0.49,0.53,0.49,0.54,0.5,25,6.06,0.12,0.35,1.83,0.2,3.85,2.66,0.11,0.12,0.12,0,0,8,1,1,10,0,0,1,0,3,0,3,2,8,9,2,4,0,6,1,2,9,0,0,0.12,0,0,0,0,0,10.3,9,9.27,1,0.07,0.24,0,0.19,0.19,0.18,126,15,14,12,85,19,20,19,68,0,0,13173,4,0,0,0,48.89,4,3.91,4.04,3.95,53,13,12,78,3,3,1,50,12,4,1.43,1.47,1.11,1,1,1,79.34,66,66.76,0.67,0.75,0.75,3.92,3.96,3.85,40.95,3.58,3.52,3.6,3.53,45,12,13,70,3,3,1,45,8,4,1.41,1.04,1.14,1,0,2,69.05,57,56.29,0.6,0.78,0.78,3.41,3.4,3.38,9.94,10.14,201,212
Spencer Abbott,514,12,0.28,0.39,0.62,0.61,0.65,0.5,0.66,11,0.47,0.08,0.05,0.08,0.02,0.47,0.29,0.08,0.08,0.08,0,0,1,0,1,2,0,0,0,0,0,0,0,1,1,1,0,0,0,0,1,0,0,1,0,0,0.08,0,0,0,0,1.89,1,0.97,0,0.01,0,0,0.09,0.09,0.09,12,2,0,2,8,3,2,1,6,0,0,3142,0,0,0,0,3.68,0.19,0.18,0.18,0.17,5,1,5,11,0,0,0,5,1,0,0.1,0.08,0,0,0,0,10.56,6,5.77,0.05,0,0,0.23,0.22,0.22,4.01,0.29,0.27,0.31,0.29,4,2,1,7,0,0,0,4,2,0,0.04,0.25,0,0,0,0,7.37,6,6.32,0.06,0,0,0.35,0.36,0.34,3.61,2.24,70,37
Brock Boeser,8755,188,6.12,0.56,0.37,0.58,0.48,0.57,0.46,52,20.64,2.86,1.53,4.28,0.61,11.52,7.2,2.23,2.9,2.26,1,0,25,3,10,38,5,4,1,2,10,1,5,7,21,24,0,0,0,5,1,4,19,4,5,0.54,0.48,1.83,1,1,2,37.7,28,27.78,2,0.35,0.3,1.37,1.84,1.85,1.82,188,34,20,41,93,28,25,26,109,0,0,23645,0,0,0,0,79.06,7.83,7.13,7.78,7.08,86,24,34,144,8,6,2,85,15,10,2.36,1.82,3.66,4,2,2,139.91,110,107.21,1.28,1.87,2.24,6.87,6.83,6.76,61.37,6.19,6.06,6.25,6.12,63,21,22,106,6,2,1,61,17,6,1.91,2.15,2.13,2,2,2,111.23,84,87.46,0.8,0.61,0.61,6.38,6.48,6.4,12.06,20.78,334,367
Brian Lashoff,3754,93,0.47,0.57,0.53,0.57,0.53,0.56,0.53,29,1.37,0.06,0.07,0.36,0.05,0.87,0.59,0.06,0.06,0.06,0,0,1,1,3,5,0,0,0,0,0,0,1,1,1,2,0,0,0,8,0,1,2,0,0,0.06,0,0,0,0,0,4.83,2,2,0,0.01,0,0,0.07,0.07,0.07,93,15,8,15,55,18,6,7,62,0,0,14772,0,0,0,4,27.77,2.27,2.21,2.21,2.15,27,11,15,53,1,0,0,28,10,0,1.04,1.22,0,0,1,0,51.51,38,36.89,0.44,0,0.17,2.53,2.47,2.42,21.85,1.69,1.67,1.81,1.79,22,8,10,40,4,1,0,22,7,1,0.51,0.94,0.24,1,3,0,42.07,30,31.55,0.32,0.04,0.04,1.97,2.11,2.1,11.81,10.4,241,217
Sidney Crosby,89450,1852,94.58,0.62,0.45,0.59,0.45,0.59,0.46,127,239,30.77,18.11,49.13,7.93,129.24,88.88,29.76,31.17,30.15,28,17,255,70,86,411,89,44,20,11,42,11,99,109,211,281,12,24,842,80,39,70,201,96,28,7.33,11.82,11.62,10,18,16,416.53,325,330.36,21,4.14,3.27,7.08,27.76,28.1,27.66,1852,404,165,462,821,235,260,361,996,842,906,184418,24,40,19,27,1004.76,111.95,107.6,113.09,108.68,1058,338,452,1848,121,106,27,949,336,111,29.75,40.84,41.37,23,47,51,1868.69,1396,1412.04,17.45,25.1,25.19,103.76,104.66,101.98,692.86,69.3,66.72,69.33,66.76,719,246,314,1279,61,62,12,681,210,74,19.44,26.31,23.55,12,23,26,1273.25,965,961.5,9.76,12.92,12.64,66.1,66.05,64.66,126.9,152.7,2560,3176
Jon Merrill,56813,1273,6.15,0.43,0.46,0.45,0.48,0.46,0.48,202,48.24,1.65,2.99,12.67,1.53,29.6,23.55,1.62,1.58,1.55,1,4,48,24,25,97,6,1,1,0,9,4,26,31,47,71,12,24,0,39,16,22,70,2,0,1.47,0.18,0,1,0,0,92.55,72,69.06,19,0.59,0.09,0.09,2.15,2.06,2.02,1273,74,161,174,864,169,179,160,765,0,0,128398,24,10,5,68,389.12,31.72,30.96,31.33,30.59,392,147,144,683,26,21,4,410,106,23,11.89,12.68,7.16,6,12,8,669.12,539,529.92,5.26,4.8,4.81,32.17,31.8,31.54,462.19,42.7,41.43,43.23,41.93,466,177,202,845,42,28,12,472,138,33,13.76,16.6,12.33,9,21,12,864.39,643,654.87,6.63,7.02,7.86,41.47,41.99,41.28,95.3,111.17,1805,1931
Tyler Ennis,39278,809,13.68,0.5,0.46,0.53,0.46,0.52,0.46,415,83.04,7.45,6.14,17.83,2.48,46.06,32.05,7.2,7.35,7.12,5,3,89,23,33,145,13,5,6,1,19,3,30,49,84,107,6,12,3,45,19,17,82,25,5,2.88,3.08,1.49,2,3,0,143.91,112,110.93,7,1.32,1.02,1.55,7.22,7.16,7.06,809,141,74,125,469,156,114,109,430,3,13,146371,12,4,2,23,350.86,30.3,28.82,30.16,28.69,377,107,156,640,23,28,5,372,87,25,10.59,10.63,9.09,10,8,5,638.26,484,482.42,5.36,7.2,7.2,28.45,28.43,27.92,316.79,29.88,28.9,30.02,29.05,321,119,134,574,24,26,3,320,93,27,9.04,11.15,9.68,8,11,5,577.24,440,441.8,4.39,5.49,5.44,28.83,29.03,28.62,106.97,126.73,2144,2521
Victor Rask,85088,1863,46.21,0.53,0.53,0.55,0.51,0.54,0.51,356,172.96,16.04,10.53,40.73,5.5,92.22,68.97,15.45,16.01,15.43,11,18,186,48,76,310,45,16,11,2,43,6,74,84,170,218,7,16,457,43,41,46,174,41,19,4.73,4.77,6.54,6,4,6,311.55,234,234.69,17,2.34,2.69,3.35,15,15.03,14.76,1863,376,164,300,1023,298,240,277,1048,457,461,214496,16,18,9,33,796.16,76.94,73.77,77.15,73.99,807,298,373,1478,69,66,11,821,200,84,24.39,23.31,29.24,21,21,27,1481.57,1105,1108.15,12.11,13.47,13.9,75.16,75.32,73.14,684.72,67.17,64.44,67.52,64.75,671,274,284,1229,66,65,12,689,191,65,20.66,23.32,23.18,24,26,16,1231.45,945,945.31,9.57,12.4,12.4,64.34,64.55,63.54,172.39,153.22,3302,3133
Reilly Smith,86809,1925,42.35,0.51,0.48,0.54,0.5,0.53,0.5,290,151.58,18.91,10.53,34.01,5.77,81.78,57.01,18.06,18.97,18.11,9,13,158,50,74,282,37,15,16,4,39,13,61,64,143,193,8,17,3,75,49,39,129,60,19,4.6,7.49,6.83,5,5,5,282.67,208,208.22,12,2.35,3.75,5.57,15.69,15.72,15.2,1925,309,311,309,996,280,206,293,1146,3,3,202198,17,23,10,34,758.37,68.87,66.33,69.04,66.5,769,302,358,1429,60,53,11,829,183,59,24.55,22.34,21.97,21,16,23,1428.29,1071,1070.49,11.26,12.31,13.37,66.76,66.86,65.14,671.22,65.03,62.89,65.3,63.15,693,257,261,1211,69,46,9,719,176,55,21.63,20.92,22.48,26,17,26,1213.86,950,952.98,10,11.41,11.63,63.4,63.46,62.25,149.36,162.66,3035,2986
Cody Bass,3654,99,-1.85,0.27,0.53,0.28,0.52,0.32,0.51,106,0.75,0.01,0.03,0.22,0.02,0.45,0.27,0.01,0.01,0.01,0,0,1,0,2,3,0,0,0,0,1,0,0,0,1,1,5,19,0,14,2,1,1,0,0,0.01,0,0,0,0,0,3.14,1,1.05,1,0.01,0,0,0.02,0.02,0.02,99,3,18,20,58,14,13,13,59,0,2,29346,19,17,4,4,15.56,0.83,0.82,0.85,0.84,13,8,6,27,0,0,0,19,1,1,0.43,0.11,0.28,0,0,0,27.91,21,21.58,0.17,0,0,1,1.03,1.02,31.54,2.27,2.23,2.22,2.19,35,10,24,69,1,2,1,34,10,1,0.87,1.1,0.29,0,0,1,67.44,45,44.05,0.42,0.38,0.38,2.3,2.25,2.23,24.48,21.33,483,444
Matt Beleskey,39001,880,12.51,0.58,0.55,0.57,0.54,0.58,0.54,388,82.21,6.09,4.78,20.95,2.66,44.55,33.96,5.97,6.1,5.98,1,4,79,34,36,149,8,3,0,0,24,8,37,41,76,110,19,47,29,98,7,12,91,20,2,2.89,2.4,0.8,1,2,0,148.97,113,112.86,2,1.01,0,1.02,6.08,6.06,6.03,880,109,75,145,551,153,121,137,469,29,41,138552,47,31,11,18,359.09,29.16,27.79,29.23,27.86,359,140,155,654,18,15,1,398,78,23,11.32,9.32,8.53,8,5,5,655.75,499,500.8,5.01,3.09,3.11,31.06,31.11,29.89,257,20.97,20.41,21.29,20.72,248,116,138,502,22,14,3,273,74,17,7.2,8.59,5.17,6,11,5,505.75,364,368.5,3.52,3.86,3.77,20.72,20.97,20.78,122.83,98.62,2331,2022
Brandon Pirri,43529,995,17.8,0.59,0.5,0.59,0.47,0.58,0.48,553,105.93,9.65,7.17,24.26,3.43,61.51,39.99,9.23,9.66,9.24,6,4,96,50,55,201,18,8,8,3,17,1,59,53,88,138,10,23,137,39,22,25,113,25,8,3.29,2.85,3.51,2,2,4,200.66,146,145.89,5,1.64,2.31,2.23,9.06,9.04,8.86,995,192,74,159,570,157,149,152,537,137,102,169654,23,21,9,20,430.99,39.87,38.24,39.85,38.22,417,186,198,801,41,40,8,452,116,35,11.71,13.47,14.69,14,13,14,802.35,603,604.04,7.14,9.46,9.48,37.53,37.55,36.68,311.04,28.1,27.1,28.01,27.02,320,113,130,563,32,19,5,315,98,20,8.91,12.03,7.17,9,17,6,561.41,433,431.94,4.24,4.49,4.49,27.86,27.84,27.43,129.5,130.72,2452,2774
Noel Acciari,18047,431,5.08,0.53,0.51,0.48,0.53,0.47,0.53,300,24.73,3.39,1.98,5.26,0.77,12.12,8.49,3.37,3.36,3.34,1,2,24,8,11,43,5,2,2,0,9,2,6,11,22,30,4,8,11,80,10,4,17,10,5,0.73,1.28,1.38,0,1,1,42.85,32,31.93,3,0.42,0.61,0.02,3.79,3.75,3.74,431,30,47,75,279,82,75,56,218,11,18,87237,8,8,4,5,125.87,10.68,10.46,10.56,10.34,117,54,60,231,9,7,2,124,40,7,3.84,4.77,2.08,1,4,4,227.7,171,168.68,1.79,1.28,1.54,10.93,10.77,10.66,136.74,9.33,9.24,9.41,9.32,146,47,58,251,6,3,0,158,29,6,4.36,3.49,1.48,3,2,1,250.27,193,192.7,1.76,0.46,0.46,10.63,10.74,10.65,72.08,69.81,1459,1316
Eric Gryba,38735,868,9.92,0.45,0.53,0.48,0.53,0.47,0.53,214,43.22,1.91,2.67,11.38,1.43,27.36,19.25,1.78,1.92,1.79,3,1,45,19,37,101,6,2,0,1,14,1,17,30,43,62,20,55,0,145,6,21,58,5,1,1.05,0.56,0.3,0,1,1,102.35,64,64.39,20,0.53,0,0.3,2.14,2.15,2.12,868,78,123,104,563,121,119,112,516,0,0,107464,55,32,10,47,302.65,25.76,24.8,25.68,24.74,317,97,162,576,18,22,4,313,80,21,9.16,9.86,6.75,6,8,4,579.84,414,415.86,4.08,4.43,4.43,25.42,25.44,25.09,339.23,30.92,29.62,31.13,29.81,363,106,154,623,29,19,5,347,97,25,10.76,12.08,8.08,11,9,9,620.9,469,468.9,5.23,4.04,4.54,31.61,31.76,31.29,93.16,81.53,1736,1567
Ryan White,40841,930,8.03,0.38,0.48,0.44,0.48,0.44,0.48,681,58.29,4.61,3.82,14.32,1.91,31.29,23.05,4.48,4.68,4.55,4,3,58,21,22,101,16,9,2,1,13,2,25,28,49,70,18,54,36,184,11,10,59,17,3,1.78,2.04,0.79,5,3,1,100.6,79,79.46,4,0.79,0.38,1,4.39,4.51,4.46,930,93,117,149,571,134,136,156,504,36,48,192013,54,44,12,33,294.91,19.22,18.93,19.4,19.11,302,109,137,548,21,16,2,342,57,12,9.36,6.82,3.04,9,8,4,546.38,411,411.67,3.81,2.73,2.73,20.3,20.48,20.35,376.53,30.73,29.85,30.85,29.97,363,165,159,687,39,28,8,413,92,23,12.04,11.24,7.46,17,13,9,694.09,528,533.08,5.23,6.37,6.38,29.57,29.66,29.12,148.14,157.89,2984,3173
Klas Dahlbeck,35832,813,0.53,0.42,0.55,0.45,0.54,0.44,0.53,236,42.27,2.05,2.47,11.71,1.39,25.66,18.72,2,2.04,1.99,2,2,37,25,36,98,6,2,5,0,16,1,21,17,35,60,15,30,0,77,11,15,57,4,1,1.24,0.44,0.37,2,0,0,98.57,62,61.68,11,0.5,0.55,0.17,2.38,2.37,2.32,813,93,63,137,520,102,135,90,486,0,0,121302,30,6,3,38,265.11,21.77,21.27,21.89,21.39,252,116,126,494,15,20,2,276,77,15,8.53,9.33,3.91,5,6,4,496.98,368,369.6,3.5,2.95,2.81,22.45,22.57,22.26,336.94,30.51,29.32,30.81,29.6,333,127,138,598,29,29,7,332,97,31,9.98,11.93,8.6,5,17,7,597.36,460,459.65,4.55,6.05,6.29,28.77,28.93,28.44,108.77,88.41,1971,1706
Cole Schneider,1714,45,1.75,0.49,0.47,0.54,0.45,0.58,0.44,47,4.01,0.1,0.18,1.09,0.14,1.97,2.51,0.1,0.09,0.09,1,0,6,0,2,8,1,0,0,0,2,0,0,4,6,6,0,0,0,3,0,0,6,0,0,0.1,0,0,0,0,0,7.86,6,5.88,0,0.04,0,0,0.13,0.13,0.13,45,7,1,10,27,8,7,6,24,0,0,13286,0,0,0,2,15.12,1.02,0.97,1,0.96,15,7,7,29,2,1,0,17,4,1,0.36,0.38,0.28,1,1,0,28.67,22,22.04,0.18,0.28,0.28,0.92,0.9,0.89,11.8,1.05,1.04,1.07,1.06,13,3,9,25,0,1,0,13,2,1,0.37,0.3,0.38,0,0,0,25.28,16,16.21,0.17,0.38,0.38,0.84,0.87,0.86,7.78,8.7,180,216
Jeff Skinner,84081,1724,74.11,0.55,0.52,0.56,0.51,0.55,0.5,307,284.38,33.79,20.85,60.38,9.32,149.75,104.91,32.19,33.9,32.3,19,7,281,98,111,490,63,37,25,9,55,7,122,133,244,342,14,28,10,33,65,65,236,106,37,8.72,12.47,12.6,10,13,14,489.99,379,380.31,11,4.7,4.33,7.36,31.13,31.23,30.22,1724,407,151,265,901,306,245,321,852,10,17,204357,28,68,35,28,816.99,82.27,78.83,82.54,79.1,823,301,401,1525,84,77,16,810,220,94,24.45,26.03,31.8,33,19,32,1525.04,1124,1125.27,12.7,15.25,15.77,79.2,79.46,77.27,669.15,67.27,64.79,67.49,64.97,645,278,287,1210,70,59,12,672,183,68,20.42,22.48,24.37,22,28,20,1210.25,923,922.18,9.21,12.54,12.43,64.06,64.16,63.35,161.2,147.19,3101,3016
Cody Eakin,60535,1470,15.12,0.43,0.5,0.48,0.52,0.48,0.53,270,92.32,10.75,6.77,19.59,3.13,51.24,38.51,10.34,10.74,10.32,7,2,82,48,38,168,12,3,7,1,21,8,43,48,79,127,15,39,524,65,24,33,89,27,14,3.23,3.14,4.38,1,0,2,166.61,130,128.7,12,1.51,1.46,3.14,9.12,9.06,8.91,1470,210,235,271,754,181,194,204,891,524,477,157162,39,36,15,39,498.19,44.96,42.77,44.9,42.73,497,202,248,947,30,48,10,524,128,47,14.3,15.35,15.3,8,10,12,939.59,699,693.89,7.64,10.05,9.99,42.62,42.48,41.09,537.65,58.86,55.98,59.1,56.22,511,240,266,1017,54,40,7,541,147,63,16.07,17.61,25.18,15,19,20,1025.17,751,757.27,8.29,11.43,11.13,56.02,56.36,54.93,131.95,130.93,2662,2467
Brendan Gaunce,32460,821,7.51,0.46,0.45,0.49,0.48,0.48,0.47,589,47.22,3.4,3.11,11.12,1.57,25.44,19.36,3.31,3.4,3.31,2,3,51,13,17,81,5,0,1,0,11,3,21,28,51,64,10,23,84,94,11,6,53,9,2,1.74,1.12,0.54,0,0,0,80.13,64,63.8,2,0.64,0.29,0.75,3.3,3.31,3.28,821,67,82,126,546,153,123,124,421,84,80,176135,23,15,6,12,239.09,17.52,17.09,17.46,17.03,245,86,121,452,12,12,0,265,54,12,7.28,6.61,3.63,5,5,2,443.18,331,326.37,3.12,2.63,2.68,17.96,17.84,17.65,257.85,20.92,20.07,21.19,20.34,263,98,114,475,16,22,4,281,62,18,8.55,7.42,4.95,8,5,3,482.18,361,366.38,3.75,4.7,4.7,19.98,20.26,19.86,120.71,147.79,2515,2741
Remi Elie,16875,396,4.99,0.47,0.52,0.45,0.53,0.45,0.53,116,17.64,2.48,1.32,3.71,0.62,8.56,6.31,2.29,2.59,2.39,2,4,15,8,17,40,7,1,1,1,3,1,7,10,14,22,4,8,1,30,12,13,11,9,3,0.36,0.98,1.14,0,0,1,40.44,23,23.17,3,0.29,0.51,0.88,1.88,1.91,1.85,396,54,51,62,229,40,54,51,251,1,0,48770,8,0,0,11,118.95,11.44,11.08,11.56,11.2,119,45,67,231,11,7,3,117,34,13,3.44,3.86,4.15,0,6,5,229.51,164,163.9,1.71,1.96,2.03,11.13,11.22,11.1,140.77,12.87,12.48,12.76,12.39,128,74,81,283,8,11,1,150,42,10,4.25,5.04,3.58,4,1,3,282.71,202,201.26,2.07,2.14,2.14,12.79,12.72,12.51,41.65,38.99,812,725
Troy Stecher,85110,1719,23.57,0.5,0.41,0.54,0.44,0.52,0.43,238,125.26,5.07,8.15,31.98,3.96,80.89,53.95,4.99,5.02,4.95,10,11,125,59,123,307,24,3,6,0,43,3,71,58,122,181,11,25,0,51,26,33,176,5,3,3.7,0.46,0.9,2,0,1,301.42,184,181.8,28,1.87,1.04,0.04,6.89,6.84,6.72,1719,247,199,284,989,214,237,257,1011,0,0,173331,25,28,13,66,737.43,66.68,63.49,66.63,63.41,749,285,363,1397,66,40,12,768,209,57,21.59,25.4,19.7,17,29,20,1378.5,1034,1023.65,12.14,10.18,10.44,68.38,68.21,66.49,673.41,67.3,65.5,67.95,66.12,709,227,237,1173,66,49,18,686,189,61,20.85,23.29,23.15,15,28,23,1187.05,936,947.03,9.35,11.86,12.59,64.05,64.63,63.61,103.04,147.92,2226,2806
Brad Marchand,93295,1942,99.75,0.63,0.52,0.61,0.51,0.62,0.52,183,237.45,31.02,16.36,53.21,8.11,120.95,90.34,28.93,31.17,29.07,23,23,226,94,88,408,85,39,12,13,64,17,85,103,187,281,34,71,13,51,69,84,208,78,34,6.6,9.77,14.65,9,8,22,412.02,320,323.39,14,3.73,2.12,8.78,25.96,26.1,25.47,1942,328,308,334,972,236,192,356,1158,13,23,197052,71,58,30,35,1018.8,107.29,101.86,107.78,102.32,1027,389,442,1858,116,70,25,1022,283,111,28.67,33.87,44.75,27,30,59,1872.25,1416,1425.74,16,18.26,18.64,104.65,105.12,102.38,632.95,62.68,59.67,62.99,59.94,636,244,295,1175,70,48,9,641,170,69,18.24,20.8,23.63,17,28,25,1170.77,880,878.39,10.04,11.29,11.12,61.59,61.69,60.32,142.47,130.5,3056,2913
Derick Brassard,84461,1822,52.02,0.6,0.46,0.58,0.44,0.58,0.45,342,192.6,17.98,12.77,44.71,6.31,104.73,78.51,17.32,17.97,17.31,12,13,195,70,72,337,39,14,14,4,32,6,84,115,181,251,12,24,612,92,37,37,203,45,17,6.28,5.31,6.4,7,1,6,336.69,265,264.25,15,2.8,2.07,4.51,16.27,16.18,16.04,1822,333,215,288,986,273,243,304,1002,612,613,211576,24,26,13,24,811.55,75.18,72.71,75.17,72.72,824,315,419,1558,77,64,13,883,185,71,24.39,22.74,28.05,28,24,25,1555.76,1139,1138.89,12.2,14.51,14.56,72.82,72.85,71.45,577.42,49.46,48.11,49.76,48.4,577,235,309,1121,47,34,5,617,150,45,18.63,18.06,12.77,19,18,10,1127.05,812,817.29,8.05,6.7,6.75,50.75,50.85,49.9,138.25,160.79,2967,3703
Joshua Ho-Sang,20735,395,10.38,0.53,0.47,0.57,0.45,0.55,0.45,106,23.27,2.31,1.52,5.05,0.68,13.13,9.3,2.3,2.33,2.32,5,1,22,10,12,44,10,4,1,0,1,1,10,15,18,28,5,12,0,4,9,20,26,3,3,0.89,0.38,1.05,2,1,1,44.1,32,32.15,8,0.33,0.28,0,2.64,2.67,2.65,395,65,27,59,244,73,56,57,209,0,2,55756,12,12,6,2,189.64,18.06,17.56,18.4,17.88,185,79,110,374,20,12,3,198,44,22,5.67,5.03,7.36,8,4,8,375.09,264,266.7,3.02,2.82,2.82,18.25,18.55,18.27,157.93,16.09,15.65,16.02,15.58,159,60,64,283,13,14,2,155,51,13,4.81,6.24,5.05,4,4,5,282.14,219,217.63,2.23,2.86,2.98,15.34,15.25,15.09,36.14,40.17,784,946
Riley Barber,1544,37,-0.35,0.43,0.49,0.39,0.52,0.41,0.5,36,1.5,0.07,0.11,0.34,0.04,0.91,0.52,0.07,0.07,0.07,0,0,2,0,1,3,0,0,0,0,0,0,1,1,2,2,0,0,0,1,0,0,2,0,0,0.07,0,0,0,0,0,3.03,2,2.01,0,0.02,0,0,0.1,0.09,0.09,37,8,3,4,22,5,10,2,20,0,0,9256,0,0,0,0,8.84,0.48,0.47,0.51,0.49,10,3,4,17,0,0,0,13,0,0,0.48,0,0,0,0,0,17.52,13,13.56,0.11,0,0,0.59,0.62,0.61,13.16,0.63,0.62,0.63,0.62,12,7,8,27,0,1,0,18,0,1,0.34,0,0.29,0,0,0,26.18,19,18.18,0.13,0.29,0.29,0.47,0.45,0.45,6.78,6.98,151,137
Jamie McGinn,55365,1248,11.79,0.46,0.41,0.48,0.45,0.47,0.44,592,108.57,11.13,8.17,25.1,3.59,56.61,41.39,10.38,11.17,10.41,4,4,112,34,23,169,17,9,15,4,22,4,45,51,103,137,10,23,1,114,5,27,96,40,10,3.06,5,3.07,2,4,3,167.57,146,145.68,11,1.76,3.79,3.84,9.06,9.12,8.97,1248,183,119,206,740,155,209,175,709,1,2,200090,23,25,11,17,455.15,37.1,33.67,36.91,33.49,448,181,200,829,28,43,7,487,113,29,12.85,14.22,10.03,11,9,8,816.1,629,621.29,6.57,10.11,9.99,33.67,33.48,32.9,506.67,42.85,41.22,43.58,41.94,497,212,200,909,43,35,6,549,123,37,16.48,14.87,11.5,18,12,13,924.14,709,720.75,7.01,7.28,7.83,42.03,42.72,41.94,130.28,184.49,2822,3508
Bo Horvat,87636,2056,46.64,0.46,0.45,0.47,0.49,0.46,0.47,321,178.23,23.3,13.51,36.1,5.69,89.7,67.7,22.13,23.39,22.2,22,10,158,78,50,286,52,20,11,7,38,8,57,102,138,216,12,27,756,65,37,27,138,71,27,4.89,9.14,9.27,3,6,11,284.3,236,234.46,12,3.05,2.39,5.44,20.92,20.91,20.31,2056,292,318,330,1116,278,242,365,1171,756,742,207537,27,37,17,41,682.6,70.12,67.02,70.1,66.96,678,266,324,1268,68,50,22,670,201,73,19.38,25.21,25.51,16,21,31,1256.17,944,935.9,11.18,12.51,13.51,67.79,67.49,65.75,793.71,83.34,80.73,83.79,81.15,818,285,338,1441,89,47,13,820,197,86,23.57,24.11,35.65,21,27,41,1455.69,1103,1114.04,12.7,14.53,16.11,79.93,80.31,78.44,126.34,156.68,2922,3061
Samuel Morin,1067,24,0.5,0.44,0.75,0.61,0.56,0.6,0.57,5,1.79,0.1,0.08,0.57,0.1,0.72,1.42,0.1,0.11,0.11,0,0,2,1,1,4,0,0,0,0,0,2,1,0,2,3,0,0,0,7,1,0,3,0,0,0.1,0,0,0,0,0,4.13,3,3.09,0,0.02,0,0,0.12,0.12,0.12,24,1,1,2,20,2,1,5,16,0,0,2592,0,0,0,0,8.28,0.64,0.63,0.68,0.67,8,4,2,14,0,0,0,10,2,0,0.34,0.3,0,0,0,0,14.45,12,12.37,0.13,0,0,0.77,0.81,0.8,6.15,0.81,0.81,0.78,0.78,5,3,1,9,0,0,0,4,4,0,0.12,0.69,0,0,0,0,8.79,8,7.83,0.11,0,0,0.92,0.89,0.89,3.92,1.29,40,31
Adam Pardy,2638,64,-0.5,0.39,0.52,0.46,0.51,0.46,0.49,23,3.54,0.11,0.19,1.11,0.11,2.11,1.37,0.11,0.11,0.11,0,0,4,1,1,6,0,0,1,0,1,0,2,1,4,5,3,6,0,3,1,0,5,0,0,0.11,0,0,0,0,0,5.79,5,5,0,0.04,0.19,0,0.15,0.15,0.15,64,5,4,8,47,8,12,6,38,0,0,12062,6,0,0,3,22.83,1.56,1.53,1.54,1.5,25,6,9,40,1,2,0,24,6,1,0.57,0.66,0.34,1,0,0,38.75,31,30.41,0.26,0.52,0.63,1.19,1.17,1.16,26.43,2.43,2.41,2.46,2.43,25,11,11,47,2,0,0,25,6,5,0.6,0.68,1.15,1,1,0,48.45,36,36.6,0.34,0,0,2.77,2.8,2.77,7.59,6.88,192,181
Chris Neil,24077,616,1.5,0.43,0.51,0.46,0.48,0.46,0.49,598,38.07,3.68,2.53,7.93,1.14,20.12,15.6,3.56,3.63,3.51,1,2,42,9,15,66,4,1,0,0,6,2,17,25,41,50,21,63,0,108,11,9,34,13,4,0.9,1.53,1.26,0,0,1,65.79,51,51.06,3,0.53,0,0.7,3.52,3.48,3.37,616,94,35,100,387,95,115,68,338,0,0,168805,63,53,16,20,174.95,12.17,11.8,11.97,11.62,191,49,93,333,6,10,2,192,38,10,4.57,4.62,2.98,3,0,3,328.53,240,237.87,2.3,2.27,2.27,12.19,12,11.71,201.65,16.25,15.93,16.39,16.07,193,87,111,391,17,13,3,229,32,19,6.24,3.78,6.22,6,3,8,393.03,280,281.89,2.56,3.43,3.43,15.38,15.46,15.31,131.21,125.87,2622,2802
Calle Jarnkrok,76392,1878,35.74,0.51,0.51,0.48,0.52,0.47,0.52,478,128.48,13.6,8.99,29.01,4.27,71.48,52.65,13.2,13.65,13.24,7,9,134,46,53,233,31,15,7,3,30,6,62,60,119,165,11,25,452,49,23,22,123,46,11,4.1,5.76,3.73,6,6,3,233.84,180,181,14,1.94,0.89,2.5,13.04,13.09,12.91,1878,254,343,307,974,274,254,271,1079,452,463,219153,25,35,16,29,566.77,53.33,51.44,53.61,51.69,568,223,297,1088,53,42,7,593,146,52,16.37,18.24,18.71,19,20,14,1088,791,792.26,8.18,9.71,9.71,51.8,51.98,50.77,631.3,50.99,48.52,51,48.55,621,269,296,1186,56,41,10,719,126,45,18.29,15.07,17.62,16,20,20,1185.43,890,890.29,9.76,8.92,8.92,51.82,51.91,50.7,171.71,164.28,3624,3333
Brian Campbell,88462,1896,21.02,0.53,0.48,0.51,0.49,0.5,0.49,342,74.28,4.15,4.81,18.2,2.39,46.81,33.65,3.93,4.16,3.95,6,6,75,35,61,171,17,5,5,0,22,2,34,42,70,105,12,24,0,43,11,59,102,6,2,2.31,0.74,1.1,2,3,0,172.04,110,109.93,45,1.03,1.87,0.6,4.58,4.6,4.56,1896,194,139,313,1250,266,252,264,1114,0,0,203081,24,24,11,83,707,65.79,63.67,66.44,64.28,731,244,385,1360,72,51,15,748,164,63,23.11,20.88,21.8,25,28,19,1371.78,975,984.16,10.39,13.09,12.93,63.25,63.76,63.02,701.77,57.62,55.05,57.42,54.87,734,242,311,1287,50,68,14,750,174,52,20.66,21.84,15.12,17,16,17,1278.93,976,970.17,9.5,14.68,15.28,51.84,51.66,50.75,153.58,167.87,3149,3250
Jayson Megna,43271,1013,7.43,0.48,0.45,0.47,0.48,0.45,0.46,518,66.47,7.22,4.82,14.45,2.09,34.52,24.9,6.91,7.38,7.05,3,1,72,16,19,107,8,4,4,0,16,1,31,32,68,84,3,6,2,87,20,8,52,30,6,1.82,3.78,1.62,0,4,0,107.9,88,88.52,3,1.05,0.94,1.38,6.89,6.98,6.8,1013,133,100,162,618,171,147,146,549,2,14,168129,6,26,13,23,285.29,24.4,23.79,24.52,23.9,292,106,177,575,17,15,2,295,83,20,8.68,10.3,5.42,4,9,4,572.14,398,397.05,4.18,2.96,3.38,25.2,25.29,24.85,342.62,26.88,26.13,26.87,26.14,346,146,152,644,19,21,3,398,81,13,12.28,9.91,4.69,9,6,4,647.75,492,493.73,4.77,4.98,5.06,26.6,26.68,26.29,115.82,143.86,2391,2631
Marcus Johansson,82571,1597,60.71,0.59,0.47,0.6,0.48,0.6,0.48,335,119.41,16.99,8.89,24.87,3.77,61.79,44.69,16.6,17.24,16.85,18,15,127,34,54,215,57,24,7,3,20,1,53,56,103,137,5,10,13,32,39,48,97,52,12,3.79,6.18,7.03,6,10,8,220.95,161,164.92,12,2,1.88,3.02,15.98,16.23,16.1,1597,342,149,251,855,255,216,278,848,13,15,212218,10,34,17,22,783.12,76.42,73.78,77.31,74.66,787,309,365,1461,96,53,5,816,218,62,23.92,26.3,26.2,32,37,27,1484.86,1096,1112.21,12.81,10.82,10.77,78.46,79.31,77.28,525.47,53.56,50.63,53.26,50.31,524,211,247,982,40,37,8,522,158,55,15.18,19.05,19.33,11,15,14,962.41,735,722.42,7.23,10.45,10.45,50.34,49.83,48.39,151.41,173.25,3148,3349
Johnny Boychuk,82095,1576,31.99,0.51,0.49,0.49,0.47,0.49,0.47,180,157.7,7.76,9.8,41.66,5.96,95.93,73.88,7.1,7.76,7.11,10,7,155,80,104,339,23,6,6,1,51,4,77,91,149,229,9,19,1,160,13,45,226,3,6,4.51,0.32,2.93,4,0,2,339.99,235,235.3,39,2.2,1.37,1.34,8.61,8.62,8.43,1576,168,222,224,962,164,180,222,1010,1,0,158516,19,19,7,133,701.41,70.55,67.68,70.74,67.86,708,291,331,1330,64,56,11,757,167,75,21.04,20.13,29.38,26,15,23,1334.27,999,1002.89,10.77,12.46,12.93,68.33,68.48,66.74,727.17,67.68,64.93,67.53,64.79,719,307,368,1394,61,38,13,781,183,62,22.17,22.2,23.31,20,17,24,1387.85,1026,1018.34,10.99,8.75,8.75,69.92,69.83,67.47,117.32,122.61,2359,2696
Garnet Hathaway,14257,350,3.26,0.44,0.51,0.45,0.51,0.43,0.5,298,21.76,2.23,1.72,4.58,0.74,12.38,9.35,2.13,2.2,2.1,2,2,22,9,9,40,5,1,0,0,9,1,10,10,21,30,11,34,10,56,8,3,20,9,2,0.66,1.05,0.51,1,0,0,40.06,31,30.93,1,0.36,0,0.32,2.27,2.25,2.22,350,25,39,57,229,64,49,52,185,10,9,80361,34,32,10,14,86.4,8.01,7.84,8.04,7.89,78,43,56,177,8,6,0,87,26,8,2.49,3.15,2.37,3,3,2,179.28,121,122.19,1.21,0.96,0.96,8.26,8.33,8.28,115.85,10.28,9.92,10.38,10,107,53,60,220,8,13,1,122,25,13,3.45,3.01,3.82,2,2,4,217.07,160,159.21,1.54,2.99,2.99,8.83,8.86,8.76,67.85,63.96,1232,1205
Zach Bogosian,67493,1424,10.87,0.45,0.48,0.46,0.48,0.46,0.48,193,71.14,3.02,4.16,18.35,2.39,43.03,34.04,2.95,2.99,2.92,4,5,73,32,30,135,11,2,9,1,18,4,24,48,71,103,15,36,0,59,11,31,100,4,1,2.2,0.57,0.26,1,1,0,132.96,105,103.41,24,0.88,1.81,0.43,3.47,3.45,3.4,1424,140,186,212,886,208,245,211,760,0,0,136747,36,22,8,97,536.46,45.02,43.68,45.14,43.81,542,198,220,960,34,47,9,544,159,37,14.91,19.23,10.88,10,16,8,957.26,740,737.44,7.47,9.27,9.35,43.14,43.21,42.61,623.39,55.49,53.45,55.25,53.25,649,226,266,1141,56,51,11,656,174,45,19.59,20.91,14.98,17,22,17,1141.51,875,874.69,9.74,11,10.95,54.28,54.18,53,106.27,112.95,2047,2227
Sean Kuraly,4416,115,2.12,0.55,0.58,0.58,0.53,0.56,0.55,91,10.62,0.89,0.64,2.5,0.35,5.91,4.71,0.86,0.91,0.88,0,1,11,4,6,21,1,0,0,0,3,0,5,7,11,15,1,2,1,9,2,0,12,3,0,0.47,0.42,0,0,0,0,22.41,15,15.66,0,0.13,0,0.15,0.87,0.88,0.85,115,19,6,21,69,19,17,8,71,1,2,24984,2,2,1,1,35.8,2.36,2.32,2.42,2.38,40,10,19,69,1,1,0,42,7,1,1.26,0.89,0.22,0,1,0,72.84,50,52.01,0.49,0.15,0.15,2.7,2.76,2.71,28.72,1.94,1.92,1.86,1.85,30,10,9,49,2,4,1,33,4,3,0.62,0.6,0.72,1,0,1,47.15,40,38.57,0.35,0.84,0.84,1.44,1.42,1.41,21.66,15.38,400,358
Jakob Forsbacka Karlsson,505,13,0.15,0.92,0.42,0.58,0.47,0.63,0.44,11,0,0,0,0,0,0,0,0,0,0,0,0,0,0,0,0,0,0,0,0,0,0,0,0,0,0,0,0,1,0,0,0,0,0,0,0,0,0,0,0,0,0,0,0,0,0,0,0,0,0,0,13,1,2,0,10,3,4,1,5,1,1,3095,0,0,0,1,4.06,0.43,0.43,0.39,0.39,3,2,2,7,0,0,0,2,3,0,0.01,0.41,0,0,0,0,6.31,5,4.52,0.06,0,0,0.49,0.45,0.45,2.16,0.04,0.04,0.04,0.04,2,1,2,5,0,0,0,3,0,0,0.04,0,0,0,0,0,5.57,3,3.35,0.02,0,0,0.05,0.06,0.06,1.2,1.66,41,47
Erik Karlsson,123989,2425,73.75,0.56,0.45,0.53,0.45,0.53,0.45,98,230.94,13.29,14.8,59.25,7.48,140.02,102.16,12.75,13.3,12.76,25,29,218,119,169,506,71,17,21,2,56,7,108,128,201,320,14,28,0,67,59,106,314,13,10,7.53,1.69,4.07,9,2,6,503.31,337,336.4,81,3.31,4.54,1.27,15.34,15.34,14.85,2425,408,306,413,1298,312,365,404,1344,0,0,157348,28,42,21,201,1136.23,110.6,106.19,110.78,106.38,1139,449,527,2115,112,89,17,1215,269,104,33.86,32.88,43.86,36,33,43,2108.15,1588,1586.41,17.54,20.05,20.88,107.26,107.55,105.5,991.43,86.65,84.05,87.16,84.54,993,397,513,1903,85,73,13,1051,258,81,29.66,30.4,26.6,32,27,26,1914.96,1390,1398.45,14.76,15.59,15.59,85.83,86.28,84.48,94.75,114.23,2213,2713
Drake Caggiula,46782,1070,18.41,0.58,0.51,0.52,0.5,0.53,0.51,494,95.28,11.35,7.07,21.14,3.4,52.33,38.7,11.01,11.28,10.93,6,5,92,42,36,170,18,7,10,0,16,4,55,42,85,127,8,16,117,96,22,25,80,44,10,3.1,5.39,2.85,1,5,1,169.01,134,132.85,11,1.58,1.53,2.02,10.91,10.83,10.65,1070,159,110,157,644,165,137,156,612,117,166,168971,16,30,15,19,384.76,33.71,32.8,33.83,32.91,395,143,192,730,34,26,7,407,101,30,11.64,12.3,9.78,10,12,12,732.82,538,539.23,5.87,5.29,5.5,34.09,34.16,33.59,334.96,24.71,24.06,24.81,24.14,328,143,204,675,22,14,3,374,85,12,11.07,10.5,3.15,8,10,4,670.43,471,470.29,4.59,2.61,2.61,26.7,26.7,26.23,145.21,142.18,2663,2698
Artem Anisimov,68529,1401,38.73,0.5,0.49,0.53,0.48,0.52,0.48,265,107.63,16.11,9.08,20.83,3.43,52.95,37.59,15.6,16.11,15.59,12,11,105,35,51,191,45,22,7,8,14,0,41,56,83,118,15,30,416,18,35,16,83,41,16,3.13,5.6,7.38,2,9,11,191.73,140,140.32,6,2.11,1.74,4.75,13.47,13.5,13.35,1401,260,112,227,802,157,228,186,830,416,506,163881,30,18,9,27,577.93,52.65,51.44,53,51.77,584,218,319,1121,69,30,11,618,146,38,18.07,17.89,16.7,22,24,23,1130.06,802,808.5,9.12,6.3,6.78,54.99,55.33,54.5,546.9,52.82,50.13,52.45,49.78,579,170,234,983,48,56,15,544,151,54,14.79,18.69,19.34,15,11,22,971.7,749,740.71,7.88,12.96,12.73,47.96,47.66,46.79,124.78,129.17,2473,2646
Brendan Perlini,49933,1019,13.73,0.49,0.41,0.48,0.44,0.47,0.43,366,94.9,9.28,7.05,20.65,3.08,52.35,36.59,9.12,9.22,9.05,3,4,91,38,44,173,21,14,6,1,27,1,36,45,77,115,10,20,1,40,7,12,87,36,6,2.91,4.31,2.06,9,4,1,170.04,129,127.94,4,1.56,0.98,1.36,9.47,9.39,9.29,1019,145,97,168,609,140,185,154,540,1,1,154224,20,16,8,14,395.93,35.44,33.83,35.31,33.7,382,161,192,735,34,30,6,403,106,34,11.37,12.91,11.16,12,12,10,724.07,543,537.7,6.18,6.04,6.32,35.3,35.14,34.3,443.33,37.31,35.78,37.69,36.14,418,201,182,801,30,42,5,477,104,38,13.96,12.44,10.91,11,9,10,813.05,619,628.88,6.3,7.69,8.03,35.57,35.86,35.32,104.15,149.03,2130,2763
Brendan Smith,58880,1319,11.8,0.46,0.46,0.48,0.49,0.48,0.49,185,65.1,3.43,4.07,15.93,2.11,40.03,28.44,3.39,3.44,3.39,6,0,62,32,49,143,9,3,6,0,19,4,27,35,59,91,27,63,0,59,11,37,83,10,1,1.96,1.12,0.35,1,2,0,143.17,94,93.53,29,0.9,0.99,0.08,4.25,4.25,4.2,1319,171,185,199,764,168,168,199,784,0,0,128196,63,45,18,65,451.54,37.48,36.32,37.83,36.66,439,188,204,831,38,25,8,485,110,32,14.03,12.87,10.58,14,12,12,833.77,627,628.82,6.39,5.24,5.79,38.08,38.46,37.75,490.04,44.7,43.29,44.69,43.3,500,178,209,887,42,36,11,485,155,38,14.24,18.71,11.75,10,19,13,890.13,678,679.91,7.42,8.29,8.29,43.83,43.81,42.99,91.4,105.76,1856,1963
Colton Sceviour,69339,1576,27.83,0.44,0.51,0.46,0.54,0.47,0.53,553,158.63,14.01,10.48,35.52,5.22,79.67,70.09,13.58,14.02,13.59,9,6,167,48,43,258,24,9,12,3,48,4,67,75,158,206,9,23,28,104,40,23,158,46,11,4.93,5.45,3.62,0,5,4,258.03,215,215.39,5,2.25,2.27,2.84,13.41,13.46,13.29,1576,157,234,252,933,240,202,211,923,28,27,220007,23,27,12,63,521.47,43.31,42.06,43.49,42.24,547,182,220,949,35,37,8,568,126,35,16.83,14.45,12.02,8,13,14,949.52,729,730.68,7.1,8.02,8.58,41.82,42.01,41.28,598.09,54.97,53.03,55.09,53.15,617,220,273,1110,58,50,10,625,163,49,17.7,19.04,18.22,22,19,17,1116.31,837,840,9.1,10.96,11.12,52.95,53.02,51.67,175.72,172.09,3549,3063
Brandon Davidson,35841,822,8.75,0.44,0.48,0.49,0.5,0.49,0.51,201,38.42,1.27,2.34,10.53,1.29,24.69,17.87,1.27,1.25,1.24,2,1,42,16,32,90,3,0,0,0,12,2,15,29,42,58,5,10,0,42,7,20,57,1,0,1.17,0.11,0,0,0,0,89.11,58,57.68,18,0.46,0,0,1.74,1.71,1.7,822,72,107,111,532,84,106,117,515,0,0,103769,10,0,0,61,272.67,20.15,19.55,20.4,19.79,272,109,140,521,20,18,4,310,58,13,9.33,7.28,3.55,8,8,4,523.19,381,382.73,3.65,3.71,3.63,20.18,20.43,20.22,284.92,25.16,24.54,25.09,24.48,287,109,150,546,26,19,6,294,79,23,8.18,9.63,7.36,5,14,7,540.16,396,393.77,4.2,3.75,4.24,25.12,25.02,24.7,80.72,87.7,1593,1622
Ryan Nugent-Hopkins,85889,1937,41.68,0.47,0.54,0.5,0.51,0.51,0.52,320,176.39,21.58,12.06,36.87,5.56,92.73,72.2,21,21.62,21.02,14,11,197,44,79,320,43,18,13,6,40,12,71,87,179,223,13,29,551,46,48,30,154,62,25,5.42,7.13,9.04,1,7,10,322.55,241,242.27,17,2.69,3.79,2.79,21.49,21.41,21.1,1937,316,273,363,985,291,271,301,1074,551,701,209676,29,25,11,35,746.87,71.1,68.8,71.34,69.02,756,285,367,1408,59,47,11,767,207,67,22.39,24.33,24.39,11,25,23,1415.46,1041,1045.75,11.48,11.78,11.78,70.8,70.86,69.32,731.89,79.81,73.17,80.07,73.41,730,290,397,1417,68,76,11,714,228,78,21.69,28.51,29.62,21,23,24,1409.77,1020,1018.94,12.16,18.55,19.04,72.92,73.14,70.63,177.34,152.43,3231,3149
Markus Granlund,71624,1621,31.99,0.47,0.45,0.52,0.47,0.5,0.46,354,126.39,14.81,9.14,27.64,4.17,67.34,50.89,14.42,14.72,14.32,8,5,122,52,46,220,32,19,7,2,22,3,44,79,103,155,7,14,40,32,33,18,111,47,16,4.08,5.86,4.87,3,11,5,218.31,174,172.37,9,2.05,1.01,2.68,14.18,14.08,13.88,1621,243,210,257,911,279,207,248,887,40,61,180217,14,28,14,11,552.15,50.57,49,50.41,48.83,559,207,304,1070,48,35,11,562,157,47,15.71,19.54,15.33,10,22,16,1058.93,766,758.58,8.49,8.66,8.66,50.39,50.2,49.06,557.12,55.98,54.58,56.5,55.09,572,206,218,996,63,34,11,564,167,47,17.04,20.47,18.47,15,31,17,1003.16,778,784.44,8.33,9.28,9.76,54.55,55.03,54.08,118.56,147.8,2500,2822
Tanner Richard,2287,49,-0.17,0.4,0.59,0.54,0.52,0.53,0.52,26,1.38,0.05,0.09,0.31,0.04,0.93,0.58,0.05,0.05,0.05,0,0,1,1,1,3,0,0,0,0,0,0,0,2,1,2,1,2,13,6,2,1,2,0,0,0.05,0,0,0,0,0,2.92,2,2,1,0.02,0,0,0.07,0.07,0.06,49,7,6,10,26,8,7,6,28,13,17,8513,2,0,0,2,16.24,0.96,0.92,0.92,0.89,16,7,7,30,0,1,0,21,1,1,0.57,0.1,0.28,0,0,0,28.43,23,22.05,0.22,0.28,0.28,0.89,0.86,0.84,14.05,1.42,1.39,1.47,1.44,11,9,6,26,2,2,1,14,4,2,0.4,0.5,0.52,1,0,1,27.4,20,20.51,0.19,0.52,0.52,1.1,1.13,1.12,8.27,5.64,126,116
Nic Dowd,52314,1230,30.14,0.6,0.5,0.62,0.54,0.63,0.53,612,83.19,10.28,5.96,18.21,2.71,44.44,31.39,9.77,10.28,9.78,10,6,78,35,31,144,22,6,7,2,19,2,41,38,72,107,11,25,338,145,19,22,71,29,13,2.59,3.37,4.31,3,0,3,144.44,113,113.76,9,1.32,1.9,3.42,8.18,8.2,7.99,1230,208,87,134,801,205,157,165,703,338,369,203168,25,17,7,35,504.5,43.24,41.25,42.88,40.91,477,225,248,950,30,52,9,538,122,42,14.55,15.27,13.42,14,6,10,938.52,702,695.35,7.6,11.66,11.88,38.96,38.73,37.61,300.28,28.35,27.78,28.66,28.1,287,127,179,593,33,21,4,298,91,25,8.86,11.17,8.31,13,7,13,599.58,414,419.97,4.06,4.22,4.29,28.12,28.46,28.18,156.54,154.13,3407,2959
Connor Jones,2843,65,0.78,0.59,0.52,0.52,0.45,0.48,0.46,35,2.12,0.69,0.06,0.39,0.05,0.89,0.91,0.69,0.69,0.69,0,0,2,1,6,9,0,0,0,0,0,1,2,0,2,3,1,2,8,13,2,1,2,0,1,0.03,0,0.66,0,0,0,9.54,3,3.13,1,0.01,0,0,0.7,0.7,0.7,65,5,5,10,45,10,5,6,44,8,5,11642,2,4,2,3,18.49,1.38,1.37,1.43,1.42,17,9,13,39,1,0,0,23,2,1,0.43,0.28,0.66,1,0,0,41.61,26,27.53,0.17,0,0,1.55,1.61,1.61,20.27,0.95,0.94,0.9,0.89,18,10,8,36,0,1,0,25,3,0,0.65,0.3,0,0,0,0,33.29,28,26.23,0.24,0.12,0.12,1.07,1.01,1,9.17,8.3,163,198
Chris Kreider,75262,1662,59.4,0.63,0.46,0.61,0.45,0.61,0.46,361,193.65,24.19,14.52,41.85,6.85,107.32,72.27,22.86,24.09,22.77,18,7,184,83,47,314,52,27,19,5,40,6,76,99,157,240,26,58,4,132,17,31,164,81,22,5.63,9.66,8.91,6,12,9,313.5,267,266.33,13,3.41,4.8,5.36,22.23,22.17,21.66,1662,369,163,284,846,261,204,271,926,4,4,194092,58,48,21,29,785.23,70.47,67.03,70.19,66.78,779,322,347,1448,76,63,16,849,187,65,23.63,21.86,24.99,24,26,26,1440.18,1101,1094.46,12.42,13.92,14.02,68.87,68.63,66.97,492.13,40.6,39.39,40.85,39.64,488,207,236,931,48,30,9,545,119,31,15.68,14.49,10.45,17,20,11,933.2,695,697.74,6.37,7.35,7.86,39.11,39.31,38.74,136.94,160.65,2653,3269
Mark Letestu,65796,1596,29.35,0.5,0.52,0.48,0.51,0.49,0.52,558,117.14,14.99,8.56,24.64,4.33,66.32,44.23,14.46,14.98,14.45,12,7,120,44,57,221,35,16,14,2,25,2,55,52,104,148,7,17,438,71,24,23,108,41,15,3.2,4.98,6.81,4,4,8,220.08,164,163.37,9,2.02,3.23,2.08,14.93,14.94,14.6,1596,267,420,172,737,187,166,247,996,438,438,215369,17,19,7,33,512.02,58.17,56.1,58.18,56.1,531,187,253,971,63,43,10,504,152,62,14.05,18.46,25.66,18,16,29,974.13,718,719.52,8.97,9.57,9.43,57.71,57.7,56.26,546.29,58.14,54.71,58.19,54.74,558,202,294,1054,53,45,10,548,152,60,16.06,18.16,23.92,15,15,23,1047.03,760,756.69,9.42,10.92,10.93,56.62,56.55,54.37,175.8,165.09,3424,3296
Casey Nelson,8319,217,1,0.39,0.5,0.52,0.49,0.5,0.48,64,8.52,0.23,0.38,2.46,0.32,4.73,3.88,0.23,0.24,0.24,0,0,10,2,7,19,0,0,0,0,5,0,4,3,10,12,2,4,0,15,0,1,12,0,0,0.23,0,0,0,0,0,18.95,12,12.06,0,0.08,0,0.05,0.26,0.26,0.26,217,26,19,36,136,31,33,25,128,0,0,31718,4,0,0,5,64.65,4.08,4.01,4.04,3.97,64,23,32,119,3,2,0,73,14,0,2.14,1.94,0,1,2,0,116.92,87,85.88,0.84,0.25,0.25,4.67,4.61,4.55,64.11,6.32,6.22,6.4,6.31,67,21,21,109,6,3,1,66,17,5,2.01,2.34,1.97,1,3,2,111.65,88,89.83,0.97,0.9,0.9,6.39,6.45,6.4,23.06,23.16,488,511
Francois Beauchemin,102981,2123,19.02,0.42,0.46,0.44,0.51,0.44,0.5,221,124.22,4.99,7.35,32.8,4.21,77.17,58.47,4.18,4.95,4.13,8,5,131,54,88,273,17,4,1,1,41,2,53,84,127,181,15,30,0,72,27,46,179,3,3,3.29,0.37,1.33,4,0,0,266.06,185,181.58,38,1.54,0.07,0.29,6.24,6.17,5.4,2123,211,364,270,1278,249,284,299,1291,0,0,186685,30,14,7,155,736.27,64.53,60.37,63.95,59.8,755,294,342,1391,56,56,11,830,157,62,22.78,18.64,23.1,20,17,19,1358.18,1049,1030.05,10.52,12.14,12.43,62.62,61.99,59.02,933.96,88.36,82.68,89.65,83.92,970,350,456,1776,105,74,21,999,239,82,27.65,28.96,31.75,34,38,33,1821.25,1320,1349.62,14.65,18.71,18.87,84.15,85.33,81.94,122.07,141.15,2824,2680
Vernon Fiddler,41249,1070,-2.14,0.31,0.5,0.35,0.51,0.36,0.51,563,52.6,4,3.28,11.23,1.56,28.97,22.96,3.99,4.03,4.01,1,1,48,24,17,89,4,2,3,0,11,1,17,38,46,70,19,46,370,57,12,21,55,15,2,1.64,1.79,0.58,1,1,0,89.04,72,72.24,11,0.67,0.59,0,4.69,4.71,4.68,1070,51,283,160,576,128,139,151,652,370,319,174031,46,44,19,33,222.49,17.5,17.12,17.59,17.2,217,97,94,408,12,10,5,249,52,13,6.56,6.09,4.85,3,3,6,409.76,314,315.72,2.93,2.21,2.33,18.11,18.22,17.94,403.43,39.83,38.27,40.08,38.52,407,155,198,760,43,28,7,420,99,43,12.22,11.97,15.64,11,14,18,764.65,562,566.72,6.55,6.84,7.68,38.7,38.93,38.14,132.43,132.1,2653,2550
Troy Brouwer,72029,1610,15.84,0.46,0.49,0.48,0.51,0.47,0.5,375,92.77,10.92,7.46,18.93,3,51.08,35.6,10.51,11,10.59,5,7,87,40,26,153,25,13,4,0,12,2,48,48,74,114,14,31,20,171,22,30,74,41,12,2.36,5.17,3.38,1,7,5,154.14,127,127.6,21,1.7,0.87,1.31,11.31,11.39,11.12,1610,327,203,254,826,174,275,221,940,20,44,197607,31,29,13,39,544.28,52.24,50.32,52.45,50.54,553,209,303,1065,54,36,13,562,149,51,15.31,17.74,19.19,13,19,22,1068.72,762,764.7,9.02,8.27,8.98,52.29,52.53,51.32,622.92,60.78,59.11,60.97,59.29,645,229,274,1148,55,47,7,661,158,55,19.01,19.14,22.61,16,20,19,1151.3,874,876.99,9.64,10.66,11.65,58.76,59.02,58.14,143.6,150.4,2975,2909
Brendan Gallagher,57965,1353,45.53,0.6,0.49,0.59,0.49,0.6,0.49,394,180.83,19.01,13.45,40.77,5.87,95.45,67.45,18.01,19.28,18.24,11,8,187,55,84,326,29,10,22,0,36,13,94,67,177,232,15,39,30,69,33,25,165,58,19,5.29,7.56,6.17,6,2,2,329.56,242,243.96,13,2.98,4.98,5.38,16.6,16.79,16.5,1353,272,123,229,729,220,195,214,724,30,44,175936,39,43,20,15,603.56,53.97,51.53,54.46,51.99,600,228,285,1113,49,54,7,627,143,58,17.43,17.69,18.85,20,10,19,1124.86,828,834.68,9.46,12,12,51.42,51.85,50.53,402.1,35.92,34.74,35.7,34.55,411,149,211,771,26,29,1,420,102,38,12.15,12.27,11.5,15,8,3,769.18,560,558.97,5.56,6.49,6.84,34.65,34.55,33.99,126.1,133.44,2651,2750
Ryan McDonagh,110952,2242,38.75,0.54,0.49,0.5,0.49,0.52,0.49,86,149.54,8.49,9.68,37.38,4.82,91.21,65.43,8.12,8.42,8.06,22,14,150,67,100,317,42,6,16,2,40,4,84,67,144,211,17,37,0,78,45,60,198,10,9,4.36,1.27,2.86,2,2,2,314.3,217,214.2,40,2.3,3.18,0.98,9.8,9.73,9.38,2242,319,353,404,1166,270,297,366,1309,0,0,165302,37,36,17,158,999.86,100.62,96.29,100.85,96.56,1003,395,408,1806,102,92,20,1023,270,105,28.03,33.19,39.4,25,38,39,1810.29,1398,1399.28,16.01,20.06,19.73,96.9,97.37,95.38,927.39,84.5,81.94,84.18,81.62,917,388,516,1821,78,61,7,994,245,66,28.53,29.98,26,26,28,24,1815.12,1305,1301.13,13.72,13.31,13.66,84.57,84.3,82.5,117.11,121.37,2400,2526
Simon Despres,968,19,-0.23,0.4,0.66,0.44,0.6,0.56,0.61,5,1.48,0.02,0.11,0.41,0.05,0.76,0.65,0.02,0.02,0.02,0,0,1,1,0,2,0,0,1,0,0,0,1,0,1,2,0,0,0,1,0,0,2,0,0,0.02,0,0,0,0,0,1.98,2,1.96,0,0.02,0.03,0,0.04,0.04,0.04,19,4,1,4,10,1,1,4,13,0,0,2632,0,0,0,1,7.59,0.35,0.35,0.35,0.35,6,4,1,11,0,1,0,9,1,0,0.17,0.18,0,0,0,0,10.93,10,9.92,0.15,0.03,0.03,0.47,0.47,0.47,6,0.52,0.52,0.52,0.52,2,6,6,14,0,0,0,6,2,0,0.24,0.29,0,0,0,0,14.09,8,8.1,0.1,0,0,0.62,0.61,0.61,3.52,1.81,53,35
Brett Kulak,17945,415,2.98,0.46,0.48,0.51,0.49,0.48,0.49,117,20.38,0.57,1.14,5.64,0.75,12.42,9.48,0.57,0.57,0.57,2,1,19,11,23,53,3,0,2,0,9,0,9,10,19,30,6,12,0,14,4,10,30,0,0,0.57,0,0,0,0,0,51.82,30,29.78,9,0.23,0.31,0.05,0.75,0.75,0.75,415,41,44,65,265,81,65,60,209,0,0,58719,12,2,1,13,133.78,10.57,10.26,10.41,10.1,135,53,84,272,8,12,1,147,30,11,3.93,3.56,3.08,2,3,3,265.13,188,185.28,1.82,1.96,1.96,10.43,10.28,10.13,149.53,12.47,12.21,12.68,12.41,152,53,57,262,12,9,1,163,31,11,4.97,3.87,3.63,5,5,2,270.04,205,208.94,2.01,2.42,2.42,12.06,12.19,12.09,43.88,47.23,857,893
Casey Cizikas,49230,1254,24.14,0.45,0.5,0.41,0.5,0.43,0.5,451,76.26,11.08,5.39,16.29,2.5,36.04,30.7,10.6,11.12,10.66,13,4,82,20,25,127,25,8,11,5,20,1,27,35,74,94,15,30,420,144,36,24,55,32,15,1.64,4.05,5.39,0,2,6,126.92,102,102.09,13,1.16,3.69,3.77,8.47,8.47,8.34,1254,109,295,206,644,173,134,174,773,420,426,166133,30,28,13,58,345.15,34.62,33.02,34.64,33.06,366,117,159,642,34,28,12,360,83,40,9.65,10.19,14.78,11,6,17,638.82,483,482.45,4.64,8.72,9.03,30.23,30.16,29.64,451.14,42.64,39.84,42.89,40.08,439,201,274,914,35,35,8,477,122,41,13.67,14.94,14.04,10,13,12,914.91,640,640.83,7.42,7.91,9.26,40.81,41,39.09,132.1,129.9,2694,2723
Oliver Bjorkstrand,21980,483,17.53,0.6,0.48,0.59,0.47,0.6,0.47,199,48.79,6.58,3.94,10.35,1.62,26.02,17.49,6.16,6.58,6.15,4,3,55,11,24,90,13,6,8,0,14,6,15,17,49,60,2,6,1,14,8,8,37,20,9,1.42,2.5,2.66,4,2,0,90.96,66,66.95,1,0.88,1.54,1.96,5.5,5.53,5.45,483,89,45,59,290,86,66,82,249,1,0,71996,6,15,6,9,197.79,19.73,18.48,19.8,18.54,221,55,97,373,23,18,3,204,50,22,5.99,6.2,7.54,12,7,4,377.43,276,279.38,3.15,4.54,4.54,18.34,18.35,17.75,136.19,13.18,12.72,13.27,12.8,140,47,67,254,13,14,4,131,40,16,3.49,4.86,4.83,1,6,6,252.41,187,185.69,1.85,2.81,2.74,12.29,12.32,12.17,55.02,59.06,1106,1238
Jujhar Khaira,5554,137,1.95,0.61,0.54,0.51,0.52,0.59,0.54,111,10.31,1.13,0.78,2.09,0.35,6.36,4.29,1.1,1.11,1.08,0,0,10,5,3,18,1,1,1,0,1,0,7,5,9,14,1,2,7,20,1,2,8,7,0,0.19,0.94,0,0,1,0,18.25,15,15.17,1,0.16,0.18,0,1.29,1.27,1.24,137,14,20,22,81,27,21,18,71,7,12,30853,2,0,0,5,39.7,3.52,3.44,3.49,3.42,42,15,18,75,2,1,0,39,17,1,1.09,2.21,0.23,0,2,0,76.56,57,58.21,0.56,0.18,0.18,3.9,3.88,3.84,28.31,2.22,2.18,2.25,2.21,29,11,31,71,1,2,1,32,6,2,1,0.7,0.52,0,0,1,71.21,40,40.45,0.36,0.4,0.4,2.18,2.19,2.16,25.49,21.92,471,435
Phillip Di Giuseppe,26559,621,10.73,0.51,0.53,0.56,0.52,0.55,0.51,318,70.99,7.18,5.02,16.6,2.27,35.78,26.14,6.72,7.14,6.69,3,3,68,25,20,113,7,1,9,0,19,4,29,31,67,92,6,15,0,91,12,13,61,23,9,1.79,2.73,2.67,1,0,0,112.49,93,92.66,5,1.08,1.84,2.12,6.15,6.12,5.98,621,113,56,107,345,99,101,103,318,0,2,105155,15,5,1,10,256.13,21.68,20.67,21.73,20.73,250,102,114,466,12,26,0,258,75,19,7.02,9.24,5.41,5,6,1,465.83,352,351.97,3.73,4.9,4.9,20.51,20.6,20.16,206.42,20.77,20.08,20.76,20.07,203,84,85,372,22,20,5,209,56,22,6.26,7.22,7.29,7,10,5,370.01,287,286.1,2.77,3.48,3.72,19.81,19.82,19.49,84.38,75.67,1652,1516
Mike Fisher,71785,1688,42.61,0.5,0.51,0.51,0.51,0.51,0.51,360,121.18,13.7,8.82,26.72,4.1,64.32,45.35,12.71,13.7,12.71,17,7,120,43,31,194,42,18,10,0,23,5,53,54,102,145,17,45,703,160,21,19,106,41,16,3.07,5.03,5.6,4,7,7,192.82,163,162.02,6,1.94,2.71,1.82,13.82,13.8,12.87,1688,262,378,238,810,233,207,273,975,703,577,190760,45,25,8,64,609.78,55.67,53.17,55.77,53.26,632,210,273,1115,64,47,7,641,136,65,17.11,16.55,22.01,19,20,25,1112.7,842,840.61,9.66,9.93,10.05,55.28,55.33,53.46,586.14,55.17,53.41,55.34,53.59,570,244,278,1092,59,35,10,631,130,53,18.44,15.6,21.12,17,15,27,1095.57,814,817.06,9.49,8.27,8.29,56.37,56.55,55.13,141.94,135.62,3084,2931
Radko Gudas,77555,1739,37.28,0.49,0.55,0.5,0.54,0.51,0.55,251,120.55,4.72,6.16,32.55,4.1,69.28,64.18,4.64,4.69,4.61,10,7,113,68,118,299,23,6,9,1,24,7,60,75,107,175,33,73,0,280,18,40,174,4,3,2.93,0.43,1.36,4,1,1,295.72,181,180.27,34,1.25,1.18,0.49,5.48,5.46,5.37,1739,137,248,273,1081,263,218,248,1010,0,0,167765,73,55,23,124,607.05,51.43,49.78,51.33,49.66,606,255,355,1216,54,52,13,653,157,51,17.97,18.77,14.69,18,16,20,1211.27,861,858.49,7.87,9.17,9.64,49.66,49.62,48.74,602.69,52.91,51.22,53.45,51.76,598,231,390,1219,59,34,5,609,176,44,17.87,20.91,14.14,17,27,15,1226.41,829,835.09,8.69,7.64,7.69,53.91,54.44,53.06,152.83,127.04,2930,2500
Nate Thompson,18694,484,-0.12,0.38,0.53,0.36,0.52,0.35,0.52,290,17.61,1.1,1.1,4,0.51,9.78,7.52,1.09,1.07,1.06,0,1,19,5,10,34,2,1,1,0,3,1,5,13,18,23,4,14,130,69,6,5,20,4,0,0.58,0.52,0,0,1,0,33.92,24,23.75,3,0.23,0.49,0,1.33,1.29,1.28,484,67,73,79,265,58,75,49,302,130,115,90559,14,16,5,9,99.23,7.54,7.29,7.63,7.39,98,41,50,189,6,7,1,114,20,5,3.23,2.54,1.76,2,2,2,191.77,139,140.17,1.34,1.7,1.7,7.19,7.27,7.16,184.83,12.46,12,12.34,11.89,164,94,78,336,3,10,0,206,43,9,5.46,4.96,2.03,1,2,0,330.53,258,254.66,2.72,1.49,1.49,13.69,13.55,13.22,78.23,68.53,1564,1461
J.T. Compher,18811,415,5.72,0.52,0.45,0.5,0.51,0.49,0.49,140,29.87,3.14,2.18,6.53,1.11,17.52,12.52,3.01,3.06,2.94,1,1,30,13,16,59,5,3,2,1,6,1,17,14,27,40,2,4,78,11,6,8,29,12,2,0.98,1.39,0.77,1,1,1,56.82,43,41.8,3,0.47,0.46,0.69,2.91,2.84,2.81,415,62,56,61,236,62,60,57,236,78,86,57506,4,10,5,21,129.38,12.15,11.72,11.96,11.55,129,56,79,264,12,11,3,143,31,11,4,3.77,4.38,4,5,3,255.77,185,180.75,2.01,2.8,2.8,11.35,11.21,10.95,132.91,11.09,10.84,11.32,11.06,143,49,70,262,12,8,4,158,21,13,4.05,2.51,4.53,3,4,5,273.79,192,198.78,1.77,2.91,2.91,9.94,10.15,10.01,39.57,47.54,897,850
Adam Cracknell,43305,1091,23.08,0.48,0.48,0.5,0.5,0.51,0.5,729,91.73,7.92,6.25,20.79,2.94,50.07,39.02,7.78,7.91,7.76,3,3,87,40,43,170,16,10,6,1,15,3,39,54,77,117,5,12,135,91,19,16,93,28,6,2.97,3.28,1.67,1,8,1,170.52,127,127.96,5,1.31,1.17,1.3,7.95,7.96,7.86,1091,117,86,171,717,190,165,146,590,135,160,207483,12,30,15,37,371.56,29.42,28.77,29.53,28.87,354,162,185,701,29,22,6,394,95,27,10.53,11.4,7.49,4,16,9,701.73,516,516.77,5.05,4.49,4.96,29.51,29.64,29.24,358.16,31.24,30.23,31.23,30.24,334,159,208,701,24,27,4,364,100,29,9.76,12.5,8.98,8,7,9,702.87,493,494.09,4.96,5.68,5.43,30.77,30.8,30.34,172.44,185.98,3337,3366
Leo Komarov,84002,2067,32.25,0.51,0.51,0.49,0.51,0.49,0.5,347,112.49,15.92,7.94,22.59,3.68,56.68,45.21,15.33,15.88,15.29,11,7,114,38,26,178,32,14,8,0,27,5,46,52,100,138,13,31,91,232,46,25,83,54,15,3.14,7.17,5.61,3,4,7,179.16,152,153.14,9,1.81,1.39,1.51,16.21,16.21,15.87,2067,284,345,390,1048,290,263,345,1169,91,111,215499,31,35,16,50,735.46,79.6,76.67,79.79,76.86,694,327,335,1356,83,39,12,712,238,71,20.52,30.06,29.03,20,24,39,1363.31,1021,1027.64,10.89,10.18,10.38,80.11,80.3,78.45,765.74,77.78,73.94,77.9,74.07,744,327,341,1412,70,51,15,780,214,77,22.94,24.9,29.93,25,20,25,1407.2,1071,1067.59,11.7,13.89,14.09,75.4,75.53,72.69,188.03,182.68,3633,3556
Miles Wood,46269,1038,9.02,0.5,0.45,0.47,0.46,0.48,0.46,526,111.29,12.81,7.86,23.76,3.71,56.78,42.08,12.56,12.8,12.56,5,4,105,42,20,167,17,8,5,2,24,7,38,65,97,139,24,66,1,68,16,14,92,43,12,3.06,5.5,4.25,1,3,4,165.55,147,146.1,7,1.77,1.21,2.12,12.46,12.42,12.3,1038,170,107,129,632,148,180,136,574,1,1,172197,66,62,22,26,357.13,33.69,32.45,33.47,32.25,356,133,130,619,26,25,6,352,107,30,10.13,12.75,10.8,6,8,12,613.18,489,484.95,5.35,7.41,7.45,31.58,31.42,30.98,383.96,34.07,33.32,34.44,33.69,390,145,171,706,37,19,8,414,95,26,12.49,11.6,9.98,10,18,9,717.92,535,543.13,4.87,3.73,4.37,34.57,34.95,34.6,117.45,146.19,2272,2659
Nikita Soshnikov,36450,933,10.62,0.47,0.51,0.46,0.5,0.48,0.49,586,78.05,6.18,4.89,17.89,2.49,40.78,33.76,6.04,6.15,6,3,1,70,36,27,133,9,5,5,1,17,6,43,30,65,101,8,16,2,101,20,15,84,15,7,2.69,1.85,1.65,2,1,2,133.71,106,106.7,7,1.08,1.63,0.55,6.71,6.69,6.57,933,90,85,176,582,154,144,119,516,2,15,168934,16,14,7,28,281.39,24.99,24.02,25.09,24.12,267,120,120,507,18,22,5,299,60,28,8.3,7.31,9.38,5,5,8,509.4,387,390.51,3.9,5.29,6.05,22.83,22.89,22.42,303.71,28,27.04,27.73,26.8,297,126,164,587,17,22,4,323,74,26,9.67,9.03,9.31,8,6,3,579.99,423,418.8,4.49,4.09,4.81,27.69,27.55,26.95,158.23,151.67,2850,2899
Jordan Eberle,81375,1759,57.82,0.6,0.48,0.58,0.47,0.59,0.48,407,215.23,23.05,14.92,44.66,6.64,120.48,82.25,22.15,23.26,22.36,14,16,205,87,79,371,50,20,13,3,36,8,94,121,185,272,8,16,9,25,38,44,205,69,18,7.49,8.15,7.41,5,8,7,376.25,292,296.33,16,3.32,3.92,5.54,20.84,21.07,20.55,1759,302,152,345,960,280,238,262,979,9,10,214190,16,40,20,37,830.29,84.16,80.88,84.58,81.3,801,348,398,1547,72,63,17,828,236,85,24.46,28.34,31.36,15,26,31,1557.53,1149,1156.91,13.29,17.78,18.07,79.38,79.68,77.5,585.46,56.13,54.36,56.39,54.6,590,222,316,1128,46,44,7,577,187,48,17.85,23.13,15.15,13,20,13,1122.71,812,812.32,8.23,9.58,9.58,54.78,55.04,54.16,164.29,176.11,3092,3438
Loui Eriksson,72825,1588,28.99,0.49,0.43,0.51,0.47,0.49,0.46,210,117.69,15.14,9.67,23.74,3.76,62.53,44.18,14.53,15.08,14.48,10,3,132,27,53,212,24,11,9,2,28,4,46,61,121,148,4,8,0,11,37,16,87,57,15,2.5,7.16,5.48,2,5,4,209.75,159,158.21,6,2.23,1.88,2.22,15.15,15.07,14.83,1588,256,213,268,851,236,196,250,906,0,1,164450,8,24,12,26,575.92,55.81,53.25,55.82,53.25,574,227,311,1112,46,39,12,571,169,61,14.39,20.9,20.52,7,19,20,1101.71,801,796.57,9.33,9.1,9.46,55.68,55.56,54.04,581.16,58.52,56.71,59,57.17,584,234,235,1053,52,35,18,596,169,53,17.61,20.42,20.49,11,19,22,1061.38,818,825.14,8.98,8.66,9.52,57.98,58.31,56.93,104.15,135.35,2244,2553
Devin Shore,69547,1664,31.85,0.53,0.47,0.53,0.5,0.53,0.5,607,126.97,17.25,11.09,25.9,4.19,68.48,44.1,15.97,17.37,16.07,13,7,115,56,42,213,33,13,18,6,24,1,57,58,102,158,7,14,221,44,26,25,96,51,24,3.65,6.32,7.27,2,2,9,212.26,171,170.94,9,2.52,3.52,3.7,16.07,16.07,15.48,1664,222,148,252,1042,248,247,221,948,221,249,228060,14,30,15,71,615.04,52.82,49.96,52.92,50.02,586,266,312,1164,45,56,12,646,151,55,17.25,18.49,17.07,18,10,17,1157.73,852,847.74,9.92,11.27,11.33,51.4,51.39,49.76,530.96,46.7,45.46,46.94,45.7,518,227,303,1048,44,45,7,563,140,42,16.78,16.95,12.96,14,16,14,1050.54,745,747.75,7.26,8.39,8.4,45.57,45.78,45.23,188.03,214.24,3726,3776
Jimmy Vesey,64625,1491,19.34,0.51,0.51,0.49,0.49,0.5,0.5,649,120.8,16.3,9.25,24.39,3.92,63.8,44.34,15.79,16.4,15.89,7,3,113,49,49,211,26,16,9,5,31,3,41,62,97,146,10,26,2,63,43,34,88,53,21,3.39,6.26,6.65,2,7,7,211.74,162,162.46,13,2.04,2.6,5,13.35,13.49,13.3,1491,229,148,241,873,232,209,234,816,2,5,222429,26,42,18,35,502.66,47.44,45.9,47.72,46.17,487,213,246,946,44,41,10,507,145,48,14.43,17.31,15.69,12,15,17,947.9,700,701.21,7.65,10.06,10.06,45.03,45.39,44.6,510.44,45.57,44.02,45.43,43.89,529,183,258,970,45,44,13,535,126,51,14.91,15.17,15.49,16,11,18,966.29,712,708.73,6.94,10.27,10.21,42.3,42.14,41.54,176.5,168.18,3404,3552
Alexei Emelin,97227,1980,18.05,0.44,0.54,0.45,0.54,0.45,0.54,256,86.7,2.81,4.88,24.09,2.9,52.71,39.62,2.76,2.79,2.74,3,5,82,45,73,200,10,2,4,0,29,3,48,41,80,125,33,71,0,241,16,84,126,1,0,2.72,0.08,0,2,0,0,199.27,127,126.71,77,0.98,0.66,0.22,3.56,3.54,3.48,1980,195,380,394,1011,285,238,289,1168,0,0,179940,71,38,19,127,685.17,59.99,56.9,60.27,57.23,675,274,379,1328,47,62,6,730,166,53,20.24,20.48,19.27,20,16,11,1336.06,949,955.67,9.35,13.11,13.21,56.13,56.55,55.49,842.15,76.31,72.91,76.38,72.99,867,307,447,1621,74,44,11,892,221,61,25.85,27.62,22.84,33,22,19,1622.42,1174,1175.59,13.57,10.46,10.48,79.39,79.46,76.87,146.57,125.3,3050,2576
Morgan Rielly,101089,2335,35.17,0.47,0.53,0.47,0.51,0.47,0.51,167,172.64,10.11,9.8,44.26,5.68,97.46,81.69,9.79,10.05,9.75,14,7,171,78,103,352,27,6,6,1,43,8,80,106,165,243,9,21,0,46,34,76,221,22,6,5.33,2.64,2.13,4,1,1,350.9,249,248.82,62,2.18,2.08,1.13,11.15,11.12,10.87,2335,267,383,446,1239,293,266,348,1428,0,0,176512,21,23,10,120,886.94,86.68,83.85,87.15,84.32,864,372,398,1634,71,49,10,887,278,71,26.97,34.02,25.69,19,29,23,1644.7,1236,1246.26,12.71,12.81,14.91,84.47,84.79,83.18,994.58,97.14,93.1,96.83,92.81,991,402,415,1808,105,71,23,1044,261,88,32.28,30.61,34.25,40,28,37,1790.65,1393,1382.58,15,18.53,18.72,93.41,93.21,90.66,162.11,145.65,2985,2815
Mats Zuccarello,89175,1898,60.62,0.6,0.48,0.57,0.46,0.59,0.46,175,177.05,15.77,11.48,42.73,6.31,100.51,71.2,15.29,15.79,15.32,22,21,187,61,75,323,58,15,7,2,42,17,71,96,172,233,14,26,6,82,68,53,194,43,11,6.08,5.22,4.47,5,3,7,324,248,248.55,20,2.63,1.6,2.1,16.3,16.36,16.04,1898,400,222,323,953,298,263,320,1017,6,7,198179,26,42,21,52,881.69,82.95,79.32,82.95,79.33,894,347,364,1605,88,69,18,935,233,73,25.58,27.97,29.4,28,27,33,1604.65,1241,1239.63,14.04,15.65,15.75,81.25,81.29,79.44,620.26,55.47,53.9,55.71,54.13,618,259,325,1202,53,34,11,674,154,49,19.35,18.55,17.58,17,17,19,1198.73,877,876.42,8.52,8.88,9.4,54.6,54.74,53.86,143.59,157.26,2773,3315
Christopher Tanev,64697,1435,10.27,0.39,0.47,0.41,0.51,0.4,0.49,153,42.64,1.48,2.3,10.19,1.35,25.13,22.56,1.47,1.46,1.45,3,5,39,24,29,92,10,2,4,0,8,2,15,32,37,61,7,14,0,19,15,25,60,3,0,1.15,0.33,0,1,1,0,89.72,63,61.58,23,0.47,0.65,0,1.96,1.93,1.91,1435,121,280,265,769,144,118,201,972,0,0,128440,14,12,6,91,381.41,30.39,29.85,30.45,29.9,388,144,207,739,34,16,7,413,97,22,10.52,11.78,8.09,10,11,13,731.35,532,528.05,5.07,4.02,4.02,31.44,31.35,31.07,556,48.06,46.66,48.05,46.65,568,218,259,1045,52,29,7,609,137,40,17.49,16.16,14.41,21,17,14,1053.85,786,790.24,9.14,7.78,8.05,49.15,49.21,48.11,95.28,106.19,1941,1896
Dennis Seidenberg,85089,1612,23.97,0.46,0.51,0.44,0.49,0.45,0.49,270,73.92,2.66,3.95,18.56,2.42,41.54,41.87,2.58,2.66,2.57,5,12,89,22,55,166,22,5,8,1,18,4,26,50,84,106,17,32,0,154,10,33,107,3,1,1.88,0.41,0.37,5,0,0,165.87,111,111.39,26,0.79,1.99,0.59,2.85,2.86,2.81,1612,102,194,244,1072,202,231,215,964,0,0,180431,32,14,7,146,628.35,56.1,54.8,56.84,55.5,657,231,313,1201,68,37,14,681,152,55,19.65,18.47,17.98,24,23,21,1207.24,888,898.78,8.54,8.61,9.82,54.82,55.46,54.71,758.71,66.32,64.19,66.28,64.16,725,341,459,1525,58,37,6,819,201,46,24.93,25.04,16.34,17,26,15,1524.95,1066,1063.2,11.52,8.62,9.09,68.75,68.77,67.35,149.4,144.98,2858,2939
Alexandre Grenier,1167,29,0.4,0.68,0.44,0.66,0.48,0.58,0.45,33,1.35,0.02,0.07,0.45,0.04,0.83,0.58,0.02,0.02,0.02,0,0,1,1,2,4,0,0,0,0,1,0,1,0,1,2,0,0,2,3,0,0,2,0,0,0.02,0,0,0,0,0,3.88,2,1.94,0,0.01,0,0,0.03,0.03,0.03,29,4,2,4,19,4,1,5,19,2,0,9784,0,0,0,0,7.58,0.69,0.66,0.64,0.61,9,2,8,19,0,0,0,8,2,1,0.28,0.2,0.21,0,0,0,17.79,11,10.27,0.12,0,0,0.82,0.76,0.72,4.91,0.33,0.33,0.35,0.35,6,2,2,10,1,1,1,7,1,0,0.21,0.12,0,1,0,0,10.73,8,8.57,0.07,0,0,0.39,0.42,0.42,6.53,8.46,149,161
Sergey Kalinin,33008,800,-0.05,0.33,0.49,0.39,0.49,0.39,0.49,386,35.32,3.64,2.59,7.29,1.09,19.49,13.92,3.49,3.57,3.42,2,0,38,10,8,56,4,2,2,0,14,1,17,12,36,46,6,15,72,53,7,10,27,18,3,0.88,2.12,0.64,1,1,0,55.82,48,47.4,4,0.56,0.42,0,4.19,4.12,3.95,800,49,159,105,487,103,122,97,478,72,102,124345,15,15,6,20,187.19,14.85,14.47,14.61,14.24,185,78,80,343,6,7,1,196,57,10,5.02,6.43,3.39,1,2,3,341.08,263,261.53,2.58,0.81,1.15,16.28,16.08,15.73,298.83,29.87,28.09,29.87,28.1,315,100,132,547,32,19,7,308,76,31,8.46,9.23,12.18,11,8,13,551.65,415,418.81,4.46,5.16,5.44,28.9,28.98,27.98,92.04,95.36,1759,1835
Alexander Wennberg,88212,1893,54.01,0.58,0.48,0.56,0.47,0.56,0.47,242,99.3,11.21,7.15,21.38,3.04,54.73,37.49,10.66,11.38,10.82,27,19,109,26,51,186,59,13,10,2,12,5,33,62,96,122,9,21,609,58,44,31,94,29,12,3.02,3.72,4.48,4,5,4,187.62,135,136.38,10,1.66,2.44,1.22,11.65,11.79,11.39,1893,393,170,355,975,231,283,300,1079,609,676,202769,21,37,16,56,810.11,82.24,78.2,82.76,78.7,832,288,371,1491,89,62,15,815,223,82,22.27,27.45,32.52,31,29,29,1501.81,1120,1127.98,13.41,16.56,16.56,79.09,79.59,77.19,639.69,58.38,57.13,58.39,57.13,622,256,291,1169,49,42,7,656,169,53,18.5,21.08,18.8,17,18,14,1159.89,878,874.27,8.83,9.52,9.58,57.63,57.55,56.84,147.68,162.22,2979,3341
Dustin Brown,76801,1729,47.87,0.51,0.53,0.53,0.56,0.53,0.55,376,187.96,18.4,12.98,42.31,5.78,98.93,72.6,17.83,18.31,17.76,9,13,175,76,75,326,36,14,21,5,44,8,74,90,161,237,11,22,2,190,25,27,172,63,16,5.36,7.78,5.25,2,5,7,323.63,251,249.05,14,2.87,4.37,2.79,18.47,18.4,18.12,1729,249,217,278,985,275,191,238,1025,2,3,214408,22,48,24,31,674.83,60.74,58.72,60.7,58.68,653,278,315,1246,58,59,20,685,190,56,19.25,23.47,18.02,14,19,25,1237.91,931,925.07,10.01,12.58,12.91,57.84,57.78,56.63,592.44,57.54,55.88,57.73,56.06,581,246,295,1122,61,34,10,602,175,50,17.19,21.15,19.2,20,18,23,1130.71,827,833.2,8.81,8.66,8.66,57.69,57.87,56.61,163.95,146.25,3645,2908
Slater Koekkoek,22592,519,3.68,0.46,0.51,0.47,0.51,0.47,0.51,168,27.8,1.04,1.54,7.57,0.89,16.34,12.62,1.04,1.03,1.03,2,2,27,13,28,68,4,0,3,0,9,1,11,16,27,40,4,8,0,25,1,7,38,2,0,0.79,0.25,0,0,0,0,67.4,40,40.47,5,0.31,0.79,0,1.35,1.34,1.33,519,47,48,80,344,90,100,61,268,0,0,83107,8,8,4,27,165.98,13.75,13.44,13.89,13.57,171,58,81,310,12,8,1,171,47,11,4.67,5.93,3.15,3,7,2,310.08,229,230.07,2.31,1.71,1.71,14.34,14.46,14.34,187.15,15.91,15.65,16.05,15.79,191,70,90,351,17,10,2,195,53,13,5.84,6.34,3.73,8,5,4,357.5,261,265.95,2.64,2.06,2.06,16.48,16.68,16.52,68.13,64.78,1258,1219
Matt Benning,60732,1374,23.18,0.53,0.53,0.51,0.51,0.52,0.53,296,66.07,2.48,3.89,17.97,2.14,41.27,28.24,2.43,2.43,2.37,6,6,67,29,54,150,15,3,4,1,16,0,38,35,64,93,13,27,0,105,7,49,94,1,1,2.05,0.13,0.3,3,0,0,148.56,96,94.53,46,0.81,1.01,0.19,3.09,3.03,2.99,1374,168,153,187,866,167,204,178,825,0,0,161773,27,31,14,64,505.28,46.71,45.5,46.79,45.54,502,202,225,929,48,31,7,522,137,45,15.74,16.08,14.9,18,17,13,929.97,704,703.1,7.1,6.99,6.86,46.95,46.85,46.17,464.76,40.99,39.92,41.28,40.19,473,174,230,877,40,32,10,483,132,32,14.06,16.51,10.41,11,16,13,872.33,647,646.69,6.7,7.09,7.08,40.61,40.73,40.18,146,128.13,2631,2504
Marcus Kruger,58886,1525,20.85,0.45,0.51,0.43,0.52,0.45,0.51,496,76.27,8.14,4.94,17.59,2.74,37.89,33.7,7.67,8.17,7.71,4,8,83,22,20,125,17,5,5,0,24,1,25,45,78,100,17,34,357,31,24,10,74,23,8,2.3,3.07,2.77,1,3,1,127.24,105,106.82,7,1.04,1.24,1.93,7.25,7.36,7.08,1525,107,452,188,778,225,120,193,987,357,370,196619,34,16,8,62,405.86,35.29,34.18,35.38,34.27,430,133,193,756,33,28,4,439,87,37,12.87,10.91,11.5,14,13,6,759.51,563,565.93,5.61,5.86,6.9,34,34.23,33.57,495.77,43.93,41.63,43.69,41.42,503,197,310,1010,41,42,5,533,125,42,14.55,15.03,14.35,20,9,12,999.79,700,694.16,8.6,8.25,8.84,43.69,43.5,42.07,158.77,151.99,3190,2962
Patrik Berglund,78668,1912,37.36,0.55,0.49,0.51,0.49,0.51,0.49,478,160.53,20.31,11.79,32.28,5.1,88.4,67.12,19.94,20.47,20.08,7,4,153,72,50,275,34,23,8,1,30,4,60,100,130,202,16,32,584,155,43,23,148,55,22,5.62,6.4,8.29,9,4,10,277.13,225,226.91,10,2.59,2.13,2.97,19.92,20.12,19.87,1912,221,311,311,1069,277,249,287,1099,584,585,219211,32,26,13,42,624.59,59.78,58.37,60.34,58.88,620,259,295,1174,53,37,4,658,162,59,18.88,18.69,22.23,17,12,24,1180.39,879,884.82,9.38,7.42,7.54,61.62,62.14,61.24,608.88,49.26,47.33,49.35,47.42,607,236,268,1111,59,43,11,650,154,39,17.98,18.52,12.76,17,25,17,1107.86,843,840.86,8.98,8.58,8.8,49.43,49.46,48.57,148.73,156.55,3103,3253
Lee Stempniak,77952,1705,38.51,0.56,0.52,0.55,0.51,0.52,0.51,503,139.35,18.06,9.9,30.9,4.57,71.82,51.77,17.39,18.19,17.5,13,11,131,56,62,249,40,16,13,3,28,5,61,64,115,171,15,32,3,113,57,49,110,53,24,3.85,6.2,8.01,7,2,7,249.81,187,187.72,13,2.19,2.26,3.85,16.4,16.49,16.12,1705,349,129,285,942,311,235,278,881,3,5,221632,32,28,14,16,663.47,67.65,65.24,68,65.56,657,257,395,1309,70,57,13,655,189,70,19.83,22.66,25.16,22,21,27,1312.06,914,917.53,10.07,11.78,11.64,66.07,66.39,64.89,596.84,53.67,52.43,53.96,52.71,582,247,246,1075,53,40,7,622,163,44,18.56,20.23,14.88,16,26,11,1080.93,829,831.76,8.04,7.22,7.22,54.49,54.67,53.92,181.69,166.72,3471,3287
Matt Hendricks,27087,684,5.87,0.37,0.53,0.39,0.53,0.41,0.53,438,37.35,3.31,2.15,8.74,1.24,17.36,18.2,3.2,3.24,3.13,0,3,42,9,10,61,7,4,0,1,7,1,13,26,38,47,13,29,132,79,10,9,35,12,4,0.78,1.3,1.23,1,2,1,62.41,51,51.5,5,0.45,0,0.97,2.79,2.76,2.69,684,61,149,94,380,90,85,117,392,132,100,126672,29,21,8,39,159.31,11.37,11.03,11.43,11.08,168,54,85,307,12,9,2,178,35,9,4.81,4.05,2.51,7,4,1,312.96,222,224.89,1.99,1.95,1.95,11.41,11.47,11.29,224.09,18.96,18.1,19.08,18.2,221,95,160,476,23,14,5,241,60,15,7.33,7.05,4.58,9,8,6,470.32,316,313.85,3.62,3.27,3.27,19.3,19.25,18.7,115.78,101.21,2140,1922
Blake Speers,1707,43,-0.25,0.43,0.4,0.33,0.46,0.43,0.46,33,2.15,0.1,0.11,0.49,0.07,1.25,0.98,0.1,0.09,0.09,0,0,3,0,0,3,0,0,0,0,2,0,1,0,3,3,0,0,0,1,1,0,3,0,0,0.1,0,0,0,0,0,2.92,3,2.91,0,0.02,0,0,0.12,0.12,0.12,43,4,3,8,28,6,7,4,26,0,2,9290,0,0,0,1,11.34,0.65,0.64,0.62,0.61,15,0,0,15,0,0,0,12,3,0,0.29,0.36,0,0,0,0,14.77,15,14.75,0.12,0,0,0.77,0.74,0.73,13.68,0.84,0.83,0.82,0.81,14,6,10,30,0,0,0,16,4,0,0.43,0.41,0,0,0,0,29.23,20,19.53,0.19,0,0,1.03,1.01,0.99,4.98,7.6,116,137
Jake Dotchin,38701,813,15,0.55,0.53,0.56,0.5,0.54,0.5,140,51.11,1.87,3.13,14.48,1.69,32.42,23.4,1.81,1.84,1.78,3,8,50,27,36,113,11,0,2,0,15,1,33,26,50,77,16,35,0,85,4,23,74,3,0,1.56,0.3,0,0,0,0,111.83,77,75.79,13,0.67,0.21,0,2.54,2.49,2.42,813,168,88,155,402,113,131,105,464,0,0,89734,35,27,12,19,336.75,30.93,29.53,31.21,29.76,315,167,177,659,26,25,5,353,102,27,11.17,12.41,7.35,9,10,7,660.02,482,482.03,5.25,5.16,5.37,30.8,30.85,30.13,297.94,24.9,24.43,25.09,24.63,300,116,110,526,16,17,1,313,87,16,9.49,10.52,4.88,5,10,1,525.26,416,416.44,4.22,3.13,3.44,25.68,25.95,25.6,74.96,67.11,1360,1377
Wayne Simmonds,93231,2049,53.39,0.61,0.47,0.58,0.49,0.59,0.5,241,234.37,36.84,18.17,47.67,7.94,120.77,86.61,33.97,36.77,33.89,13,10,224,94,79,397,54,31,21,8,48,8,96,114,193,287,37,92,8,162,38,39,187,82,49,5.7,10.37,20.77,4,9,18,396.51,318,317.34,10,4.42,6.08,10.38,30.88,30.83,28.81,2049,424,197,342,1086,246,269,386,1148,8,9,207231,92,70,26,60,979.85,110.31,102.18,110.28,102.13,968,406,489,1863,96,93,20,969,279,126,27.14,33.17,50.01,17,31,48,1855.92,1374,1368.96,17.25,22.49,22.53,105.03,104.9,99.51,689.64,70.78,69.45,71.2,69.87,676,282,392,1350,78,47,9,693,201,64,20.48,24.98,25.31,18,31,29,1359.49,958,965.91,9.82,8.97,8.97,71.62,72.07,71.19,134.75,152.58,3099,3203
Jake Virtanen,6087,157,1.06,0.42,0.46,0.45,0.51,0.43,0.5,102,12.84,0.77,0.76,3.08,0.38,6.92,5.1,0.76,0.73,0.72,0,1,13,4,8,25,1,0,2,0,5,1,6,3,13,17,1,2,3,17,4,0,15,2,0,0.57,0.2,0,0,0,0,23.78,17,16.1,0,0.16,0.75,0,0.93,0.89,0.87,157,23,21,35,78,31,20,16,90,3,0,30545,2,2,1,4,36.14,2.96,2.84,2.87,2.75,32,18,24,74,1,3,1,42,6,2,1.5,0.71,0.75,0,0,1,70.66,50,47.91,0.48,0.78,0.78,2.67,2.59,2.56,48.48,4.07,3.82,4.13,3.88,44,23,23,90,0,4,0,53,9,5,1.67,1.16,1.24,0,0,0,94.03,67,69.39,0.64,1,1,3.71,3.8,3.65,22.33,26.68,463,453
Brandon Dubinsky,85898,1954,40.45,0.47,0.53,0.47,0.51,0.47,0.51,279,118.8,12.62,8.22,24.05,3.82,59.53,47.77,12.07,12.7,12.14,21,8,115,41,48,204,41,12,7,2,19,11,48,59,103,144,28,71,770,248,38,32,95,49,12,3.32,5.84,3.44,5,4,3,205.72,156,157.1,12,1.77,1.79,2.54,11.85,11.86,11.59,1954,234,383,378,959,277,262,291,1124,770,718,205002,71,65,25,60,709.94,65.49,62.5,65.92,62.91,712,260,364,1336,66,48,9,715,199,58,20.61,24.67,20.21,22,23,21,1349.28,972,981.04,10.32,10.48,10.88,64.92,65.31,63.44,783.43,74.51,71.95,74.66,72.07,782,301,402,1485,60,50,8,786,227,70,22.86,27.15,24.49,21,15,24,1473.56,1083,1077.74,12.05,9.27,10.06,76.5,76.42,74.49,166.31,148.82,3145,3050
Andreas Martinsen,37579,938,1.04,0.37,0.47,0.4,0.5,0.41,0.5,647,76.44,5.45,4.74,17.96,2.47,40.55,32.83,5.36,5.4,5.31,3,1,73,31,26,130,7,3,5,0,22,2,29,43,70,101,13,32,3,166,25,11,82,19,3,2.38,2.31,0.76,1,2,0,128.49,104,103.47,6,0.98,0.73,1.16,5.28,5.25,5.19,938,97,126,132,583,123,163,122,530,3,1,190396,32,18,6,25,235.36,15.32,15.08,15.28,15.03,224,109,103,436,11,11,0,282,42,9,7.22,5.11,3,5,4,2,430.72,333,330.11,2.87,1.67,1.84,16.36,16.32,16.11,342.31,25.81,25.01,25.95,25.15,343,144,170,657,28,25,4,394,73,20,10.17,8.84,6.8,10,11,7,667.67,487,493.88,4.93,4.5,4.42,26.32,26.41,25.97,135.43,152.18,2894,2865
Mike Green,101763,2042,31.12,0.52,0.44,0.52,0.46,0.52,0.46,110,125.15,7.01,8.2,29.95,3.89,77.59,56.35,6.93,7,6.92,14,8,125,58,101,284,36,14,6,0,30,7,52,74,111,169,20,40,0,67,24,52,164,17,2,4.21,1.98,0.82,7,5,2,280.05,183,181.21,30,1.84,2.3,0.04,8.82,8.8,8.69,2042,308,209,363,1162,261,248,338,1195,0,0,162464,40,30,15,92,821.45,75.83,73.38,75.49,73.08,825,318,366,1509,71,48,13,854,224,65,25.68,26.88,23.28,23,22,26,1496.91,1143,1136.11,12.94,12.99,13.83,74.94,74.7,73.47,769.26,69.05,67.09,69.79,67.81,767,306,339,1412,74,46,14,800,213,60,22.69,25.12,21.23,32,19,23,1430.7,1073,1086.57,10.87,9.78,10.14,69.78,70.48,69.27,103.13,129,2217,2568
Matt Cullen,60128,1523,26.73,0.46,0.54,0.42,0.53,0.43,0.53,555,99.64,15.62,7.9,19.91,3.15,43.02,37.48,14.86,15.72,14.96,10,8,95,33,29,157,31,13,12,8,18,5,41,39,82,115,14,30,440,36,20,32,62,42,24,2.51,5.33,7.79,1,5,7,158.47,128,128.57,11,1.74,2.93,6.12,11.18,11.25,10.99,1523,143,356,192,832,228,197,252,846,440,419,202662,30,28,14,27,437.22,47.4,45.85,47.65,46.08,438,160,184,782,44,46,12,406,141,51,11.9,17.54,17.97,12,16,16,790.29,598,603.26,6.54,11.15,11.35,42.46,42.63,41.98,567.47,54.65,51.89,54.81,52.02,573,209,313,1095,63,55,11,584,140,58,15.75,17.43,21.46,20,18,25,1092.98,782,781.29,9.81,9.85,10.91,53.34,53.41,51.79,182.77,154,3467,3137
Patrick Cannone,1419,35,-0.44,0.35,0.61,0.34,0.47,0.41,0.5,32,1.16,0.25,0.1,0.25,0.06,0.8,0.55,0.25,0.24,0.24,0,0,2,0,1,3,0,0,0,0,1,0,1,0,2,2,0,0,11,2,1,2,0,2,0,0,0.25,0,0,0,0,3.01,2,2.02,2,0.02,0,0,0.27,0.27,0.27,35,7,1,7,20,4,7,5,19,11,10,9381,0,0,0,1,8.13,0.64,0.64,0.65,0.64,10,2,2,14,1,0,0,9,3,0,0.23,0.41,0,1,0,0,14.54,12,12.27,0.1,0,0,0.74,0.75,0.74,12.64,1.19,1.11,1.15,1.07,12,5,10,27,1,2,1,12,2,3,0.29,0.21,0.69,0,0,1,25.28,17,16.32,0.18,0.48,0.48,0.89,0.84,0.84,8.69,5.47,133,152
Tobias Rieder,81180,1784,26.07,0.43,0.42,0.44,0.45,0.44,0.45,297,160.38,18.25,11.09,33.21,5.04,78.68,71.73,17.49,18.15,17.39,8,9,151,67,51,269,33,16,14,2,35,4,56,93,135,202,3,6,4,24,33,14,140,60,18,4.15,7.95,6.15,4,7,5,267.44,218,217.27,7,2.43,2.67,3.01,17.66,17.51,17.34,1784,192,381,314,897,214,250,255,1065,4,9,202813,6,28,14,36,649.65,61.36,56.67,61.03,56.37,641,260,274,1175,46,61,9,664,176,61,17.16,22.39,21.81,13,18,15,1162.34,901,893.07,9.87,13.85,14.91,56.33,56,54.97,812.01,82.38,77.4,82.5,77.54,787,342,364,1493,65,96,8,828,211,90,24.38,25.58,32.42,20,24,21,1502.52,1129,1136.48,13.32,20.55,21.4,74.29,74.53,72.35,129.64,176,2903,3485
Roman Lyubimov,27011,682,7.93,0.47,0.52,0.48,0.54,0.48,0.54,516,50.13,4.71,3.34,11.88,1.62,26.18,19.28,4.51,4.68,4.49,1,1,41,26,17,84,6,4,5,3,8,2,23,25,37,63,4,8,1,28,12,5,46,16,5,1.21,2.03,1.48,0,2,2,83.82,67,66.96,2,0.7,0.83,1.95,3.46,3.47,3.41,682,70,53,104,455,120,90,106,366,1,6,145693,8,10,5,16,190.98,15.05,14.53,14.98,14.45,182,85,115,382,13,22,3,215,37,15,5.96,4.62,4.48,4,5,4,378.27,267,265.31,2.4,4.1,4.08,13.37,13.31,13.08,207,16.69,16.29,16.83,16.44,212,74,129,415,17,13,1,220,49,17,6.33,5.93,4.43,5,7,5,419,286,288.8,2.76,2.67,2.72,16.74,16.88,16.67,125.42,113.68,2558,2223
Victor Hedman,116175,2201,76.6,0.54,0.5,0.55,0.49,0.54,0.48,100,184.86,11.49,12.6,47.34,6.14,112.28,80.14,11,11.5,11,34,22,166,104,138,408,72,16,12,3,39,4,105,94,150,254,22,47,0,93,39,73,243,20,7,6.12,2.4,2.98,6,5,5,406.4,270,268.67,46,2.81,1.7,2.02,12.29,12.21,11.86,2201,441,340,432,988,258,307,426,1210,0,0,172259,47,47,22,132,1016.23,104.83,100.9,104.93,100.95,1005,431,497,1933,122,78,14,1030,321,85,32.96,38.13,33.74,38,43,41,1924.53,1436,1431.15,16.66,14.73,15.28,106.21,105.98,103.64,888.97,89.08,85.81,89.71,86.43,925,319,365,1609,87,68,12,903,259,82,26.87,31.73,30.46,33,27,27,1623.06,1244,1254.18,14.01,15.81,15.81,87.29,87.94,86.2,127.23,126.52,2494,2637
Evan Rodrigues,23265,506,6.45,0.42,0.45,0.45,0.48,0.46,0.48,248,53.82,3.35,2.84,12.67,1.64,28.91,24.59,3.31,3.34,3.3,2,0,51,23,20,94,6,4,2,0,10,5,17,36,47,70,2,4,104,12,12,9,61,12,1,1.44,1.33,0.58,3,0,1,93.44,74,73.85,4,0.59,0.46,0.16,3.78,3.76,3.73,506,74,41,67,324,85,77,75,269,104,146,85500,4,16,8,12,175.82,11.47,11.3,11.47,11.3,170,76,63,309,8,4,0,205,37,4,5.39,4.29,1.79,4,2,2,308.28,246,245.56,2.22,0.6,0.6,13.09,13.08,12.9,208.7,16.12,15.72,16.13,15.73,226,65,88,379,17,14,2,226,56,9,6.54,6.75,2.83,7,6,4,380.8,291,291.04,3.03,2.66,2.66,16.49,16.56,16.29,63.26,76.19,1307,1398
Anthony Beauvillier,51563,1135,15.92,0.43,0.5,0.46,0.48,0.47,0.48,585,97.05,8.55,6.63,22.81,3.31,53.38,40.32,8.37,8.69,8.51,8,7,101,34,35,170,24,9,6,1,27,6,33,54,92,126,5,10,123,81,17,30,99,30,6,3.36,3.58,1.61,4,2,3,171.77,135,137.17,14,1.39,1.45,1.26,8.68,8.86,8.75,1135,162,91,172,710,190,173,165,607,123,174,188609,10,12,6,26,402.6,29.43,28.77,29.73,29.05,418,153,182,753,39,22,8,467,84,20,12.96,10.05,6.41,17,9,13,755.93,571,576.03,5.59,4.71,4.73,30.29,30.56,30.15,462.77,39.01,38.08,39.01,38.08,460,193,237,890,36,29,4,508,113,32,15.26,13.59,10.16,15,14,7,886.23,653,648.75,6.31,6.34,6.54,38.78,38.79,38.27,154.18,152.58,2941,3150
Jean-Sebastien Dea,678,21,-0.17,0.4,0.55,0.45,0.55,0.38,0.5,11,1.36,0.05,0.07,0.32,0.04,0.92,0.59,0.04,0.05,0.04,0,0,1,1,1,3,0,0,0,0,1,0,0,1,1,2,1,2,1,3,0,0,2,0,0,0.05,0,0,0,0,0,3.04,2,2,0,0.01,0,0,0.07,0.07,0.05,21,3,4,0,14,5,7,2,7,1,1,2922,2,0,0,0,3.43,0.22,0.21,0.23,0.22,4,1,4,9,0,0,0,4,1,0,0.07,0.15,0,0,0,0,9.23,5,5.09,0.04,0,0,0.26,0.27,0.26,5.17,0.34,0.34,0.33,0.33,6,2,3,11,0,0,0,6,2,0,0.16,0.18,0,0,0,0,11.06,8,8.11,0.08,0,0,0.41,0.41,0.41,2.4,1.95,48,39
Zack Smith,72721,1638,34.17,0.5,0.51,0.49,0.48,0.48,0.49,365,138.57,15.44,9.07,30.19,4.58,72.44,61.28,15.1,15.41,15.07,8,8,137,56,52,245,32,16,13,2,28,5,60,71,121,177,29,61,317,140,31,35,129,50,14,3.92,6.11,5.41,2,9,5,245.25,193,193.23,19,1.97,2.6,2.63,14.78,14.82,14.59,1638,224,308,254,852,253,213,265,907,317,292,197449,61,49,23,38,594.44,56.26,54.27,56.09,54.14,619,210,322,1151,47,54,8,633,136,60,17.29,16.86,22.1,12,15,20,1148.34,829,828.08,8.31,11.29,11.29,53.28,53.23,52.17,627.57,57,54.61,57.15,54.76,632,253,334,1219,55,48,8,681,152,52,20.27,17.77,18.95,24,13,18,1219.16,885,885.68,9.69,10.93,11.28,55.41,55.48,53.98,141.57,136.96,2964,3214
Mikko Rantanen,80113,1644,31.65,0.5,0.41,0.55,0.46,0.53,0.45,277,137.01,13.95,9.93,29.19,4.46,76.58,53.89,13.64,13.81,13.5,10,8,131,57,51,239,38,20,5,2,28,7,58,70,111,168,11,22,29,29,48,32,139,36,13,5,4.5,4.45,8,6,6,234.31,188,184.86,8,2.19,1.16,1.88,14.26,14.12,13.9,1644,322,182,343,797,228,242,241,933,29,21,188097,22,36,19,33,749.57,69.61,66.5,69.16,66.06,775,287,363,1425,67,55,9,825,176,61,24.62,21.31,23.68,31,17,19,1398.95,1062,1045.75,12.69,14.7,14.43,67.86,67.31,65.55,661.27,70.58,67.44,71.68,68.48,689,235,255,1179,76,54,9,656,188,80,18.55,21.84,30.19,25,23,28,1216.05,924,948.36,9.24,11.09,11.45,68.37,69.35,67.76,100.92,144.37,2490,2960
Chris Stewart,49244,1129,8.53,0.46,0.56,0.41,0.51,0.41,0.52,800,82.34,8.58,5.57,18.09,2.51,42.64,31.61,8.2,8.75,8.38,4,4,82,27,24,133,21,13,4,3,13,0,38,41,69,96,22,74,2,85,15,15,78,19,12,2.78,2.41,3.39,3,5,5,135.64,109,110.88,6,1.17,1.13,2.18,7.58,7.77,7.71,1129,175,65,180,709,165,192,146,626,2,9,237887,74,68,19,19,314.85,25.9,25.12,26.31,25.52,302,129,159,590,26,19,5,332,75,24,9.9,8.97,7.03,7,11,8,597.77,431,436.15,4.22,4.53,4.53,25.58,25.99,25.62,445.86,29.88,29.22,29.3,28.65,458,174,212,844,22,32,5,531,85,16,14.86,10.18,4.85,7,11,4,827.36,632,620.73,5.72,5.71,5.89,29.71,29.21,28.9,204.3,161.14,3816,3621
Alex Pietrangelo,121353,2468,55.62,0.5,0.51,0.49,0.5,0.49,0.51,97,163.04,9.24,9.81,39.99,5.16,95.67,80.14,9.04,9.27,9.07,17,17,181,59,95,335,48,14,6,4,44,5,59,112,167,226,12,24,0,38,53,27,225,6,9,4.52,0.63,4.09,6,1,7,335.88,240,241.37,20,2.13,0.56,1.67,9.7,9.74,9.61,2468,263,413,402,1390,363,300,407,1398,0,1,169211,24,14,7,158,957.57,93.84,90.95,94.57,91.64,987,354,444,1785,107,71,21,1014,237,90,28.7,27.86,37.29,36,31,40,1795.43,1341,1351.12,14.59,17.04,17.18,91.24,91.82,90.58,1007.97,94.38,91.73,94.31,91.68,1025,364,493,1882,104,72,12,1052,243,94,28.65,29.95,35.78,36,29,39,1873.31,1389,1385.06,16.03,16.14,16.05,94.36,94.39,93,110,106.74,2392,2352
Jyrki Jokipakka,35482,818,2.48,0.42,0.46,0.45,0.52,0.45,0.52,234,26.14,0.88,1.49,6.94,0.86,16.46,12.37,0.87,0.85,0.85,1,4,29,10,21,60,6,1,1,0,14,0,6,17,28,38,6,12,0,31,6,25,38,1,0,0.78,0.1,0,1,0,0,58.56,39,38.08,22,0.3,0.14,0,1.18,1.15,1.14,818,81,80,150,507,128,148,93,449,0,0,113719,12,12,6,32,252.65,18.84,18.21,18.65,18.03,263,92,121,476,18,14,3,276,67,12,7.82,8.06,2.97,5,11,2,472,355,351.91,3.4,2.87,2.87,19.38,19.24,18.92,315.15,26.41,25.47,26.87,25.9,304,131,139,574,22,30,3,328,82,25,9.17,9.8,7.44,10,9,3,582.01,435,442.33,4.35,6.22,6.75,24.01,24.37,24.01,83.81,99.03,1755,1641
Nick Leddy,110410,1912,39.82,0.54,0.46,0.52,0.45,0.51,0.46,145,141.25,7.61,9.5,35.1,4.63,89.54,60.63,7.39,7.61,7.39,17,18,137,70,81,288,46,11,10,0,33,4,80,69,126,196,6,12,0,77,26,48,190,13,4,4.59,1.36,1.67,6,2,3,286.94,207,207.08,25,2.12,2.21,0.25,9.48,9.45,9.18,1912,295,224,340,1053,158,232,279,1243,0,0,184707,12,14,7,109,977.81,99.08,94.52,99.53,94.94,1004,371,459,1834,97,73,21,1015,258,102,29.09,30.72,39.27,33,21,43,1838.62,1375,1380.45,16.12,18.77,19.22,95.91,96.21,93.33,927.1,85.71,82.73,85.85,82.85,974,328,413,1715,80,67,16,988,227,87,29.02,27.08,29.62,34,20,26,1708.91,1302,1296.66,13.52,16.52,17.29,81.95,81.91,80.28,127.37,148.8,2681,3285
Riley Sheahan,67064,1575,8.58,0.47,0.47,0.47,0.49,0.47,0.49,633,118,10.95,8.17,25.88,3.7,62.84,47.46,10.19,10.9,10.16,5,6,109,50,38,197,13,2,9,0,27,5,53,63,107,157,6,14,236,81,20,22,104,48,7,3.37,5.51,2.08,0,2,0,196.94,159,158.68,13,1.77,1.43,2.55,10.17,10.15,9.9,1575,231,187,254,903,260,197,242,876,236,230,226783,14,8,4,38,500,39.7,38.19,39.56,38.07,490,209,209,908,31,30,5,550,123,26,15.65,14.74,9.3,13,9,9,903.02,699,695.72,7.27,6.3,7,39.98,39.81,38.91,558.17,44.74,42.84,45.07,43.18,574,206,246,1026,58,32,10,611,132,37,17.01,15.98,11.75,24,21,13,1034.53,780,786.24,7.94,7.35,7.35,45.34,45.73,44.68,159.36,176.28,3233,3408
Carter Rowney,17773,441,6.92,0.48,0.49,0.46,0.49,0.46,0.5,255,23.39,2.96,1.92,5.29,0.75,11.9,8.18,2.92,3.01,2.97,3,1,24,7,9,40,7,3,4,0,6,2,7,9,21,28,2,4,95,64,11,5,17,11,3,0.64,1.48,0.83,1,0,2,41.12,31,31.89,2,0.41,0.68,0.69,2.68,2.74,2.73,441,44,62,63,272,77,55,57,252,95,103,81978,4,0,0,15,128.61,11.27,10.93,11.5,11.16,127,48,62,237,10,11,3,129,35,11,3.96,4.43,2.88,3,3,4,242.71,175,178.87,1.81,2.26,2.26,10.83,11.08,11,146.91,12.05,11.53,11.88,11.36,149,55,79,283,9,13,1,152,41,11,3.89,5.05,3.1,5,4,0,279.25,204,201.94,2.14,2.68,3.3,10.88,10.73,10.47,71.68,73.9,1296,1340
Jakob Silfverberg,87616,1998,58.42,0.53,0.51,0.51,0.49,0.51,0.49,292,221.21,23.08,14.64,48.98,7.17,117.26,91.87,22.12,23.13,22.19,15,11,227,76,80,383,49,23,19,4,59,4,94,104,204,280,10,20,1,47,46,38,219,63,21,7.44,7.65,7.99,8,7,8,385.42,303,304.85,13,3.21,5.59,3.86,22.42,22.48,21.85,1998,249,299,344,1106,324,270,284,1120,1,6,200371,20,34,17,46,783.84,73.84,70.25,74.05,70.47,775,323,351,1449,68,71,18,835,186,77,23.63,22.72,27.5,22,23,23,1458.37,1098,1105.49,11.72,15.77,15.98,69.59,69.8,68.22,746.82,64.67,62.41,64.55,62.3,722,320,326,1368,56,62,11,786,203,53,21.71,24.25,18.72,18,19,19,1358.19,1042,1036.72,11.71,13.72,15.23,61.15,61.17,60,144.35,137.29,2990,3151
Kevin Bieksa,91130,1802,9.05,0.41,0.56,0.44,0.52,0.45,0.51,330,101.57,5.18,5.97,24.1,3.58,58.86,48.3,5.08,5.26,5.16,2,9,94,52,51,197,14,3,5,0,24,1,34,79,91,143,24,63,0,173,13,54,130,10,6,2.26,1.09,1.84,1,1,1,197.77,146,146.93,47,1.27,0.8,0.01,6.44,6.52,6.41,1802,204,227,234,1137,236,331,276,959,0,0,204057,63,53,19,100,672.87,50.59,49.27,51.07,49.76,662,275,291,1228,58,37,5,758,137,42,20.34,16.64,13.61,23,23,12,1241.34,937,947.48,9.2,7.65,7.8,51.99,52.53,51.55,824.4,71.86,69.29,71.9,69.29,822,331,395,1548,73,69,13,868,226,59,23.95,27.18,20.73,23,34,16,1536.19,1153,1146.31,12.56,14.57,15.09,69.33,69.25,67.72,171.37,135.4,3273,3072
Duncan Siemens,2216,57,-0.45,0.43,0.57,0.45,0.56,0.41,0.54,18,2.22,0.09,0.07,0.55,0.07,1.05,1.17,0.09,0.09,0.09,0,0,2,1,1,4,0,0,0,0,0,0,1,2,2,3,1,2,0,10,0,2,3,0,0,0.09,0,0,0,0,0,3.8,3,2.9,1,0.01,0,0,0.11,0.11,0.11,57,4,9,6,38,7,9,4,37,0,0,9001,2,0,0,1,14.71,0.92,0.88,0.89,0.85,16,4,9,29,0,0,0,18,2,0,0.61,0.31,0,0,0,0,27.18,20,18.83,0.18,0,0,1.1,1.06,1.01,20.38,1.23,1.22,1.27,1.26,20,9,6,35,2,2,0,24,4,1,0.5,0.46,0.27,1,1,0,36.86,29,30.48,0.28,0.28,0.28,1.23,1.28,1.27,8.06,6.08,164,128
John Hayden,8413,208,5.95,0.59,0.49,0.53,0.5,0.51,0.52,112,19.82,2.31,1.27,4.38,0.66,10.21,8.17,2.18,2.4,2.25,3,0,22,5,6,33,4,1,2,0,5,0,6,13,21,26,2,4,0,44,5,2,15,9,3,0.39,1.2,0.72,0,1,0,33.55,27,27.34,2,0.27,0.43,0.59,1.98,2.03,2,208,37,12,38,121,32,26,32,118,0,0,35794,4,8,4,2,57.83,5.5,5.19,5.54,5.2,63,16,40,119,6,6,0,55,17,7,1.48,2.3,1.72,1,4,1,118.45,79,78.19,0.83,1.22,1.26,5.07,5.01,4.9,55.15,3.81,3.74,3.8,3.73,62,14,31,107,3,3,1,63,10,3,1.67,1.15,0.99,0,2,1,106.84,76,75.74,0.65,0.59,0.59,3.87,3.85,3.84,27.61,28.39,567,567
Derek MacKenzie,61171,1543,9.19,0.36,0.52,0.38,0.55,0.4,0.54,687,86.31,9.11,5.44,18.31,2.82,46.04,41.27,8.96,9.07,8.92,7,3,90,33,30,153,16,6,4,1,17,2,29,65,84,117,17,40,386,190,34,25,87,27,9,2.68,3.24,3.18,1,2,3,152.31,123,122.1,17,1.15,0.44,1.81,8.44,8.44,8.38,1543,119,320,232,872,198,217,195,933,386,382,235375,40,48,21,45,389.52,32.18,31.5,32.2,31.51,407,143,127,677,27,26,5,442,78,30,12.08,9.56,10.54,5,10,12,677.16,550,549.74,4.85,4.48,4.81,32.22,32.26,31.85,587.78,58.1,54.74,58.14,54.79,612,215,265,1092,47,55,12,609,162,56,17.14,19.09,21.87,12,16,19,1092.59,827,826.7,9.55,12.29,12.29,55.37,55.41,53.05,192.02,176.36,3932,3226
Carl Gunnarsson,45681,1159,8.7,0.51,0.52,0.47,0.5,0.49,0.5,318,32.67,1.07,1.88,9.53,1.1,20.17,14.25,1.04,1.09,1.06,3,3,32,16,24,72,6,0,2,0,8,0,21,17,32,48,2,4,0,42,2,8,48,0,0,1.07,0,0,0,0,0,72.38,48,48.28,3,0.38,0.61,0.06,1.39,1.4,1.37,1159,137,127,170,725,158,168,132,701,0,0,157847,4,14,7,68,298.05,23.36,22.81,23.51,22.94,297,118,139,554,16,16,0,323,76,16,10.12,8.76,4.48,6,6,4,556.88,415,417.25,4.15,2.3,2.15,25.38,25.46,24.96,316.62,22.71,22.14,22.8,22.24,311,127,178,616,23,19,5,355,66,17,9.47,7.78,5.46,6,9,8,612.57,438,435.43,4.3,4.46,4.91,22.1,22.14,21.88,126.08,114.59,2392,2361
Brandon Montour,28157,537,9.6,0.53,0.52,0.53,0.5,0.52,0.5,130,51.23,2.55,3.22,12.6,1.72,30.03,23.87,2.48,2.51,2.44,2,2,50,24,37,111,6,2,5,0,9,0,30,28,48,72,7,14,0,21,3,17,67,5,2,1.43,0.58,0.54,1,1,0,110.76,74,73.53,10,0.71,0.81,0.73,2.52,2.5,2.46,537,84,61,72,320,67,95,58,317,0,0,70715,14,16,8,24,255.29,21.69,21.05,21.54,20.91,243,117,121,481,19,22,5,272,71,17,7.77,8.87,5.04,4,9,6,482.74,360,359.84,4.06,4.19,4.22,21.53,21.42,20.97,238.81,19.09,18.76,19.03,18.7,214,122,94,430,6,12,1,265,58,13,7.61,7.04,4.44,2,2,2,427.2,336,333.56,3.15,1.91,1.91,20.33,20.29,20.06,57.25,52.96,1132,1125
Johnny Gaudreau,79882,1595,63,0.59,0.44,0.59,0.47,0.58,0.47,178,177.37,19.53,13.37,35.73,5.33,101.29,65.75,18.68,19.64,18.78,30,13,182,59,66,307,61,18,14,2,45,7,66,91,164,223,2,4,0,9,44,86,174,45,22,5.87,5.47,8.2,5,8,5,306.66,241,241.09,20,3.05,2.35,3.12,19.47,19.52,19.09,1595,386,97,240,872,203,264,289,839,0,0,182092,4,72,36,14,774.48,80.2,76.64,80.28,76.69,796,281,392,1469,78,61,14,753,236,88,22.18,28.13,29.9,27,25,26,1465.71,1077,1074.76,13.52,13.79,14.19,79.54,79.52,77.43,563.26,56.42,54.74,56.8,55.12,563,216,250,1029,56,38,11,581,136,62,17.06,17.18,22.18,16,16,24,1035.15,779,782.8,7.63,9.87,10.4,53.66,54.06,53.44,114.05,146.77,2492,2827
Ben Thomson,1960,47,0.07,0.56,0.4,0.56,0.52,0.56,0.51,34,6.05,0.92,0.49,1.48,0.32,3.07,1.72,0.84,0.87,0.8,0,0,7,1,0,8,0,0,2,0,1,0,2,3,7,8,2,4,0,7,0,1,5,2,1,0.21,0.35,0.35,0,0,0,7.4,8,7.56,0,0.11,0.52,0.52,0.51,0.49,0.48,47,3,2,7,35,8,11,8,20,0,1,8899,4,2,1,1,18.08,1.89,1.79,1.79,1.69,17,7,5,29,0,3,0,16,6,2,0.37,0.84,0.69,0,0,0,26.71,24,22.53,0.25,0.85,0.85,1.29,1.23,1.22,14.55,1.5,1.48,1.58,1.57,18,1,4,23,4,1,0,10,8,1,0.32,0.95,0.22,0,3,1,24.25,19,19.88,0.21,0.02,0.13,1.57,1.66,1.66,6.77,9.97,130,118
Johnny Oduya,57011,1333,9.07,0.37,0.52,0.41,0.52,0.43,0.52,208,45.59,1.86,2.84,12.65,1.79,27.74,23.12,1.81,1.81,1.76,3,4,37,33,48,118,9,2,5,1,11,0,23,29,35,68,9,18,0,29,14,37,65,4,1,1.09,0.53,0.24,2,0,0,117.49,70,69.32,30,0.58,0.64,0.61,1.83,1.81,1.77,1333,97,225,230,781,153,172,199,809,0,0,132042,18,10,5,123,394.76,31.93,30.81,32.04,30.89,383,173,211,767,31,37,3,429,97,30,12.03,11.46,8.43,9,15,7,765.82,556,555.67,5.33,6.48,7.01,30.25,30.28,29.71,530.17,54.84,51.24,54.95,51.35,500,238,358,1096,57,47,7,553,121,64,16.65,15.06,23.13,19,21,17,1095.68,738,736.53,8.77,11.2,11.95,51.65,51.72,50.03,121.08,111.71,2258,2080
Tyler Toffoli,62694,1380,46.27,0.59,0.49,0.61,0.52,0.6,0.52,298,177.14,18.05,12.42,38.44,5.49,97.17,68.42,17.32,17.84,17.12,9,9,165,75,82,322,34,16,8,3,31,10,73,102,149,224,10,22,2,54,19,31,164,55,21,4.76,6.56,6.74,1,7,8,316.65,240,236.28,16,2.82,1.32,3.31,17.56,17.41,17.05,1380,268,148,221,743,204,163,204,809,2,3,167182,22,17,7,4,644.24,58.42,55.82,57.96,55.37,625,272,335,1232,54,49,10,666,174,57,17.77,20.86,19.8,19,16,19,1215.85,897,886.94,10.17,10.47,10.56,58.03,57.6,56.18,435.09,40.34,39.14,40.77,39.54,428,172,195,795,43,40,9,450,112,38,13.23,13.75,13.37,14,13,16,804.9,600,605.49,6.39,7.69,7.69,39.04,39.4,38.94,115.8,120.15,2625,2381
Brian Boyle,58649,1386,34.23,0.49,0.51,0.51,0.51,0.51,0.5,650,131.35,14.05,10.15,29.24,4.57,71.56,51.44,13.51,14.14,13.59,7,5,131,50,35,216,25,13,7,2,40,1,56,64,118,168,14,46,303,115,22,19,116,55,10,3.7,6.97,3.38,4,7,2,216.64,181,181.63,9,2.26,1.25,2.7,13.61,13.7,13.39,1386,199,245,248,694,234,184,238,730,303,278,214803,46,51,14,41,501.7,44.63,43.52,44.97,43.85,499,203,198,900,47,30,7,534,135,33,15.88,16.39,12.35,13,17,17,901.76,702,704.86,7.64,5.14,5.16,47.11,47.45,46.61,478.51,46.1,44.22,46.17,44.29,478,188,207,873,44,29,6,487,136,43,13.94,16.34,15.83,18,12,14,872.67,666,666.09,7.61,5.76,5.85,47.86,48.03,46.48,180.23,169.92,3358,3241
Drew Shore,10051,235,0.38,0.34,0.44,0.43,0.49,0.42,0.48,128,11.45,0.98,0.75,2.74,0.37,6.41,4.75,0.96,0.95,0.93,2,0,11,5,2,18,2,0,0,0,8,0,3,5,11,16,2,4,38,22,4,5,12,3,1,0.44,0.28,0.26,0,0,0,17.15,16,15.5,3,0.15,0,0.05,1.08,1.05,1.03,235,26,23,35,151,30,33,35,137,38,33,40481,4,2,1,3,63.93,3.64,3.59,3.63,3.58,58,32,31,121,3,1,0,76,12,2,1.81,1.34,0.49,2,1,0,117.67,90,88.06,0.76,0.05,0.05,4.35,4.33,4.28,86.52,6.93,6.73,7.07,6.88,92,33,34,159,9,3,2,101,16,8,2.61,1.85,2.46,1,4,4,164.11,125,128.87,1.23,1.15,1.15,7.01,7.15,7.08,27.85,35.55,603,619
Ben Chiarot,54237,1166,7.38,0.4,0.53,0.41,0.51,0.41,0.52,275,40.66,1.86,2.41,10.3,1.32,23.43,20.7,1.82,1.81,1.78,4,6,49,11,42,102,12,2,0,0,11,0,18,29,47,58,14,33,0,78,13,46,54,5,1,1.02,0.62,0.23,0,1,1,100.42,60,58.6,42,0.49,0,0.06,2.28,2.22,2.18,1166,104,153,194,715,177,178,162,649,0,0,160243,33,11,4,94,343.38,30.6,29.55,30.78,29.73,366,119,172,657,35,26,7,361,101,23,10.97,12.89,6.75,16,12,7,657,485,485.18,4.62,5.53,5.16,29.74,29.86,29.49,500.28,45.2,43.81,45.75,44.32,534,169,249,952,49,35,8,545,117,41,15.99,14.36,14.84,19,14,16,963,703,708.93,7.59,7.21,7.21,45.26,45.56,44.65,139.66,122.27,2502,2365
Connor Carrick,65671,1493,21.73,0.52,0.51,0.54,0.5,0.52,0.5,341,94.83,4.69,5.32,25.45,3.14,57.09,44.32,4.48,4.72,4.51,4,2,89,51,75,215,8,2,6,2,24,2,39,67,87,138,19,41,0,66,14,46,130,8,2,2.69,0.77,1.22,0,0,2,216.27,140,140.93,35,1.11,0.84,1.44,4.35,4.35,4.21,1493,209,139,231,914,208,226,220,839,0,0,178448,41,25,11,79,610.12,53.39,50.9,53.72,51.21,616,231,320,1167,55,32,8,627,173,47,18.99,20.16,14.24,18,22,15,1176.07,847,853.24,8.6,7.15,7.24,54.76,54.89,53.53,560.1,49.08,46.22,49.25,46.44,558,217,226,1001,46,28,4,581,152,42,17.42,17.73,13.93,22,15,9,1001.23,775,774.53,7.36,4.77,4.87,51.58,51.97,49.54,170.36,161.91,2969,2985
Bryan Bickell,6891,160,0.03,0.48,0.52,0.5,0.51,0.49,0.49,120,10.48,1.22,0.67,2.46,0.38,5.18,4.1,1.19,1.23,1.2,0,0,8,6,6,20,1,1,0,1,2,0,5,6,7,13,2,4,0,16,3,2,10,2,2,0.27,0.33,0.62,0,0,1,19.83,14,14.25,0,0.15,0,0.45,0.93,0.95,0.94,160,25,14,25,96,25,19,27,89,0,2,33502,4,0,0,3,57.82,6.09,5.99,6.13,6.02,53,26,27,106,7,6,1,60,11,8,1.42,1.37,3.3,1,2,4,105.27,79,78.89,0.9,0.75,0.75,6.24,6.3,6.26,59.11,6.54,6.26,6.58,6.29,58,24,22,104,7,6,2,55,22,5,1.82,2.75,1.96,2,3,2,104.68,82,82.72,0.78,1.16,1.16,6.16,6.15,6.03,27.11,25.22,527,505
Kyle Clifford,46968,1101,25.79,0.55,0.52,0.57,0.54,0.57,0.54,784,121.47,11.33,7.68,28.84,3.91,64.42,49.83,11.03,11.19,10.91,6,0,122,44,33,199,12,6,13,0,35,6,57,49,116,160,23,82,2,146,17,7,117,39,10,3.13,5.01,3.19,3,1,2,196.67,166,163.99,2,1.62,2.71,2.84,10.1,10,9.87,1101,160,83,141,717,224,143,144,590,2,3,218908,82,71,19,7,394.8,29.62,28.63,29.44,28.49,385,167,203,755,16,33,3,438,89,25,11.23,10.81,7.58,7,3,6,748.22,552,548.36,5.15,6.91,6.72,28.05,28.03,27.5,300.63,24.61,23.87,24.68,23.96,279,132,162,573,18,17,3,308,86,17,9.27,10.37,4.96,6,8,4,576.43,411,416.01,3.98,3.69,3.69,24.89,25.01,24.79,174.53,161.52,3707,3131
Ian Cole,96325,2109,32.78,0.44,0.55,0.45,0.52,0.46,0.53,281,103.72,4.1,6.36,28.81,3.53,66.47,47.75,3.98,4.13,4.02,11,10,89,68,63,220,26,5,11,0,25,7,61,48,84,152,31,72,0,164,32,50,152,4,1,3.2,0.36,0.53,5,0,0,221.56,157,158.46,42,1.27,2.48,0.63,4.73,4.74,4.63,2109,210,319,327,1253,293,277,337,1202,0,0,199465,72,40,17,194,748,70.16,68.04,71.11,68.94,765,276,334,1375,80,61,15,759,219,63,23.38,27.42,19.36,28,28,24,1390.7,1041,1052.19,10.63,13.5,13.53,66.93,67.64,66.69,868.52,87.84,82.55,88.01,82.7,896,305,508,1709,85,84,17,882,224,95,25.25,27.57,35.01,27,22,36,1704.23,1201,1200.37,13.99,19.72,20.27,80.98,81.06,77.69,186.46,152.87,3386,3097
Zbynek Michalek,2143,48,-0.7,0.29,0.34,0.3,0.43,0.29,0.45,8,1.28,0.02,0.07,0.35,0.04,0.92,0.6,0.02,0.02,0.01,0,0,2,0,1,3,0,0,0,0,1,0,1,0,2,2,0,0,0,5,0,1,2,0,0,0.02,0,0,0,0,0,2.65,2,1.77,1,0.01,0,0,0.03,0.03,0.03,48,4,5,8,31,6,8,5,29,0,0,5057,0,0,0,3,10.58,0.78,0.78,0.73,0.73,12,2,3,17,0,0,0,10,4,0,0.24,0.54,0,0,0,0,15.49,14,13.02,0.14,0,0,0.92,0.87,0.87,25.01,1.87,1.78,2.01,1.91,24,11,4,39,0,3,0,28,5,2,0.82,0.5,0.55,0,0,0,41.84,35,37.73,0.32,0.63,0.64,1.55,1.64,1.62,3.31,6.42,67,88
Nick Lappin,30240,696,4.74,0.44,0.45,0.47,0.47,0.46,0.47,418,53.62,5.57,3.67,11.93,1.66,28.69,21.49,4.96,5.61,5,1,2,57,16,14,87,7,4,1,3,10,1,24,33,53,69,7,17,2,36,13,6,51,17,5,1.51,1.89,2.16,0,2,2,87.5,73,73.44,4,0.8,0.74,2.35,4.02,4.08,4.02,696,63,93,106,434,104,116,84,392,2,5,127629,17,13,5,11,212.09,17.38,16.55,17.31,16.49,212,87,88,387,14,14,6,228,59,12,6.34,6.7,4.34,5,5,4,384.4,299,296.83,3.07,4.06,4.42,16.03,15.99,15.83,253.09,22.06,21.51,22.1,21.56,264,84,83,431,31,19,8,260,65,23,7.63,7.87,6.56,10,12,9,436.62,348,351.06,3.54,4.58,5.05,20.56,20.67,20.43,87.34,107.47,1729,1970
Mark Streit,76386,1691,31.25,0.55,0.49,0.55,0.5,0.56,0.5,274,105.78,6,7.29,28.04,3.49,64.06,45.12,5.08,6,5.1,6,15,114,40,70,224,27,6,10,3,26,4,43,65,108,148,14,28,0,38,16,39,139,9,6,3.11,1.21,1.68,2,2,2,222.29,154,153.43,29,1.64,2.37,1.84,5.8,5.78,5.53,1691,244,154,256,1037,229,235,260,967,0,0,172621,28,14,7,92,718.91,68.37,64.11,68.24,63.98,744,271,360,1375,56,70,14,743,206,66,21.95,24.85,21.57,19,15,22,1366.27,1015,1011.65,11.23,15.89,15.89,63.39,63.32,61.69,574.61,56.56,54.89,57.07,55.38,584,214,307,1105,50,52,10,562,188,48,16.82,23.17,16.57,13,22,15,1112.86,798,804.21,8.28,12.19,12.24,52.34,52.72,51.94,135.93,140.72,2762,2787
Filip Forsberg,91109,2080,71.07,0.55,0.49,0.56,0.49,0.55,0.49,240,264.38,26.15,18.26,60.4,8.26,144.25,103.66,24.85,26.07,24.78,17,10,234,127,105,466,58,31,16,1,63,12,100,139,203,330,14,30,5,97,76,62,268,70,23,9.24,8.39,8.52,12,14,5,466,361,360.59,21,4.13,3.33,4.72,25.56,25.51,24.71,2080,428,259,370,1023,311,321,346,1102,5,13,208036,30,46,23,26,895.57,84.9,80.45,84.92,80.46,870,370,403,1643,86,56,6,940,220,80,27.71,26.15,31.05,33,31,22,1644.84,1240,1239.8,14.3,11.89,12.12,87.07,87.07,84.1,728.54,70.05,68.29,70.2,68.44,732,282,285,1299,76,43,7,767,180,67,21.29,22.32,26.44,19,28,29,1300.62,1014,1015.09,10.9,9.09,9.24,71.72,71.91,70.83,142.87,148.17,3134,3272
Shayne Gostisbehere,89287,1854,48.5,0.62,0.47,0.62,0.47,0.62,0.48,251,205.03,12.68,14.48,52.66,6.87,131.43,84.88,11.78,12.65,11.75,17,15,198,105,142,445,39,7,21,1,55,4,122,94,191,296,16,32,0,43,18,70,275,19,9,6.92,2.19,3.56,4,1,2,441.6,303,301.02,48,3.37,4.37,0.88,15.16,15.11,14.15,1854,391,113,290,1060,174,261,292,1127,0,0,189256,32,38,18,94,1017.81,109.87,102.07,109.62,101.81,988,441,466,1895,85,101,23,1013,294,122,28.99,34.87,46.01,16,26,43,1883.64,1429,1422.19,17.8,26.14,26.22,101.45,101.11,95.97,628.58,67.75,66.21,68.39,66.83,637,226,277,1140,63,53,8,617,168,78,18.36,20.7,28.69,14,21,28,1150.2,863,871.87,8.37,12.23,12.23,63.9,64.38,63.65,121.43,139.73,2740,3073
Joel Eriksson Ek,9551,244,3.79,0.44,0.56,0.41,0.52,0.42,0.52,155,16.21,1.29,1.1,3.56,0.49,8.89,6.68,1.27,1.37,1.35,2,2,15,7,3,25,7,3,1,1,3,1,6,8,12,19,2,4,45,23,3,3,16,5,1,0.51,0.5,0.28,1,1,1,26.61,22,23.46,1,0.23,0.38,0.39,1.12,1.2,1.19,244,34,15,34,161,24,34,23,163,45,64,44478,4,2,1,8,66.13,4.37,4.3,4.65,4.58,64,30,25,119,7,4,2,78,13,3,2.01,1.49,0.86,2,2,3,125.22,94,98.5,0.86,0.82,0.82,4.4,4.65,4.62,91.71,5.57,5.38,5.4,5.22,101,31,37,169,6,7,0,112,19,1,2.79,2.51,0.27,4,2,0,161.98,132,127.3,1.21,0.75,0.75,6.02,5.85,5.73,34.07,26.63,702,638
Mike Blunden,974,22,-0.47,0.35,0.45,0.32,0.52,0.35,0.5,23,0.79,0.03,0.04,0.23,0.03,0.39,0.29,0.03,0.03,0.03,0,0,1,0,0,1,0,0,0,0,0,0,0,1,1,1,2,4,0,6,0,0,1,0,0,0.03,0,0,0,0,0,0.9,1,0.95,0,0.01,0,0,0.04,0.04,0.04,22,1,1,3,17,3,7,1,11,0,0,6526,4,4,2,0,5.78,0.43,0.43,0.44,0.44,4,4,2,10,0,0,0,5,3,0,0.1,0.33,0,0,0,0,9.97,8,8.16,0.09,0,0,0.52,0.53,0.53,10.87,0.81,0.81,0.81,0.81,13,2,6,21,0,0,0,13,1,1,0.47,0.1,0.24,0,0,0,21.93,15,15.34,0.12,0,0,0.93,0.93,0.93,4.37,5.28,103,97
Derek Dorsett,8343,221,4.71,0.48,0.5,0.52,0.54,0.53,0.53,144,19.65,1.92,1.23,4.69,0.62,9.87,7.66,1.89,1.89,1.86,2,1,24,2,7,33,4,1,4,0,5,0,7,9,23,25,7,23,1,35,2,1,19,4,3,0.56,0.5,0.85,0,0,1,32,26,25.36,0,0.26,0.83,0.04,2.14,2.1,2.07,221,36,27,31,127,42,21,49,109,1,0,43030,23,23,7,6,61.76,4.76,4.65,4.67,4.56,69,15,31,115,5,5,0,67,11,6,1.79,1.32,1.65,2,2,1,110.91,84,81.41,0.81,1.03,1.03,4.54,4.43,4.37,56.86,5.19,5.07,5.36,5.24,64,12,30,106,11,0,0,54,16,6,1.67,2.09,1.43,3,5,3,110.23,76,78.92,0.78,0,0.21,5.77,5.93,5.81,34.34,34.68,693,591
Nicklas Jensen,3874,96,1.55,0.64,0.52,0.66,0.5,0.66,0.53,82,8.08,0.25,0.39,2.11,0.25,4.44,3.56,0.24,0.24,0.23,0,0,8,3,7,18,0,0,0,0,2,0,5,4,8,11,0,0,0,7,2,1,10,1,0,0.15,0.1,0,0,0,0,17.52,11,10.69,0,0.08,0,0,0.33,0.31,0.3,96,14,2,15,65,10,17,16,53,0,0,21381,0,0,0,2,41.41,3.88,3.78,3.85,3.75,38,19,23,80,2,3,1,43,9,5,1.05,1.1,1.73,0,0,2,79.93,57,56.77,0.55,0.8,0.8,3.63,3.58,3.53,22.37,2.14,2.12,2.16,2.14,26,4,12,42,2,1,0,20,9,1,0.66,1.26,0.21,0,2,0,42.87,30,30.46,0.3,0.19,0.19,2.25,2.24,2.23,14.75,13.62,317,318
Damon Severson,97691,2091,29.87,0.52,0.43,0.54,0.43,0.53,0.44,220,123.69,6.4,8.28,32.31,4.26,78.46,53.31,6.22,6.32,6.15,13,15,125,58,95,278,31,3,9,1,31,6,59,75,122,180,26,58,0,79,24,54,171,8,4,4.02,0.93,1.44,2,0,1,274.49,183,180.94,31,1.79,1.61,1.17,7.01,6.93,6.83,2091,317,212,334,1228,196,325,296,1274,0,0,194365,58,36,15,73,844.29,78.19,74.84,77.81,74.46,836,340,356,1532,61,55,15,864,251,61,24.95,30.32,22.91,21,17,23,1520.14,1176,1166.62,12.85,13.87,15.68,75.36,75,72.88,756.11,72.26,69.84,72.95,70.5,783,254,272,1309,72,55,17,748,227,62,22.33,28.02,21.91,19,25,28,1324.11,1037,1048.21,10.24,12.11,13.28,69.23,69.97,69.06,123.35,165.62,2418,3156
Boo Nieves,704,17,-0.59,0.42,0.59,0.33,0.36,0.31,0.41,11,0.71,0.09,0.04,0.19,0.03,0.37,0.28,0.09,0.1,0.1,0,0,0,1,0,1,0,0,0,0,0,0,0,1,0,1,0,0,3,0,0,0,0,1,0,0,0.09,0,0,0,0,1.21,1,1.16,0,0.01,0,0,0.1,0.11,0.11,17,2,1,4,10,2,3,1,11,3,7,2896,0,0,0,1,3.7,0.54,0.42,0.56,0.43,4,1,3,8,1,0,0,3,1,1,0.04,0.09,0.41,0,0,1,8.74,5,5.37,0.04,0,0,0.58,0.6,0.47,8.48,0.75,0.75,0.68,0.68,9,2,5,16,1,0,0,5,6,0,0.1,0.65,0,1,0,0,14.31,11,9.91,0.13,0,0,0.88,0.79,0.79,2.91,2.05,31,56
William Nylander,77820,1766,61.04,0.62,0.46,0.58,0.47,0.58,0.47,478,211.89,22.53,13.61,46.36,6.51,116.6,80.4,21.48,22.6,21.53,23,16,205,81,77,363,61,22,9,3,38,9,110,98,183,264,16,32,49,25,59,30,197,67,22,6.26,7.79,8.48,6,6,10,363,286,285.67,11,3.07,3.49,2.23,23.37,23.29,22.45,1766,334,139,300,993,327,245,306,888,49,73,218081,32,12,6,16,847.48,87.97,84.37,88.2,84.59,814,355,366,1535,74,56,12,808,282,79,24.47,34.25,29.26,19,21,34,1543.96,1169,1176.33,13.03,13.79,14.72,86.28,86.36,84.01,608.33,54.92,53.55,54.99,53.65,613,234,250,1097,47,38,6,622,177,48,19.34,20.52,15.07,22,11,14,1092.06,847,843.28,7.95,8.37,8.07,54.79,54.99,54.16,173.2,202.96,3392,3801
Sergey Tolchinsky,1377,29,0.9,0.49,0.5,0.51,0.48,0.51,0.47,20,1.47,0.09,0.07,0.33,0.05,0.81,0.64,0.09,0.09,0.09,1,0,2,0,1,3,1,0,0,0,0,1,1,0,2,2,0,0,0,0,0,0,2,0,0,0.09,0,0,0,0,0,3.1,2,2,0,0.01,0,0,0.11,0.11,0.11,29,4,3,5,17,9,3,1,16,0,0,6423,0,0,0,0,18.45,1.44,1.43,1.49,1.48,18,7,4,29,1,1,0,20,4,1,0.56,0.49,0.39,0,1,0,30,25,25.94,0.23,0.39,0.39,1.28,1.3,1.29,18.21,1.48,1.43,1.49,1.43,17,7,4,28,1,1,0,18,5,1,0.55,0.61,0.31,1,0,0,27.75,24,23.86,0.25,0.31,0.31,1.42,1.39,1.36,5.66,5.64,96,106
Andre Burakovsky,50249,1041,41.47,0.53,0.5,0.59,0.49,0.55,0.5,526,106.02,11.18,7.46,23.8,3.25,56.79,41.51,10.94,11.48,11.24,9,14,110,34,75,219,35,12,3,0,35,1,47,46,98,132,7,14,2,31,32,33,101,31,12,3.46,3.69,4.03,3,6,3,224.73,144,147.9,10,1.62,0.64,1.28,11.53,11.84,11.67,1041,175,96,157,613,174,167,160,540,2,5,178870,14,10,5,25,458.32,38.74,37.82,39.66,38.7,465,177,300,942,44,17,4,492,119,31,14.56,14.56,9.62,13,18,13,966.85,642,657.2,6.89,3.49,3.76,41.87,42.79,42.04,375.57,34.14,32.77,33.62,32.3,360,160,146,666,22,38,9,395,90,35,11.78,11.8,10.56,5,8,9,650.36,520,510.3,5.24,8.75,8.75,30.64,30.26,29.77,138.62,141.06,2615,2719
John-Michael Liles,35012,776,11.57,0.56,0.56,0.54,0.53,0.56,0.53,177,37.6,1.57,2.42,10.64,1.57,22.89,15.91,1.53,1.57,1.53,3,2,36,19,31,86,5,0,3,0,6,2,28,16,36,55,2,4,2,25,11,8,51,4,0,1.13,0.44,0,0,0,0,86.86,55,55.46,4,0.52,0.66,0.25,1.84,1.85,1.79,776,102,70,102,502,83,88,91,514,2,0,95582,4,14,6,41,303.78,24.93,24.04,25.06,24.15,306,116,136,558,20,14,3,320,82,20,8.71,9.87,6.36,7,7,6,562.23,422,424.2,4.52,2.15,2.25,27.2,27.34,26.55,241.91,19.25,18.63,19.33,18.72,243,94,129,466,19,17,4,263,55,19,6.55,6.55,6.15,9,3,7,467.4,337,337.63,3.47,4.29,4.29,18.43,18.55,18.26,80.48,62.32,1581,1405
Gustav Forsling,33787,734,7.55,0.46,0.5,0.5,0.5,0.47,0.5,210,42.95,2.48,2.63,10.86,1.43,27.87,20.73,2.46,2.48,2.45,2,1,48,18,55,121,5,2,3,0,14,1,17,29,46,64,2,4,0,16,5,27,62,2,2,1.31,0.25,0.92,2,0,0,120.79,66,65.71,23,0.54,0.89,0,3.02,3.01,2.98,734,101,43,128,462,97,88,80,469,0,0,104578,4,6,3,17,249.26,23.17,22.41,23.32,22.55,262,79,148,489,21,16,4,253,67,21,7.54,8.69,6.94,8,10,3,490.83,341,342.3,3.64,3.93,4.33,22.49,22.59,22.32,271.42,27.3,25.8,27.55,26.03,284,93,114,491,16,30,4,272,80,25,8.17,10.07,9.06,5,4,7,491.82,377,378.79,3.91,7.71,7.87,23.34,23.48,23.05,80.65,79.53,1618,1599
Adam Erne,18419,441,5.38,0.54,0.49,0.53,0.5,0.54,0.49,238,42.94,3.84,3.22,8.89,1.27,24.13,16.64,3.69,3.76,3.61,0,0,40,18,7,65,3,3,3,0,12,1,22,17,37,55,4,11,0,71,2,5,39,18,1,1.29,2.33,0.23,1,2,0,63.81,58,56.99,2,0.68,0.55,0.59,3.94,3.87,3.72,441,73,42,88,238,79,70,52,240,0,2,76533,11,15,6,13,155.3,13.34,12.91,13.12,12.69,145,72,69,286,5,9,0,160,50,7,4.79,6.31,2.25,2,2,1,280.52,217,212.93,2.47,1.72,1.66,14.16,13.94,13.56,131.64,11.41,11.29,11.69,11.57,135,48,66,249,13,9,2,136,40,7,3.77,4.66,2.98,5,6,2,253.88,183,186.84,1.78,1.51,1.21,11.99,12.29,12.2,61.71,63.23,1192,1185
Michael Cammalleri,63519,1282,31.66,0.51,0.43,0.53,0.44,0.53,0.44,265,142.4,13.08,9.5,30.41,4.54,78.64,55.83,12.77,12.95,12.64,14,7,142,50,52,244,31,10,6,1,36,7,59,74,132,182,9,21,17,44,24,32,134,53,5,4.88,6.04,2.17,3,4,3,242.57,192,191.01,6,2.13,1.55,0.68,14.53,14.42,14.09,1282,196,137,200,749,151,194,193,744,17,11,159499,21,29,13,14,516,46.56,45.06,46.29,44.81,520,194,238,952,48,27,8,520,166,28,16.04,19.95,10.57,18,17,13,944.72,714,710.08,8.11,6.13,7.24,47.42,47.24,46.13,468.87,45.3,44.22,45.58,44.51,475,170,190,835,44,30,11,467,136,42,14.6,16.06,14.64,14,12,18,845.38,645,651.78,6.3,6.85,6.95,44.65,45.06,44.56,107.25,139.54,2013,2563
James Neal,74312,1599,49.5,0.59,0.49,0.58,0.49,0.57,0.48,282,193.71,21.4,14.1,42.68,6.21,104.03,71.58,19.77,21.66,20,14,4,202,58,78,338,41,23,12,1,49,8,78,90,179,237,15,33,3,84,40,30,175,61,24,5.53,7.49,8.38,8,13,2,338.01,260,260.2,8,3.22,2.68,4.41,20.22,20.34,19.59,1599,332,157,271,839,253,251,254,841,3,3,180968,33,37,17,18,715.24,68.5,64.13,68.94,64.54,716,276,368,1360,66,50,7,742,179,71,21.59,22.19,24.71,20,29,17,1362.96,992,995.18,11.79,11.4,11.77,68.5,68.8,66.2,536.46,47.18,46.05,47.2,46.06,534,213,225,972,50,32,5,589,116,42,16.66,15.05,15.48,18,14,18,970.36,747,747.13,7.16,5.94,6.24,48.11,48.11,47.59,132.71,139.54,2745,2914
Jakub Vrana,13997,291,9.07,0.63,0.46,0.61,0.52,0.6,0.52,217,35.79,6.42,2.92,6.78,1.17,19.66,12.06,5.87,6.38,5.83,2,1,32,17,7,56,6,3,5,0,8,0,14,19,29,46,1,2,0,6,4,9,25,17,7,1.01,2.14,3.28,0,1,2,55.68,49,48.93,3,0.68,0.83,1.25,5.86,5.81,5.66,291,49,18,48,176,47,52,43,149,0,3,63027,2,4,2,7,143.75,14.87,13.91,14.91,13.94,134,67,81,282,9,11,0,150,38,13,4.57,4.62,5.69,1,4,4,282.55,201,201.42,2.26,2.6,2.6,14.54,14.57,14.28,95.78,8.56,8.21,8.65,8.3,99,34,47,180,3,10,1,105,19,9,3.36,2.4,2.8,2,0,1,180.76,133,133.58,1.31,2.43,2.43,7.44,7.6,7.49,44.05,52.32,986,917
Dylan Larkin,77534,1715,31.65,0.51,0.47,0.53,0.47,0.53,0.47,465,176.91,15.74,11.77,40.01,5.61,97.46,70.41,14.51,15.64,14.42,7,8,178,63,69,310,32,17,6,6,50,6,64,98,161,224,17,37,196,67,49,51,185,41,15,5.39,4.83,5.52,7,4,6,307.4,241,239.55,20,2.64,0.98,4.48,13.9,13.84,13.37,1715,272,153,334,956,304,227,274,910,196,236,216127,37,59,28,22,663.1,56.36,53.55,56.08,53.31,667,258,296,1221,48,43,12,723,150,52,21.14,17.89,17.33,17,14,17,1212.79,925,919.94,10.26,11.2,12.19,54.42,54.29,52.93,600.97,55.14,53.42,55.38,53.67,605,229,246,1080,68,36,13,605,183,46,17.74,21.78,15.61,32,17,19,1088.11,834,839.3,8.29,7.06,7.06,56.36,56.64,55.38,144.59,165.12,2974,3345
Matt Duchene,83451,1774,40.41,0.49,0.42,0.54,0.46,0.53,0.45,253,167.53,19.74,13.29,33.77,5.42,89.09,64.7,19.02,19.59,18.87,14,9,159,67,47,273,41,18,15,5,38,5,68,82,141,208,5,10,677,40,60,43,142,64,20,5.4,7.44,6.9,2,8,8,268.16,226,223.38,14,2.97,3.14,4.54,18.15,18.02,17.81,1774,271,308,256,939,263,204,292,1015,677,399,192098,10,30,15,40,732.69,68.01,64.26,67.44,63.69,735,292,334,1361,54,58,10,778,184,65,22.85,22,23.16,16,17,21,1334.75,1027,1013.06,12.54,13.24,13.54,67.01,66.41,64.01,644.5,70.24,67.6,71.24,68.54,693,218,268,1179,86,55,12,661,173,77,18.35,20.65,31.25,25,28,33,1211.17,911,930.44,9.39,12.03,11.8,67.84,68.79,67.45,109.25,148.25,2632,3051
Markus Hannikainen,5476,135,2.45,0.47,0.55,0.49,0.53,0.51,0.54,113,8.39,0.63,0.54,2.05,0.25,4.21,3.32,0.57,0.64,0.58,0,1,8,3,3,14,2,1,1,1,1,0,3,5,7,10,3,6,0,16,0,0,8,2,1,0.22,0.17,0.24,0,0,1,14.53,11,11.05,0,0.11,0.2,0.24,0.51,0.51,0.51,135,15,14,20,86,20,15,18,82,0,0,31057,6,2,1,5,43.6,3.36,3.25,3.43,3.31,41,20,12,73,4,4,2,48,9,4,1.34,0.99,1.03,3,0,1,76.98,61,62.87,0.57,0.75,0.75,3.18,3.29,3.24,41.81,3.72,3.67,3.74,3.69,42,16,18,76,5,4,1,46,9,3,1.26,1.23,1.22,1,2,2,73.78,58,56.89,0.66,0.6,0.6,3.78,3.8,3.77,26.98,22.44,507,456
Matt Irwin,72228,1637,25.15,0.48,0.52,0.48,0.53,0.47,0.52,340,93.54,3.27,5.37,25.34,3.09,59.04,44.89,3.13,3.27,3.13,4,7,98,43,76,217,14,3,7,0,21,9,52,49,95,138,13,26,0,115,18,39,136,4,1,2.5,0.45,0.32,3,0,0,218.65,141,140.93,34,1.1,0.84,0.56,3.81,3.82,3.74,1637,196,202,268,971,220,268,242,907,0,0,197986,26,20,10,121,540.29,42.83,41.72,43.27,42.13,549,204,305,1058,48,29,3,587,126,40,15.8,15.34,11.7,22,17,9,1065.03,753,757.06,7.28,5.04,5.38,44.74,45.08,44.38,601.51,46.32,45.1,46.3,45.08,605,235,302,1142,42,35,8,684,119,37,18.28,14.88,13.16,12,16,14,1136.66,840,838.27,8.52,7.15,7.3,47.55,47.45,46.75,162.26,150.82,3267,2952
Michal Kempny,44898,997,20.77,0.52,0.49,0.54,0.5,0.54,0.48,268,71.44,2.37,3.93,19.82,2.4,44.15,33.33,2.3,2.39,2.31,2,4,67,39,67,173,8,2,2,0,17,2,36,47,65,104,11,22,0,76,6,26,103,3,0,2,0.37,0,2,0,0,173.87,106,106.38,25,0.78,0.39,0.23,2.91,2.93,2.86,997,98,97,114,688,136,136,135,590,0,0,137014,22,6,3,59,400.99,32.54,31.84,32.88,32.17,391,167,214,772,29,23,4,431,103,24,11.93,13.12,7.49,9,14,6,774.18,558,560.14,5.43,5.06,5.23,32.74,32.97,32.59,345.37,30.56,29.34,30.41,29.19,351,127,186,664,34,26,9,365,85,28,10.82,9.73,10.01,11,11,12,661.77,478,475.57,5.04,7.24,7.28,28.32,28.18,27.71,105.23,110.57,2077,2113
Sami Vatanen,92289,1806,28.82,0.58,0.49,0.51,0.49,0.52,0.49,186,116.1,6.5,7.79,27.76,3.75,71.64,52.58,6.3,6.51,6.31,9,12,117,53,82,252,24,3,11,0,31,3,51,71,114,167,14,30,0,75,15,39,152,16,2,3.48,2.02,1,1,1,1,253.29,170,170.6,33,1.79,2.33,1.08,7.21,7.23,7.04,1806,257,289,308,952,190,252,236,1128,0,0,166191,30,36,18,128,830.33,83.37,79.71,83.26,79.59,804,358,375,1537,76,69,13,865,216,81,24.71,26.61,32.05,23,23,30,1538.94,1162,1162.49,13.88,14.09,14.38,82.87,82.77,80.89,773.21,59.78,57.93,59.77,57.92,751,337,369,1457,50,51,10,853,190,45,22.67,22.36,14.75,14,19,17,1448.4,1088,1083.61,12.11,10.1,10.46,61.43,61.46,60.25,113.99,118.32,2458,2600
Mark Scheifele,97447,1969,72.14,0.57,0.46,0.56,0.45,0.56,0.46,145,157.03,25.96,12.14,31.41,5.41,84.24,56.9,24.5,26.16,24.7,26,24,160,57,61,278,82,32,8,10,34,5,58,81,128,185,19,38,635,49,67,42,109,80,28,4.61,10.04,11.3,2,17,13,278.7,217,217.34,20,2.84,1.56,6.12,22.61,22.65,22.18,1969,332,238,337,1062,268,289,374,1038,635,826,189326,38,60,30,34,922.45,100.93,96.81,101.14,97.01,924,374,414,1712,119,63,21,913,294,91,29.83,35.66,35.44,32,51,36,1707.17,1298,1294.86,15.32,15.07,14.96,100.71,100.77,98.62,737.58,75.06,72.5,75.62,73.05,764,276,332,1372,82,43,10,766,201,73,23.71,23.74,27.62,28,27,27,1386.99,1040,1049.78,10.65,9.1,9.1,76.35,76.89,74.72,130.19,154.23,2572,3099
Jamie Oleksiak,39878,895,8.02,0.44,0.49,0.47,0.51,0.48,0.51,203,30.52,1.53,2.05,7.9,0.97,19.33,13.21,1.45,1.55,1.48,0,2,33,12,22,67,7,5,2,1,9,2,11,16,28,40,14,37,0,51,13,27,41,4,0,0.97,0.56,0,4,1,0,66.92,45,45.53,26,0.43,0.32,0.33,1.63,1.66,1.6,895,90,122,130,553,122,125,122,526,0,0,109015,37,27,9,53,324.56,26.92,25.94,26.94,25.99,319,130,151,600,23,22,3,339,87,23,9.99,10.42,6.51,9,9,5,597.23,449,447.83,4.65,4.25,4.5,27.08,27.2,26.62,346.53,33.67,32.07,33.59,32.01,324,158,199,681,34,38,7,356,87,39,9.73,10.7,13.24,11,10,13,682.48,482,483.15,5.19,9.37,9.23,29.63,29.62,29.1,89.4,93.89,1802,1736
Michael Chaput,44970,1115,6.36,0.4,0.45,0.45,0.48,0.45,0.47,645,57.84,6.78,3.88,13.14,1.93,30.75,23.52,6.52,6.81,6.54,2,3,64,16,33,113,9,4,3,0,20,2,20,31,60,76,13,29,203,68,13,14,48,27,5,1.66,3.47,1.65,1,3,0,112.58,80,79.81,7,0.82,1.03,1.84,5.76,5.8,5.75,1115,98,115,172,730,183,174,168,590,203,182,202520,29,19,8,29,322.77,22.61,22.24,22.61,22.24,340,111,161,612,16,11,1,357,84,10,8.85,10.5,3.27,5,10,1,605.9,451,448.44,4.08,2.98,3.35,23.34,23.37,23.2,396.37,34.5,33.24,34.53,33.29,409,147,178,734,31,28,5,431,99,26,13.08,12.2,9.22,13,12,6,738.58,556,556.93,5.69,6.71,6.44,33.75,33.86,33.2,139.76,168.23,2879,3101
TJ Tynan,1347,34,0.18,0.48,0.59,0.51,0.52,0.41,0.51,34,3.69,0.22,0.25,0.85,0.11,2.07,1.49,0.22,0.22,0.21,0,0,3,2,2,7,0,0,0,0,1,0,2,2,3,5,0,0,0,1,0,0,4,1,0,0.14,0.09,0,0,0,0,7.12,5,5.11,0,0.05,0,0,0.27,0.27,0.26,34,4,4,5,21,5,6,5,18,0,0,9453,0,0,0,1,10.19,0.61,0.6,0.6,0.59,9,5,8,22,0,0,0,12,2,0,0.4,0.21,0,0,0,0,22.17,14,14.17,0.14,0,0,0.75,0.73,0.72,14.63,0.67,0.65,0.66,0.64,14,6,1,21,1,0,0,19,1,0,0.57,0.1,0,1,0,0,20.81,20,19.76,0.16,0,0,0.83,0.82,0.8,9.92,6.76,150,140
Matt Dumba,92619,1856,32.83,0.55,0.54,0.52,0.48,0.52,0.49,263,124.25,8.43,8.41,30.9,4.06,77.73,50.47,8.06,8.51,8.14,10,13,131,49,112,292,34,11,5,2,37,5,61,61,120,169,23,49,0,96,18,43,158,16,6,3.9,1.87,2.66,4,4,3,294.94,180,181.75,36,1.92,1.26,2.13,8.22,8.3,8.11,1856,253,188,290,1125,240,274,304,1038,0,0,183824,49,29,13,71,788.26,70.47,68.16,71.61,69.27,798,293,378,1469,92,60,17,829,204,58,24.52,24.34,21.61,28,35,29,1496.13,1091,1107.99,12.7,13,12.93,70.23,71.2,69.75,718.64,58.25,56.58,57.39,55.74,735,278,323,1336,61,41,10,792,177,44,21.76,21.73,14.76,20,26,15,1310.78,1013,998.15,10.1,8.09,8.19,60.16,59.42,58.51,147.92,125.04,2758,2938
Nick Jensen,52202,1166,15.77,0.46,0.49,0.47,0.5,0.47,0.5,215,56.4,2.56,3.26,14.47,1.96,33.38,26.37,2.49,2.53,2.46,5,4,59,23,39,121,13,4,6,1,11,3,24,34,55,78,6,12,0,55,10,37,78,3,1,1.73,0.37,0.46,2,1,1,120.33,82,81.24,26,0.67,1.51,0.49,2.73,2.74,2.69,1166,124,126,207,709,192,131,169,674,0,0,128008,12,16,7,56,402.61,33.49,32.52,33.39,32.43,393,163,164,720,32,30,6,424,98,34,12.1,11.71,9.68,13,9,10,713.23,556,551.47,5.68,6.42,6.74,32.43,32.36,31.91,448.67,39.12,37.66,39.29,37.84,451,170,207,828,48,32,8,460,124,37,12.68,15.07,11.36,19,14,15,836.04,621,626.15,6.67,6.71,6.71,39.07,39.25,38.42,94.65,97.84,1876,1880
Eric Gelinas,18258,435,1.19,0.44,0.44,0.48,0.48,0.46,0.48,154,27.63,0.72,1.46,7.55,0.93,16.43,14.92,0.71,0.71,0.7,0,1,28,14,18,60,1,0,2,0,8,1,14,17,28,42,6,12,0,32,3,6,42,0,0,0.72,0,0,0,0,0,58.25,42,40.8,5,0.29,0.17,0.04,0.96,0.94,0.93,435,44,49,42,300,68,71,51,245,0,1,75733,12,2,1,15,136.16,8.87,8.67,8.69,8.51,145,51,65,261,10,9,2,170,19,7,4.46,2.35,2.06,6,1,3,253.55,196,191.37,1.77,1.7,1.7,8.94,8.82,8.71,160.26,11.21,11.01,11.47,11.26,171,56,53,280,14,8,1,177,45,5,4.6,5.33,1.29,4,8,2,289.92,227,233.67,2.15,1.08,1.08,12.28,12.53,12.4,51.29,64.32,1100,1214
Markus Nutivaara,52322,1187,9.8,0.48,0.52,0.49,0.5,0.48,0.51,383,61.61,2.7,3.62,16.73,1.98,37.78,27.18,2.65,2.7,2.65,1,4,66,24,44,134,7,2,4,0,14,7,29,34,64,88,3,6,0,36,9,20,83,7,0,1.91,0.79,0,1,1,0,134.27,90,89.85,14,0.73,0.95,0.24,3.19,3.19,3.14,1187,182,92,184,729,192,214,145,636,0,0,187916,6,4,2,38,413.71,34.6,33.73,34.95,34.08,409,160,192,761,32,25,5,425,119,25,12.38,14.5,7.71,12,13,7,771.23,569,576.57,5.61,6.13,6.03,34.17,34.58,34.13,445.17,36.95,35.99,36.88,35.9,432,178,191,801,26,37,8,445,134,31,12.94,16.08,7.94,8,11,7,789.1,610,604.03,6.05,7.33,7.57,35.43,35.22,34.69,158.44,145.61,2973,2930
Dylan Strome,5747,130,-0.3,0.44,0.38,0.48,0.44,0.46,0.43,57,8.9,0.71,0.56,1.92,0.27,4.69,3.85,0.7,0.74,0.73,1,0,6,6,4,16,1,0,1,0,1,2,2,6,6,12,1,0,31,3,3,0,7,5,0,0.21,0.5,0,0,0,0,15.99,12,12.15,0,0.11,0.25,0,0.83,0.85,0.84,130,24,2,19,85,14,33,19,64,31,46,19907,0,2,1,2,52.36,3.86,3.77,3.92,3.83,54,18,21,93,2,4,1,56,14,2,1.54,1.66,0.65,1,0,1,92.42,72,72.18,0.79,0.53,0.57,4.08,4.12,4.08,61.91,4.89,4.68,4.91,4.7,64,21,17,102,7,9,1,65,16,4,1.81,1.98,1.1,4,2,1,103.78,85,85.8,0.85,1.44,1.43,4.31,4.32,4.27,10.98,17.76,290,374
Jannik Hansen,41414,976,21.56,0.46,0.48,0.46,0.51,0.48,0.5,266,78.17,8.97,5.66,17.33,2.6,40.59,29.85,8.69,8.91,8.62,10,2,73,32,27,132,20,8,6,4,17,1,27,46,65,97,9,24,0,43,21,14,69,25,11,2.33,3.11,3.53,2,2,4,129.64,105,103.52,5,1.24,1.59,2,8.21,8.09,8.03,976,129,123,179,545,157,145,157,517,0,1,114388,24,40,17,15,321.03,31.16,30.08,30.95,29.86,324,121,146,591,33,23,6,313,102,30,8.78,12.89,9.49,9,14,10,582.61,445,439.12,4.75,5.88,6.19,29.72,29.38,29.03,348.7,37.27,36.39,37.8,36.91,358,125,198,681,43,22,6,337,110,36,9.3,13.27,14.7,8,16,19,698.66,483,493.16,5.31,5.48,5.27,37.24,37.87,37.24,80.31,88.53,1745,1660
Kevin Connauton,18910,443,0.03,0.39,0.4,0.43,0.43,0.43,0.43,140,23.84,0.59,1.26,5.84,0.78,14.53,12,0.58,0.59,0.59,1,0,21,14,16,51,1,0,1,0,7,0,9,18,21,35,7,14,0,48,4,5,35,0,0,0.59,0,0,0,0,0,50.62,35,34.86,5,0.25,0.28,0,0.83,0.84,0.84,443,30,51,62,300,59,78,51,255,0,0,68942,14,4,2,22,140.43,9.59,9.35,9.55,9.32,134,62,67,263,10,10,3,161,29,6,4.27,3.61,1.7,3,4,3,262.69,196,195.12,1.8,2.05,2.05,9.33,9.34,9.29,190.19,14.9,14.42,15.1,14.61,185,79,90,354,14,14,1,206,47,11,5.68,5.65,3.57,6,3,5,358.91,264,267.52,2.78,2.86,2.87,14.82,15.03,14.71,45.42,68.32,931,1229
Andreas Englund,3177,85,-0.97,0.41,0.44,0.43,0.46,0.42,0.46,29,4.14,0.25,0.26,0.96,0.12,2.54,1.87,0.24,0.25,0.24,0,0,3,3,1,7,0,0,0,0,0,0,3,3,3,6,1,2,0,18,0,2,5,1,0,0.12,0.12,0,0,0,0,6.72,6,5.88,2,0.05,0,0,0.3,0.3,0.29,85,11,5,10,59,8,15,11,51,0,0,14823,2,0,0,0,20.67,1.9,1.85,1.94,1.88,16,12,10,38,1,1,0,21,5,2,0.69,0.68,0.53,1,0,0,37.88,28,28.09,0.28,0.33,0.33,1.85,1.89,1.85,27.61,2.76,2.73,2.76,2.73,25,14,12,51,4,2,1,28,7,4,0.89,0.79,1.08,0,1,3,51.47,39,39.21,0.43,0.35,0.35,2.84,2.84,2.81,12.04,15.08,213,252
Trevor Daley,68471,1577,16.4,0.48,0.54,0.45,0.52,0.46,0.53,164,81.27,5.25,5.21,18.58,2.53,47.41,38.02,5.13,5.22,5.11,6,8,84,33,39,156,19,5,6,0,20,6,38,42,79,112,17,37,0,29,20,18,100,14,3,2.41,1.65,1.19,4,1,0,156.69,117,117.81,15,1.11,0.93,0.67,5.68,5.69,5.6,1577,174,261,242,900,197,205,242,933,0,0,135699,37,25,11,83,576.68,55.17,53.45,55.39,53.66,600,192,230,1022,59,49,12,564,173,55,16.83,21.06,17.28,19,24,16,1027.36,792,796.59,8.81,11.02,11.02,52.97,53.16,52.1,657.05,60.55,58.32,61,58.73,693,222,344,1259,60,59,11,681,183,51,18.36,22.91,19.28,17,24,19,1259.37,915,916.53,10.12,12.09,12.92,57.76,58.09,56.81,124.17,107.82,2258,2097
Kyle Brodziak,46394,1241,10.06,0.38,0.53,0.38,0.53,0.39,0.53,625,52.97,5.6,3.5,12.51,1.75,26.59,22.03,5.36,5.61,5.38,3,4,55,17,19,91,15,8,4,3,16,1,15,28,47,64,12,27,323,56,33,6,47,18,7,1.31,2.12,2.17,3,2,3,92.52,72,73.02,6,0.74,1.16,2.13,4.22,4.24,4.21,1241,52,284,174,731,180,200,184,677,323,330,204565,27,21,9,39,259.27,22.29,21.79,22.39,21.89,274,91,120,485,27,21,4,281,60,24,7.52,7.19,7.57,10,7,10,489.92,365,369.14,3.42,4.52,4.52,21.17,21.36,21.2,418.71,36.34,35.04,36.21,34.93,418,161,212,791,39,30,6,456,82,41,12.9,9.54,13.91,21,4,14,782.7,579,573.27,6.73,7.44,7.44,35.63,35.5,34.86,154.66,134.56,3161,2825
Jordin Tootoo,20241,509,4.78,0.55,0.49,0.49,0.49,0.49,0.48,590,44.53,4.37,3.15,10.22,1.39,23.26,16.61,4.26,4.35,4.24,0,1,43,16,22,81,3,2,2,0,18,2,19,16,41,57,8,28,1,52,9,9,43,11,5,1.42,1.53,1.42,0,1,1,81.88,59,59.79,7,0.67,0.49,0.66,4.38,4.39,4.36,509,44,44,74,347,111,71,53,274,1,0,162463,28,36,12,8,155.97,13.76,13.47,13.7,13.4,157,56,94,307,5,8,0,158,41,14,4.51,5.34,3.92,0,4,1,308.05,213,213.2,2.19,1.71,2.36,13.59,13.54,13.38,157.07,11.2,10.94,11.29,11.03,162,60,97,319,11,13,2,174,41,7,4.54,4.83,1.82,5,5,1,320.17,222,221.46,2.08,2.45,2.5,10.79,10.81,10.65,123.19,127.02,2443,2570
Patrick Sharp,45917,1073,22.62,0.51,0.45,0.56,0.48,0.57,0.48,262,141.25,12.62,9.29,31.97,4.58,79.6,55.93,12.32,12.61,12.3,4,6,146,48,67,261,18,8,8,2,39,5,58,76,138,186,14,31,29,24,16,21,147,37,10,3.86,4.57,4.19,2,3,3,259.04,194,192.71,10,2.08,1.19,2.45,12.25,12.2,11.97,1073,155,122,172,624,146,129,156,642,29,32,128115,31,26,10,24,442.57,37.06,35.67,36.87,35.47,441,179,223,843,26,30,6,472,116,32,11.9,14.15,11.01,9,8,9,833.9,620,613.34,7.09,6.38,6.39,37.76,37.52,36.46,339.64,36.03,34.59,36.6,35.13,328,141,188,657,44,30,7,336,90,43,10.19,10.82,15.02,13,14,17,665.46,469,475.98,4.81,7.2,7.2,33.64,34.1,33.57,101,121.22,2069,2213
Conor Sheary,58332,1290,57.1,0.59,0.49,0.56,0.48,0.56,0.49,360,146.59,18.09,11.77,29.65,4.8,77.31,55.45,17.3,18.29,17.49,12,18,156,42,48,246,53,23,15,8,34,8,47,71,133,175,11,22,0,29,26,25,113,64,21,4.44,7.58,6.06,4,9,10,248.72,198,200.68,2,2.6,3.31,4.84,15.77,15.88,15.56,1290,234,106,325,625,227,188,227,648,0,0,164186,22,35,15,23,607,60.64,58.53,61.32,59.18,636,209,264,1109,71,56,17,591,199,55,19.13,24.37,17.14,23,23,25,1119.12,845,852.84,9.82,12.22,12.32,57.88,58.41,57.3,475.11,41.99,40.53,42.24,40.8,496,162,209,867,36,43,7,481,132,45,13.5,16.3,12.19,11,12,13,867.38,658,658.88,6.51,9.37,9.41,38.97,39.15,38.63,133.76,141.06,2514,2757
Zach Parise,72151,1542,46.23,0.58,0.54,0.52,0.49,0.53,0.5,282,189.63,27.45,14.99,39.08,6.02,93.82,68.65,26.06,27.67,26.26,17,6,194,56,50,300,42,19,23,4,40,6,68,95,175,231,15,30,8,46,33,17,129,88,33,4.8,10.8,11.86,3,7,9,302.86,250,251.76,5,3.44,5.98,6.45,24.45,24.58,23.75,1542,260,156,249,877,216,220,246,860,8,5,178843,30,36,17,69,694.28,70.36,66.96,70.89,67.43,718,235,324,1277,65,77,11,687,193,73,20.47,23.69,26.21,24,19,22,1290.73,953,962.53,11.45,15.88,16.86,64.95,65.31,63.56,608.39,50.86,49.53,50.68,49.37,606,248,307,1161,56,44,7,669,137,48,17.76,16.93,16.18,21,19,16,1150.4,854,846.95,8.64,8.92,9.21,50.29,50.07,49.21,134.19,114.47,2566,2667
Cameron Gaunce,9013,215,4,0.53,0.48,0.48,0.49,0.5,0.48,73,9.74,0.38,0.55,2.54,0.31,5.63,4.6,0.38,0.37,0.36,3,0,8,6,3,17,4,1,3,0,2,0,3,5,7,13,5,13,0,23,2,5,13,1,0,0.19,0.18,0,1,0,0,17.43,14,14.16,2,0.11,0.82,0,0.49,0.48,0.47,215,33,18,31,133,31,45,27,112,0,0,34487,13,9,3,10,74.26,6.06,5.95,6.18,6.07,78,26,40,144,6,7,2,78,20,6,1.92,2.55,1.59,2,1,3,147.32,104,106.66,1.01,1.08,1.08,5.99,6.11,6.03,74.77,5.3,5.13,5.36,5.19,76,27,53,156,6,7,1,81,18,4,2.09,2.25,0.96,2,3,1,156.01,103,102.99,1.04,1,1,5.33,5.38,5.27,28.81,31.09,536,553
Eric Staal,91514,1927,67.27,0.6,0.52,0.54,0.48,0.54,0.48,222,202.91,25.26,14.23,42.46,6.6,104.88,80.57,24.39,25.56,24.68,24,13,211,63,87,361,65,28,17,5,40,10,78,101,183,246,17,34,577,42,51,24,188,59,27,6.32,7.27,11.67,6,9,13,366.08,274,278.05,6,3.23,2.78,5.48,23.02,23.28,22.92,1927,294,253,290,1090,275,263,314,1075,577,597,206529,34,34,17,39,851.51,86.88,83.88,87.52,84.5,893,278,411,1582,92,81,17,864,226,81,25.21,28.04,33.64,24,32,36,1598.65,1171,1183.25,13.93,16.91,17.13,83.69,84.24,82.53,720.01,58.26,56.77,58.01,56.52,732,284,342,1358,64,42,3,782,193,41,21.43,23.28,13.55,29,25,10,1346.23,1016,1007.42,10.69,7.85,8.08,60.87,60.67,59.65,149.35,138.02,2986,3249
Tomas Nosek,6682,162,1.59,0.52,0.49,0.45,0.49,0.47,0.5,116,16.8,2.37,1.47,3.7,0.65,8.07,5.75,2.22,2.33,2.18,0,0,19,3,2,24,1,1,2,1,7,1,6,5,18,21,1,2,37,10,5,3,13,6,3,0.66,0.68,1.03,0,0,1,23.8,22,21.77,1,0.31,0.2,1.03,1.65,1.6,1.59,162,16,24,18,104,39,17,19,87,37,31,33890,2,2,1,5,55.59,4.97,4.71,4.93,4.67,56,20,21,97,2,7,1,56,15,5,1.71,1.8,1.46,1,0,1,96.13,76,75.73,0.82,1.42,1.57,4.23,4.18,4.12,63.2,4.69,4.56,4.73,4.61,60,27,31,118,3,5,1,69,15,3,1.76,2.11,0.81,0,2,1,118.84,87,87.28,0.93,0.59,0.59,5.03,5.09,5.02,22.52,23.48,484,499
Clayton Keller,2280,51,-0.2,0.19,0.37,0.37,0.43,0.28,0.42,31,0,0,0,0,0,0,0,0,0,0,1,1,0,0,0,0,2,0,0,0,0,0,0,0,0,0,0,0,0,0,1,0,0,0,0,0,0,0,0,0,0,0,0,0,0,0,0,0,0,0,0,51,7,3,5,36,7,5,10,29,0,0,8745,0,0,0,0,9.84,0.52,0.51,0.51,0.51,8,6,11,25,2,0,0,13,1,0,0.44,0.08,0,2,0,0,24.11,14,13.54,0.12,0,0,0.64,0.63,0.62,26.41,2.25,2.19,2.35,2.28,23,13,6,42,4,5,1,25,9,2,0.75,1.06,0.43,2,1,1,44.66,36,38.23,0.41,0.73,0.73,1.93,2,1.98,4.62,7.98,112,149
Patrick Brown,8160,189,-0.97,0.4,0.51,0.45,0.51,0.44,0.51,159,12.78,1.09,0.84,3.03,0.42,7.13,5.49,1.08,1.11,1.1,0,0,12,6,4,22,0,0,0,0,2,0,7,9,12,18,0,0,9,30,2,3,15,2,1,0.59,0.28,0.21,0,0,0,22.53,18,18.3,2,0.17,0,0,1.26,1.29,1.28,189,21,15,34,119,30,20,28,111,9,6,42491,0,0,0,5,47.96,3.54,3.52,3.59,3.56,44,23,31,98,1,1,0,55,11,1,1.94,1.4,0.21,1,0,0,100.29,67,68.28,0.64,0.12,0.12,4.06,4.12,4.1,60.59,5.26,5.14,5.18,5.06,54,30,38,122,7,5,2,63,14,7,1.75,1.42,2.08,1,3,3,118.33,84,81.75,0.79,1.34,1.34,4.71,4.64,4.56,36.27,35.22,689,651
Dillon Simpson,1959,50,0,0.52,0.51,0.48,0.5,0.46,0.5,18,1.97,0.05,0.12,0.57,0.07,1.34,0.85,0.05,0.05,0.05,0,0,2,1,2,5,0,0,0,0,1,0,1,1,2,3,1,2,0,3,0,1,3,0,0,0.05,0,0,0,0,0,4.8,3,2.8,1,0.02,0,0,0.07,0.07,0.07,50,5,4,8,33,4,8,10,28,0,0,9141,2,0,0,2,11.65,0.99,0.98,1.03,1.03,13,3,9,25,1,1,0,12,2,2,0.31,0.17,0.5,1,0,0,25.31,16,16.36,0.15,0.12,0,1.14,1.19,1.18,12.41,0.92,0.91,0.9,0.89,12,7,8,27,1,0,0,13,6,0,0.33,0.58,0,1,0,0,26.86,19,18.66,0.17,0,0,1.09,1.06,1.05,7.51,7.13,155,153
David Warsofsky,6608,158,1.45,0.4,0.49,0.48,0.5,0.48,0.51,39,15.03,0.43,0.76,3.86,0.46,8.87,8.62,0.43,0.43,0.42,1,0,14,9,8,31,1,0,0,0,7,0,5,11,14,23,3,6,0,3,2,3,23,0,0,0.43,0,0,0,0,0,30.3,23,22.64,3,0.16,0,0,0.59,0.58,0.57,158,24,14,25,95,21,28,24,85,0,0,18626,6,0,0,12,62.75,4.2,4.1,4.11,4.01,65,22,28,115,5,3,2,72,12,3,1.99,1.43,0.79,2,2,1,112.3,87,85.35,0.88,0.63,0.63,4.45,4.35,4.32,70.82,6.33,6.08,6.42,6.16,67,27,29,123,8,9,2,66,21,7,1.75,2.87,1.71,2,4,2,125.29,94,94.92,1.1,1.29,1.29,6.14,6.18,6.05,15.91,16.72,302,300
Jaden Schwartz,88482,2032,63.31,0.58,0.46,0.56,0.46,0.57,0.47,230,177.99,22.28,13.59,36.86,5.52,93.45,69.3,21.44,22.37,21.53,24,12,179,62,62,303,55,19,13,6,37,5,73,94,160,222,9,18,67,71,59,29,151,66,24,5.19,7.76,9.34,4,6,9,304.93,241,243.24,11,3.09,2.75,3.04,22.34,22.44,21.98,2032,360,252,333,1087,267,293,303,1169,67,73,194897,18,18,9,43,799.8,78.25,75.83,78.56,76.14,835,282,397,1514,86,58,15,848,198,71,24.73,23.43,30.08,28,25,33,1519.34,1117,1120.76,12.98,12.41,12.46,78.77,79.04,77.57,614.34,56.65,55.2,56.66,55.22,622,236,317,1175,56,30,6,655,158,45,18.51,19.48,18.67,13,21,22,1168.71,858,854.19,8.78,5.85,5.71,59.7,59.63,58.52,118.27,138.15,2589,2980
Lukas Sedlak,36170,893,18.33,0.5,0.51,0.49,0.49,0.5,0.49,709,63.04,7.57,4.74,13.91,2.26,32.3,25.23,7.38,7.72,7.51,3,3,57,29,30,116,13,7,5,1,6,7,30,31,50,79,11,25,232,66,15,10,53,26,7,2.19,3.28,2.11,1,3,3,118.84,86,88.17,3,1,1.16,1.48,7.09,7.26,7.14,893,102,104,122,565,152,131,136,474,232,211,189699,25,25,12,28,280.51,25.07,23.88,25.43,24.22,286,104,134,524,28,20,6,289,79,22,8.75,9.41,6.91,9,10,9,537.35,390,398.31,3.83,4.6,4.6,24.3,24.68,23.84,281.34,25.29,24.43,25.28,24.42,281,103,155,539,21,24,3,275,83,26,7.22,10.31,7.77,4,9,8,531.93,384,380.73,4.26,4.75,4.75,24.79,24.71,24.19,153.31,147.58,2884,3006
Gabriel Dumont,22627,572,6.59,0.48,0.54,0.47,0.53,0.48,0.52,416,35.39,4.45,2.63,8.23,1.17,18.02,13.5,4.23,4.5,4.27,2,0,34,14,18,66,4,2,5,0,8,0,16,17,32,46,10,29,133,83,6,5,28,13,7,0.99,1.59,1.87,1,1,0,66.62,48,48.49,3,0.56,1.35,1.59,3.42,3.44,3.35,572,57,153,81,281,108,67,77,320,133,109,120262,29,39,15,19,160.3,13.72,13.09,13.82,13.2,148,79,81,308,8,16,2,175,38,14,5.18,4.27,4.27,2,3,3,308.34,227,227.95,2.22,3.06,3.17,12.77,12.83,12.47,175.37,14.73,13.75,14.61,13.64,175,73,95,343,7,7,1,186,49,13,4.79,5.68,4.25,1,4,2,339.39,248,245.11,2.6,2.09,2.4,14.93,14.87,14.47,103.87,88.75,1955,1760
Liam O'Brien,368,8,0.1,0.85,0.51,0.56,0.52,0.58,0.57,12,0,0,0,0,0,0,0,0,0,0,0,0,0,0,0,0,0,0,0,0,0,0,0,0,0,0,0,0,0,1,0,1,0,0,0,0,0,0,0,0,0,0,0,0,1,0,0,0,0,0,0,8,0,0,0,8,4,0,0,4,0,0,3232,0,0,0,0,4.71,0.37,0.37,0.4,0.4,5,2,2,9,0,0,0,5,2,0,0.15,0.22,0,0,0,0,9.93,7,7.7,0.07,0,0,0.44,0.48,0.48,3.57,0.06,0.06,0.06,0.06,3,2,2,7,0,0,0,5,0,0,0.06,0,0,0,0,0,6.74,5,4.8,0.04,0,0,0.1,0.09,0.09,2.26,2.18,59,55
Michael Sgarbossa,25430,626,9.1,0.48,0.47,0.51,0.5,0.53,0.5,367,31.93,3.5,2.01,7.41,1.08,17.57,13.44,3.42,3.52,3.44,5,2,33,12,10,55,9,2,5,2,6,0,10,22,31,43,3,9,138,39,6,14,36,7,2,1.38,0.92,1.2,0,0,2,55.27,45,45.14,5,0.43,1.31,1.4,2.52,2.51,2.48,626,81,61,105,379,105,76,86,359,138,176,112345,9,17,7,16,204.35,14.79,14.55,14.75,14.5,214,73,65,352,12,10,2,245,33,9,7.34,4.18,3.27,5,4,3,350,287,285.16,2.69,3.15,3.15,14.33,14.26,14.09,177.69,15.86,15.28,16.11,15.53,193,61,79,333,16,11,5,202,35,17,5.8,4.05,6,6,3,7,338.25,254,258.21,2.34,3.51,3.55,14.65,14.93,14.67,83.77,93.44,1748,1736
Gemel Smith,13857,342,4.24,0.48,0.5,0.45,0.5,0.47,0.51,134,20.06,2.02,1.23,4.69,0.66,10.15,8.24,1.96,2.03,1.97,1,2,19,8,5,32,6,3,3,0,4,0,9,8,16,24,4,11,25,6,4,6,19,7,1,0.8,0.95,0.27,0,3,0,32.18,27,27.15,4,0.27,0.74,0.54,1.75,1.76,1.71,342,24,43,56,219,59,52,51,180,25,34,48316,11,13,5,6,111.72,10.96,10.33,10.82,10.22,98,57,49,204,7,14,1,116,24,15,3.5,3.07,4.38,2,4,1,202.29,155,153.87,1.54,3.53,3.53,8.96,8.93,8.69,125.67,11.79,11.11,11.65,10.98,124,48,78,250,10,10,1,125,34,13,3.58,4.57,3.64,4,5,1,251.36,172,171.87,1.82,2.37,2.37,11.23,11.13,10.71,44.24,44.79,764,753
Jack Skille,29037,733,12.24,0.47,0.44,0.49,0.47,0.49,0.46,603,74.31,6.68,5.07,16.95,2.34,40.49,29.48,6.57,6.68,6.58,4,0,73,28,20,121,9,5,5,1,29,3,29,30,68,96,6,12,2,74,14,9,70,27,4,2.08,3.49,1.11,2,2,1,120.09,101,100.12,5,1.05,1.17,0.59,7.14,7.16,7.12,733,73,62,112,486,125,120,118,370,2,0,171587,12,12,6,24,224.84,16.61,16.19,16.73,16.3,220,91,103,414,13,10,2,244,58,9,6.46,7.35,2.8,5,6,2,409.18,311,308.03,2.89,2.56,2.6,16.91,16.98,16.79,234.37,18.82,18.3,19.04,18.52,243,82,110,435,13,13,1,250,61,14,7.46,7.28,4.09,6,6,1,441.29,325,328.68,3.19,3.21,3.56,18.44,18.66,18.35,115.11,144.69,2360,2612
Tomas Hertl,50638,1170,29.86,0.51,0.52,0.55,0.51,0.55,0.51,184,100.16,12.7,7.31,23.24,3.75,53.28,38.71,12.39,12.77,12.45,7,5,100,39,44,183,22,10,11,5,31,5,41,41,90,129,7,14,245,76,30,18,97,25,17,3.04,3,6.66,2,3,5,183.5,139,139.53,6,1.62,1.76,4.02,10.3,10.32,10.2,1170,178,153,148,691,173,120,147,730,245,229,126719,14,10,5,42,450,40.99,39.59,41.3,39.89,437,205,268,910,32,41,9,487,113,42,12.82,12.81,15.36,7,11,14,916.34,642,647.56,6.99,8.86,9.42,38.56,38.85,38.11,376.33,38.83,35.75,38.85,35.76,364,159,231,754,40,16,5,388,95,40,11.32,11.81,15.7,10,18,12,751.6,523,521.38,5.83,4.28,4.57,40.09,40.06,37.79,101.51,94.14,2053,1991
Mika Zibanejad,56244,1323,34.55,0.57,0.49,0.53,0.47,0.54,0.48,240,129.76,13.15,9.39,27.25,4.22,73.1,50.9,12.54,13.04,12.43,8,15,115,63,44,222,36,13,15,2,26,3,61,60,102,165,8,16,477,23,36,30,130,40,8,4.25,4.74,4.16,6,3,4,221.58,178,177.57,11,2.12,4.07,2.95,12.32,12.27,12.03,1323,259,201,218,645,175,171,205,772,477,449,144055,16,30,15,25,534.46,52.26,49.59,52.28,49.63,516,229,207,952,62,46,10,557,146,42,17.16,17.51,17.59,25,16,21,954.71,745,746.16,8.64,11.47,11.47,49.43,49.49,48.36,445.95,38.78,37.11,39.08,37.4,453,176,206,835,38,32,10,481,117,31,13.64,13.87,11.26,13,10,15,829.96,629,627.58,6.26,7.73,7.84,37.19,37.37,36.47,104.91,109.64,2063,2308
Rasmus Ristolainen,125458,2341,30.5,0.47,0.46,0.45,0.49,0.45,0.48,95,169.77,8.13,11.32,42.53,5.4,102.73,76.9,7.81,8.08,7.76,17,22,186,61,112,359,45,6,17,2,49,8,78,89,180,241,16,38,0,195,25,59,226,18,3,5.26,1.99,0.87,3,2,1,357.83,247,245.76,35,2.61,4.58,1.17,9.57,9.52,9.26,2341,348,400,383,1210,233,281,386,1441,0,0,162833,38,29,13,161,1068.15,105.06,100.5,105,100.43,1086,386,431,1903,107,80,17,1047,326,99,29.7,38.58,36.77,33,40,34,1899.63,1472,1468.12,17.63,19.61,19.65,103.04,102.96,100.26,1272.78,116.13,111.92,116.59,112.37,1293,493,509,2295,108,88,23,1358,327,101,37.93,39.25,38.95,28,35,45,2308.17,1786,1797.58,20.06,21.51,22.49,113.64,114.13,111.52,102.87,120.86,2342,2485
Nicolas Kerdiles,668,17,-0.09,0.49,0.66,0.36,0.43,0.44,0.45,9,0.67,0.08,0.05,0.12,0.02,0.42,0.3,0.08,0.08,0.08,0,0,0,1,0,1,0,0,0,0,0,0,0,1,0,1,0,0,1,0,0,2,0,1,0,0,0.08,0,0,0,0,0.92,1,0.92,1,0.01,0,0,0.1,0.09,0.09,17,2,3,1,11,3,2,7,5,1,0,2932,0,0,0,2,6.12,0.53,0.53,0.51,0.51,5,3,1,9,2,0,0,5,3,0,0.13,0.4,0,0,2,0,8.62,8,7.74,0.09,0,0,0.62,0.59,0.59,6.72,0.55,0.55,0.56,0.56,7,3,6,16,1,0,0,9,1,0,0.38,0.17,0,1,0,0,16.04,10,9.98,0.1,0,0,0.65,0.66,0.66,2.26,1.18,38,50
Marcus Sorensen,12328,317,5.4,0.52,0.48,0.49,0.51,0.51,0.51,208,22.37,2.11,1.62,5.23,0.97,12.84,9.23,2.05,2.09,2.03,1,2,27,5,11,43,4,1,2,0,10,1,9,9,26,31,2,4,3,15,9,11,22,9,1,0.85,1.05,0.21,0,1,0,42.96,32,31.73,7,0.33,0.28,0.2,2.24,2.23,2.18,317,38,29,39,211,49,35,37,196,3,1,56201,4,4,3,6,97.63,8.85,8.61,8.79,8.55,98,42,47,187,5,8,1,99,34,7,2.5,4.26,2.1,0,3,2,186.34,140,138.88,1.39,1.72,1.72,8.52,8.49,8.35,95.37,8.04,7.81,8.02,7.78,95,38,62,195,6,7,1,98,27,8,2.67,3.27,2.11,2,3,1,194.15,133,132.1,1.4,1.54,1.7,7.74,7.68,7.59,43.41,47.43,935,908
Riley Nash,67082,1584,26.07,0.45,0.59,0.46,0.57,0.46,0.58,620,129.04,13.76,9.33,26.11,3.88,66.17,51.75,13.03,13.86,13.13,8,2,125,46,42,213,17,7,12,0,29,6,52,65,118,164,7,14,276,67,48,18,107,53,11,4.23,6.15,3.38,3,3,1,215.52,171,173.04,8,1.99,2.46,2.39,13.36,13.42,12.97,1584,143,263,263,915,267,210,189,918,276,286,227165,14,26,13,36,473.96,37.51,36.03,37.77,36.28,471,185,232,888,25,25,3,503,127,26,14.6,15.3,7.6,9,11,5,896.43,656,661.37,6.43,4.67,4.73,39.21,39.42,38.61,543.9,45.95,44.37,45.81,44.22,517,244,270,1031,47,32,9,577,142,42,14.41,17.7,13.85,16,19,12,1023.43,761,757.05,8.48,8.58,9.57,44.86,44.77,43.88,213.3,147.71,4078,3091
Clarke MacArthur,3237,69,0.52,0.61,0.51,0.61,0.52,0.61,0.54,29,5.93,0.3,0.44,1.38,0.22,3.95,2.71,0.3,0.31,0.31,0,0,5,4,4,13,0,0,0,0,1,0,3,5,5,9,0,0,0,4,1,1,8,1,0,0.19,0.11,0,0,0,0,13.29,9,9,0,0.09,0,0,0.39,0.4,0.4,69,8,5,8,48,14,11,8,36,0,1,11463,0,0,0,1,29.39,2.01,1.93,2.03,1.95,26,17,16,59,0,1,0,37,4,2,0.92,0.53,0.56,0,0,0,59.37,43,43.1,0.48,0.27,0.27,2.21,2.23,2.21,20.16,1.3,1.28,1.31,1.29,20,8,9,37,1,1,0,24,3,1,0.72,0.3,0.28,0,1,0,36.69,28,28.26,0.28,0.28,0.28,1.3,1.31,1.29,7.49,7.11,161,150
Steven Stamkos,18234,366,21.49,0.59,0.48,0.61,0.47,0.59,0.47,59,55.14,8.02,4.05,11.07,1.91,31.88,19.06,7.56,8.04,7.58,9,2,58,18,24,100,20,9,4,1,10,2,34,17,49,67,7,14,106,21,15,6,45,20,11,1.44,2.31,4.27,3,1,5,100.1,76,75.84,2,1.01,0.77,0.24,8.79,8.78,8.29,366,90,42,47,187,49,67,74,176,106,92,43566,14,8,4,3,187.42,21.6,20.58,21.69,20.67,189,74,93,356,26,8,4,179,62,22,5.4,7.33,8.87,8,5,13,356.73,263,263.16,3.3,2.33,2.39,22.51,22.54,21.57,129.95,14.77,14.41,14.82,14.46,129,50,45,224,13,14,3,121,42,16,3.81,5.2,5.75,3,3,7,225.13,179,179.39,2.1,2.23,2.23,14.63,14.62,14.44,29.15,31.5,593,670
Joel Ward,73708,1726,29.69,0.48,0.53,0.49,0.52,0.49,0.53,439,110.55,14.7,8.81,22.82,4.1,63.43,47.14,14.05,14.71,14.06,8,11,103,58,46,207,28,9,10,1,24,3,58,57,94,152,15,30,220,59,34,51,94,54,13,3.42,6.61,4.67,4,4,1,208.8,161,162.18,12,1.96,2.67,3.27,13.4,13.4,13.2,1726,211,242,231,1042,218,188,225,1095,220,229,205570,30,20,10,54,570.39,56.7,54.7,56.95,54.96,549,267,334,1150,43,48,7,591,170,55,16.83,20.53,19.34,16,13,14,1158.51,816,822.5,8.75,10.38,10.41,55.03,55.25,54.19,603.68,62.45,59.52,62.33,59.43,569,280,337,1186,49,47,12,616,182,51,19.3,22.75,20.41,12,18,19,1175.06,849,841.75,9.55,10.67,11.24,60.76,60.56,59.09,165.88,147.31,3449,3150
Jakub Nakladal,2610,53,-0.82,0.35,0.58,0.41,0.54,0.39,0.55,18,2.88,0.13,0.17,0.65,0.1,1.73,1.22,0.13,0.14,0.14,0,0,3,1,3,7,0,0,0,0,1,0,1,2,3,4,0,0,0,2,1,0,4,0,0,0.13,0,0,0,0,0,7.08,4,4.19,0,0.03,0,0,0.17,0.18,0.17,53,6,3,6,38,6,8,8,31,0,0,8490,0,0,0,4,15.93,1.09,1.09,1.11,1.11,15,7,10,32,0,0,0,18,4,0,0.47,0.62,0,0,0,0,30.94,22,21.72,0.19,0,0,1.28,1.31,1.3,24.25,2.06,2.04,2.04,2.01,27,7,12,46,4,1,1,28,3,3,0.81,0.35,0.9,2,0,2,47.61,34,34.51,0.35,0.39,0.39,2.02,2.01,1.99,8.73,6.26,130,112
Kyle Rau,13198,310,1.96,0.44,0.51,0.48,0.55,0.49,0.53,236,18.73,1.58,1.28,4.21,0.64,9.58,7.72,1.54,1.58,1.54,0,1,20,5,6,31,3,2,0,0,5,0,5,13,18,23,1,4,2,23,7,2,18,6,1,0.59,0.76,0.23,0,1,1,31.23,25,24.93,1,0.26,0,0.18,1.66,1.66,1.63,310,33,23,47,207,42,43,43,182,2,1,71689,4,2,1,3,97.93,6.97,6.82,7.03,6.88,90,47,45,182,5,7,0,111,22,4,3.22,2.69,1.05,1,3,1,182.64,137,137.82,1.33,0.74,1.07,7.23,7.29,7.19,101.92,8.78,8.63,8.77,8.62,107,34,53,194,8,10,1,99,33,9,2.68,3.73,2.37,2,4,2,194.7,141,141.38,1.38,2.1,2.14,8.01,8.04,7.97,58.06,55.77,1198,997
Mikael Granlund,91487,1919,65.47,0.57,0.53,0.51,0.49,0.51,0.49,223,181.2,22.8,13.04,39.33,6.06,94.79,67.99,21.59,23.04,21.8,31,12,177,67,74,318,69,26,13,7,45,14,67,79,151,218,6,12,16,50,43,33,167,49,28,5.33,6.1,11.37,6,3,17,321.25,244,245.67,10,2.92,4.12,4.48,21.24,21.4,20.94,1919,242,386,335,956,285,203,342,1089,16,17,202956,12,40,21,50,781.86,80.82,77.01,81.61,77.74,755,330,339,1424,97,60,15,769,240,76,23.18,29.52,28.12,26,36,35,1437.25,1085,1093.77,12.86,14.76,14.76,78.91,79.55,77.45,730.14,60.08,57.72,59.51,57.17,748,290,343,1381,68,54,13,840,145,53,22.02,17.03,21.02,23,21,24,1361.01,1038,1025.5,10.86,12.05,12.35,58.59,58.12,57.08,150.47,134.35,3080,3189
Ryan Reaves,42648,1078,11.45,0.5,0.5,0.46,0.5,0.47,0.5,904,59.42,7.1,4.51,13.75,2.14,32.07,23.44,6.92,7.09,6.92,5,1,58,25,22,105,13,7,6,0,7,2,30,31,51,76,23,64,0,239,11,4,44,33,6,1.67,3.79,1.63,2,4,1,106.57,83,84.02,1,0.95,1.09,1.9,6.15,6.21,6.16,1078,50,142,179,707,211,173,159,535,0,5,248031,64,62,23,26,287.4,23.16,22.62,23.38,22.84,304,98,130,532,26,26,5,304,79,19,8.11,9.69,5.36,10,9,7,539.45,402,407.5,3.91,5.28,5.33,21.75,22.06,21.88,327.52,23.47,22.94,23.35,22.83,329,126,166,621,22,19,3,371,63,21,10.36,7.48,5.63,14,4,4,610.26,455,448.08,4.2,4.31,4.31,23.36,23.17,22.86,177.77,176.69,3620,3645
Michael Frolik,84044,1863,55.97,0.51,0.48,0.54,0.49,0.53,0.48,314,194.61,18.6,12.6,42.83,6.12,104.84,86,18.1,18.56,18.07,11,16,202,69,81,352,44,17,11,6,44,6,72,121,185,254,23,48,13,60,45,38,195,60,16,5.83,6.99,5.78,4,8,5,353.56,271,271.83,13,2.75,2.74,2.87,18.48,18.48,18.24,1863,199,434,342,888,331,219,276,1037,13,16,214392,48,14,7,48,752.69,69.44,67.64,69.92,68.13,762,282,361,1405,71,53,16,772,197,75,21.11,23.47,24.87,23,24,24,1406.75,1044,1047.15,10.86,13.94,14.51,65.8,66.17,65.23,657.22,67.6,64.56,68,64.93,636,272,303,1211,61,54,12,644,202,62,18.45,25.21,23.94,8,35,18,1212.79,908,913.19,10.69,13.43,15.46,62.83,63.2,61.94,149.09,164.38,3092,3217
Jordan Schmaltz,7744,197,1.53,0.6,0.55,0.51,0.46,0.51,0.48,48,4.84,0.16,0.28,1.48,0.17,2.93,1.97,0.15,0.17,0.16,1,1,5,2,2,9,2,0,0,0,1,0,3,3,5,7,2,4,0,4,1,2,7,0,0,0.16,0,0,0,0,0,9.38,7,7.38,0,0.06,0,0,0.22,0.23,0.22,197,25,13,18,141,24,30,23,120,0,0,25256,4,0,0,10,63.8,6.56,6.36,6.74,6.53,65,22,32,119,7,6,0,64,15,8,2.25,1.58,2.74,1,3,3,122.92,87,89.96,0.99,1.33,1.33,6.23,6.34,6.23,61.86,4.37,4.32,4.28,4.22,65,20,28,113,5,3,2,70,13,2,2.03,1.58,0.76,2,1,2,108.26,85,82.06,0.8,0.91,0.91,4.26,4.13,4.09,18.54,15.17,342,402
Jake Guentzel,38126,820,33.32,0.56,0.48,0.54,0.47,0.55,0.49,240,80.87,10.74,6.33,16.52,2.56,41.38,29.53,10.32,10.91,10.5,14,3,81,27,28,136,33,16,9,3,12,8,31,32,65,92,5,10,8,61,16,9,51,46,11,1.98,5.62,3.14,2,9,5,139.43,108,109.98,2,1.39,1.68,2.68,9.39,9.56,9.37,820,136,54,182,448,139,118,154,409,8,9,108223,10,18,9,18,377.84,37.68,36.09,38.3,36.73,399,126,177,702,47,33,3,354,141,30,11.71,17.33,8.63,15,23,9,720.2,525,536.84,6.03,6.89,7.17,36.14,36.88,35.91,314.14,29.88,28.96,29.65,28.73,336,101,159,596,33,34,11,310,95,32,9.06,11.81,9.02,9,11,13,587.62,437,432.54,4.43,6.86,6.86,27.19,26.94,26.64,87.71,93.92,1598,1795
Nicolas Deslauriers,18688,420,-2.73,0.38,0.46,0.4,0.47,0.38,0.47,476,26.83,2.47,1.84,6.26,0.84,14.65,10.95,2.44,2.46,2.42,2,0,26,11,9,46,2,0,1,0,9,1,8,18,26,37,8,28,0,109,2,3,24,11,2,0.63,1.4,0.45,0,0,0,45.2,37,36.56,2,0.39,0.04,0.24,2.62,2.6,2.56,420,56,26,64,274,69,80,50,221,0,3,134112,28,26,7,5,103.96,8.12,7.94,8.08,7.91,107,37,55,199,4,8,0,108,29,7,2.67,3.64,1.81,2,2,0,197.69,144,143.09,1.38,1.81,1.81,7.7,7.65,7.54,166.18,13.07,12.73,13.03,12.69,182,51,68,301,10,14,1,182,41,10,5.24,4.88,2.95,8,0,2,302.43,233,234.51,2.21,2.75,2.75,12.53,12.56,12.35,99.97,119.28,1959,2246
Dustin Byfuglien,131734,2327,56.13,0.53,0.48,0.52,0.46,0.53,0.47,98,238.32,14.83,16.23,55.94,7.62,140.34,106.11,14.25,14.89,14.31,20,19,241,101,110,452,52,13,17,2,49,8,114,141,228,329,44,97,0,183,65,85,296,35,11,7.82,3.96,3.05,7,3,3,452.02,342,342.93,63,3.63,5.03,2.01,16.39,16.45,16.12,2327,301,275,398,1353,289,344,379,1315,0,0,158956,97,47,19,124,1149.78,119.48,114.68,119.69,114.88,1175,436,486,2097,121,90,19,1146,356,109,36.41,43.11,39.96,34,49,38,2094.56,1611,1610.96,18.8,20.55,20.22,117.49,117.59,114.94,1033.13,105.7,101.94,106.33,102.56,1065,377,463,1905,111,75,18,1076,263,103,32.19,31.95,41.56,41,31,39,1921.86,1442,1452.45,15.42,16.62,16.62,104.04,104.68,101.96,113.61,122.25,2245,2587
Kyle Connor,14665,327,2.6,0.53,0.49,0.51,0.47,0.53,0.47,174,26.87,2.65,1.89,6.15,0.85,15.17,10.29,2.57,2.63,2.55,1,2,24,13,4,41,5,2,2,0,7,1,12,13,22,35,2,4,1,1,11,5,25,10,2,0.86,1.15,0.64,1,0,1,40.41,37,36.28,2,0.41,0.45,0.48,2.58,2.56,2.5,327,48,30,47,202,65,50,45,167,1,1,58240,4,7,2,8,122.55,10.52,10.19,10.45,10.11,128,45,39,212,8,14,2,135,29,9,4.48,3.49,2.55,3,3,2,208.36,173,170.41,1.9,2.6,2.6,9.82,9.72,9.54,108.71,9.17,8.84,9.59,9.23,114,37,55,206,13,13,2,116,27,8,3.38,3.54,2.26,6,5,2,213.9,151,156.04,1.53,2.7,2.7,7.99,8.3,8.17,45.78,46.91,840,951
Kevin Shattenkirk,94473,1996,55.43,0.57,0.47,0.58,0.47,0.59,0.47,276,144.95,8.58,9.51,36.06,4.52,90.6,61.72,8.38,8.57,8.36,20,21,157,54,100,311,54,13,9,0,38,3,69,79,144,198,21,47,0,86,36,40,191,14,6,4.09,1.83,2.66,8,1,4,308.22,211,208.75,27,2.18,1.55,0.14,10.62,10.58,10.32,1996,389,168,289,1150,201,288,328,1179,0,0,192391,47,11,4,93,839.8,79.95,77.11,80.25,77.41,839,336,372,1547,91,50,8,877,227,71,25.8,26.7,27.44,32,26,33,1547.57,1175,1177.54,13.64,10.27,10.35,83.23,83.47,81.71,602.43,60.52,58.62,60.9,58.99,598,228,296,1122,63,43,14,607,157,62,17.07,18.44,25.01,13,20,30,1121.91,826,825.99,8.16,9.62,9.87,58.8,59.01,57.71,122.51,140.12,2670,2998
Andy Greene,86898,1875,14.93,0.44,0.48,0.43,0.5,0.43,0.5,112,93.92,4.54,5.59,24.36,3.34,57.28,41.89,4.42,4.54,4.41,6,3,83,54,53,190,13,4,6,1,24,3,55,45,79,133,5,8,0,50,26,36,127,8,2,2.69,0.9,0.95,2,0,2,188.42,137,136.23,28,1.17,1.03,0.27,5.44,5.43,5.31,1875,171,400,323,981,198,189,248,1240,0,0,154321,8,12,6,125,620.23,58.91,56.82,58.53,56.47,620,231,245,1096,49,43,10,603,202,46,18,25.03,15.88,10,22,17,1086.23,851,844.54,8.89,9.76,9.79,58.02,57.65,56.62,798.37,74.66,72.02,74.91,72.28,800,309,343,1452,79,42,12,824,225,60,24.61,27.01,23.04,21,28,30,1463.12,1109,1116.52,12.5,9.26,10.09,77.08,77.45,75.55,112.91,120.42,2258,2228
Dmitry Orlov,95026,1899,48.82,0.55,0.48,0.56,0.49,0.55,0.5,291,115.06,5.64,7.17,29.04,3.69,69.2,52.26,5.48,5.68,5.52,18,8,125,42,80,247,32,6,12,0,36,5,50,58,119,161,24,51,0,121,34,50,156,9,2,4.22,0.92,0.51,5,1,0,251.56,167,168.73,39,1.48,2.09,0.65,6.48,6.51,6.33,1899,217,204,302,1176,310,281,285,1023,0,0,199763,51,29,13,94,836.15,72.42,70.69,73.62,71.86,840,329,429,1598,84,63,12,889,223,57,27.26,26.4,18.77,27,35,22,1635.21,1169,1191.77,12.01,12.1,12.87,71.49,72.68,71.72,680.57,59.22,57.1,58.49,56.39,659,288,312,1259,48,63,12,698,196,53,20.83,23.52,14.87,16,16,16,1234.49,947,930.27,9.66,12.52,12.54,56.34,55.6,54.82,155.41,167.58,3011,3072
Joseph Cramarossa,35208,882,3.05,0.41,0.51,0.39,0.49,0.4,0.49,584,36.32,4.21,2.55,8.22,1.14,19.45,14.43,4.14,4.22,4.16,3,3,36,14,13,63,10,4,2,2,11,0,16,17,32,46,13,50,6,133,8,15,32,13,5,1.04,1.51,1.67,1,1,2,62.02,50,49.81,8,0.54,0.44,1.62,3.13,3.12,3.08,882,133,60,126,563,129,132,101,520,6,1,179574,50,66,20,23,204.84,16.95,16.47,16.99,16.5,200,87,84,371,15,18,4,219,51,17,5.92,6.12,4.92,5,5,5,370.04,287,286.93,2.69,4.12,4.49,15.15,15.15,14.95,310.59,23.99,23.34,24.12,23.46,302,135,145,582,18,18,3,341,83,13,9.29,10.2,4.51,3,12,3,581.24,437,437.18,4.48,4.17,4.17,24.3,24.43,24.08,136.96,130.83,2734,2806
Niklas Kronwall,66530,1466,12.98,0.53,0.46,0.52,0.48,0.52,0.48,204,60.93,2.78,4.43,14.7,2.09,40.6,25.4,2.7,2.75,2.67,5,6,67,23,47,137,13,2,3,0,21,1,29,34,65,88,16,32,0,77,6,23,82,8,0,1.8,0.97,0,1,1,0,134.26,90,88.3,16,1.01,0.22,0.02,3.76,3.72,3.62,1466,269,136,228,833,171,192,228,875,0,0,143033,32,8,3,81,570.34,55.47,53.18,55.5,53.2,576,216,248,1040,47,39,11,580,164,48,18.02,20.24,17.21,14,17,16,1032.48,792,788.59,9.18,9.66,10.22,54.42,54.45,53.39,516.44,48.48,46.53,48.79,46.84,549,169,228,946,49,38,9,524,149,45,14.76,17.51,16.21,13,19,17,957.28,718,725.08,7.31,7.58,7.93,47.87,48.22,46.99,87.65,104.84,1983,2147
Aaron Ekblad,86116,1589,32.95,0.54,0.45,0.57,0.49,0.56,0.49,175,204.86,12.23,12.97,52.26,6.81,124.05,86.68,11.88,12.22,11.86,4,7,224,71,107,402,20,9,12,3,60,8,102,104,215,286,29,58,0,87,25,58,269,19,7,7.24,2.27,2.72,5,1,3,400.1,295,294.4,43,2.91,2.81,2.05,13.08,13.03,12.66,1589,258,115,216,1000,176,213,246,954,0,0,159730,58,34,17,62,826,71.21,68.57,71.37,68.72,859,304,362,1525,53,65,13,930,176,57,28.07,20.6,22.54,17,19,17,1521.31,1163,1162.43,12.38,14.41,16.12,67.48,67.5,65.6,659.4,61.5,59.77,61.73,60.01,686,237,233,1156,60,52,10,676,192,55,19.87,22.41,19.21,18,23,19,1162.32,923,928.72,9.22,11.16,11.46,59.26,59.51,58.76,108.11,132.42,2326,2435
Drew Miller,33929,835,2.23,0.34,0.5,0.37,0.5,0.39,0.5,599,42.6,4.07,3.05,9.71,1.36,20.93,16.88,3.85,4.1,3.87,1,1,43,13,13,69,7,5,7,1,12,1,11,20,38,51,9,18,2,71,13,5,37,14,5,1.12,1.48,1.48,2,0,3,68.83,56,56.03,2,0.64,1.77,1.15,3.56,3.58,3.54,835,90,144,133,468,139,111,125,460,2,1,167707,18,2,1,52,208.59,16.41,15.84,16.4,15.82,214,77,82,373,9,17,3,234,37,20,6.23,4.38,5.8,3,1,5,371.95,291,290.5,2.78,3.49,3.94,15.26,15.23,15.09,328.53,31.75,30.06,31.61,29.93,335,123,172,630,32,29,5,341,84,33,9.82,10.22,11.71,13,8,11,628.49,458,456.97,5.39,7.83,8.09,29.04,28.93,28.23,121.65,122.89,2495,2465
Mikkel Boedker,68786,1693,29.62,0.51,0.52,0.51,0.51,0.52,0.52,580,127.58,15.05,9.63,27.41,4.36,67.85,48.69,14.79,15.36,15.1,10,6,120,53,49,222,26,10,10,1,30,6,43,74,110,163,5,10,5,70,31,35,109,49,15,4.23,6.19,4.62,5,1,4,227.9,173,177.49,13,2.1,2.19,2.99,14.16,14.45,14.37,1693,229,130,253,1081,235,183,222,1053,5,13,221292,10,28,15,35,596.13,54.7,52.73,55.31,53.32,595,244,293,1132,47,49,7,613,178,48,17.91,21.98,14.81,14,20,13,1146.83,839,849.41,9.58,11.2,11.95,52.33,52.88,51.82,550.43,52.87,51.05,52.45,50.65,540,225,311,1076,50,42,10,554,159,52,15.51,19.42,17.93,16,17,17,1062.97,765,757.14,8.05,8.38,8.57,52.35,51.93,50.97,175.69,164.38,3635,3427
Jason Dickinson,7074,173,2.92,0.55,0.51,0.53,0.5,0.54,0.52,102,9.39,1.28,0.81,1.94,0.35,5.42,4.21,1.23,1.27,1.23,0,0,9,5,5,19,2,2,1,1,2,0,7,2,7,12,0,0,4,8,3,0,7,6,1,0.35,0.71,0.22,0,2,0,18.82,14,13.84,0,0.17,0.24,0.35,1.09,1.09,1.08,173,28,13,24,108,28,28,23,94,4,9,29471,0,6,3,4,53.52,4.09,3.99,4.1,4,55,20,27,102,2,4,1,55,18,2,1.55,2.09,0.45,0,2,0,103.33,75,75.98,0.71,0.7,0.7,4.11,4.14,4.1,46.56,3.38,3.33,3.37,3.31,49,16,24,89,5,4,0,52,11,2,1.18,1.54,0.67,3,2,0,88.56,65,64.81,0.57,0.95,0.96,3,2.98,2.95,26.88,25.75,476,474
Yanni Gourde,18441,421,11.57,0.53,0.54,0.55,0.49,0.54,0.49,125,30.99,3.96,2.36,6.64,1.01,15.82,12.22,3.87,4.03,3.93,2,0,30,12,12,54,8,6,4,1,7,2,10,13,24,36,4,8,60,11,12,4,23,14,5,0.79,1.67,1.5,2,1,3,54.4,42,42.27,2,0.52,0.75,0.89,3.58,3.58,3.54,421,55,48,78,240,84,52,61,224,60,103,54782,8,12,6,3,160.17,14.92,14.55,14.8,14.43,163,64,72,299,11,10,1,171,45,11,5.25,5.48,4.18,2,3,6,297.13,227,224.6,2.29,1.95,2.12,15.09,14.88,14.63,142.12,13.44,12.68,13.59,12.83,144,52,46,242,14,10,4,149,36,11,4.31,4.16,4.97,3,7,4,243.94,196,197.86,2.19,2.43,2.65,12.99,13.09,12.83,45.25,38.2,827,856
Jussi Jokinen,70782,1572,32.21,0.5,0.48,0.56,0.5,0.55,0.5,333,110.5,10.48,7.1,24.52,3.62,59.02,48.25,10.19,10.38,10.11,11,6,114,39,41,194,28,11,7,0,29,3,44,59,103,142,18,39,75,28,26,56,114,28,11,3.19,3.64,3.65,4,3,4,194.13,153,153.07,14,1.6,1.89,2.28,9.79,9.77,9.61,1572,235,243,259,835,245,162,238,927,75,69,178708,39,35,16,33,656.96,55.32,53.2,55.09,53,685,248,302,1235,48,46,7,738,146,49,20.91,17.82,16.58,19,15,14,1229.59,933,929.41,9.83,9.83,10.65,54.49,54.33,52.97,547.7,54.86,51.81,55.13,52.05,588,187,190,965,56,53,12,573,145,57,17.32,17.01,20.53,21,12,23,968.47,775,777.57,8.16,13.44,13.44,49.58,49.62,48.56,132.78,144.97,2662,2683
Dale Weise,49466,1122,23.88,0.55,0.51,0.55,0.51,0.56,0.52,550,91.08,9.56,6.35,20.6,2.88,48.34,34.27,8.85,9.55,8.83,4,3,94,28,22,144,15,8,4,4,20,1,42,47,86,114,9,29,3,135,13,14,81,32,9,2.84,4,2.73,2,2,4,144.42,122,122.25,4,1.37,1.22,2.68,8.25,8.21,8.1,1122,137,99,204,682,170,129,149,674,3,0,184591,29,24,9,24,405.81,34.92,33.68,34.86,33.61,413,156,226,795,32,31,14,435,104,30,12.08,12.9,9.95,11,9,12,795.77,569,569.37,5.77,8.36,8.73,31.97,31.93,31.54,319.86,29.06,28.39,29.5,28.81,306,134,201,641,29,17,3,320,93,27,9.55,10.96,8.55,5,15,9,646.43,440,444.57,4.25,4.01,4.01,29.29,29.61,29.26,153.16,145.11,2995,2892
Kevan Miller,60920,1333,20.38,0.5,0.59,0.5,0.56,0.51,0.57,243,49.29,2.08,2.59,13.38,1.51,28.64,24.79,2.05,2.08,2.05,4,6,49,24,34,107,13,3,3,0,18,3,16,30,46,70,17,45,0,118,7,20,72,0,1,1.47,0,0.61,3,0,0,107.61,73,73.36,15,0.53,0.33,0,2.6,2.6,2.56,1333,134,139,226,834,174,162,162,835,0,0,146327,45,34,10,75,490.3,43.49,42,43.56,42.07,481,200,213,894,34,30,7,519,123,39,14.89,15.03,13.57,13,11,10,899.99,681,685.17,6.62,6.29,6.31,43.8,43.92,43.1,473.82,43.08,41.45,43.17,41.51,443,215,237,895,44,37,8,466,154,38,12.85,18.05,12.17,11,22,11,887.46,658,653.96,7.32,8.05,8.35,42.05,42.08,41.14,136.96,96.91,2597,2004
Mikko Koivu,91753,2012,53.57,0.57,0.54,0.51,0.5,0.51,0.5,186,141.92,16.21,11.43,29.05,4.67,79.46,54.18,15.62,16.44,15.84,14,26,140,55,65,260,58,18,15,4,28,3,64,67,122,177,17,34,938,32,39,28,130,52,13,4.53,6.5,5.18,6,7,5,262.59,195,197.19,14,2.63,3.91,3.3,15.55,15.72,15.44,2012,247,455,352,958,273,175,347,1217,938,761,199090,34,12,6,65,793.71,86.07,82.34,86.96,83.16,767,334,343,1444,99,60,15,780,238,83,23.12,29.06,33.9,27,31,41,1459.22,1101,1112.03,13.29,15.15,15.16,84.19,84.96,82.89,738.39,64.02,61.35,63.49,60.84,748,303,355,1406,63,52,12,826,170,55,22.16,20.04,21.83,20,23,20,1387.11,1051,1039.64,11.57,11.29,11.29,64.25,63.72,62.27,146.15,127.02,3028,3085
Anton Lindholm,10621,245,-0.58,0.48,0.5,0.47,0.52,0.46,0.49,70,8.97,0.29,0.58,2.3,0.29,5.61,4.94,0.29,0.28,0.28,0,0,7,7,8,22,0,0,0,0,4,0,3,7,7,14,1,2,0,38,2,4,14,0,0,0.29,0,0,0,0,0,21.6,14,13.44,4,0.12,0,0,0.4,0.39,0.39,245,24,19,29,173,29,29,34,153,0,0,33179,2,0,0,12,69.19,6.42,5.72,6.31,5.62,71,28,36,135,4,7,1,78,16,5,2.52,2.03,1.86,2,2,0,131.52,99,96.82,0.97,1.66,1.66,5.73,5.63,5.42,82.81,6.96,6.81,7.04,6.89,91,25,38,154,16,3,2,86,23,7,2.26,2.73,1.97,4,8,4,159.59,116,119.28,1.23,0.75,0.75,7.44,7.56,7.47,24.6,24.48,525,486
Shea Weber,117286,2218,53.77,0.51,0.51,0.5,0.52,0.51,0.51,104,191.82,10.3,12.38,50.36,6.37,120.79,83.8,9.98,10.31,9.99,9,16,183,101,141,425,42,17,10,0,48,10,96,103,166,267,19,38,0,140,11,80,266,10,8,5.63,1.12,3.55,9,3,5,426.05,284,284.17,72,2.83,2.77,0.08,13.05,13.06,12.65,2218,337,406,451,1024,227,266,375,1350,0,0,167454,38,12,6,157,955.73,87.92,84.41,88.43,84.97,948,381,482,1811,89,75,9,1014,225,90,28.18,27.05,32.7,33,24,32,1824.34,1329,1339.08,15.05,16.83,17.07,85.89,86.46,84.42,902.85,85.48,82.2,85.45,82.19,931,328,529,1788,69,50,10,967,212,80,27.87,26.04,31.58,24,17,28,1785.28,1259,1258.72,14.36,12.2,12.56,87.28,87.44,85.03,123.23,120.58,2708,2519
Sean Couturier,73045,1635,43.33,0.54,0.53,0.54,0.52,0.55,0.53,222,120.21,15.23,8.68,25.25,3.87,60.54,48.43,14.73,15.15,14.65,10,10,120,42,33,195,34,14,8,4,25,5,49,61,106,148,15,33,587,41,46,33,86,61,15,2.97,7.63,4.63,2,7,5,194.32,162,161.25,17,1.88,1.79,4.67,12.43,12.37,12.19,1635,166,241,283,945,272,206,254,903,587,479,168422,33,23,10,35,643.71,60.86,59.02,60.74,58.89,664,234,303,1201,59,64,14,644,200,54,18.69,23.97,18.21,19,21,19,1195.77,898,895.01,9.61,11.59,12.09,58.38,58.16,57.32,540.36,52.8,51.23,53.45,51.87,554,185,281,1020,56,41,5,530,155,54,15.57,19.1,18.13,15,23,18,1029.77,739,747.53,8.1,8.12,8.75,52.14,52.69,51.91,142.12,128.38,2815,2603
Patrick Maroon,80476,1693,53.49,0.59,0.48,0.58,0.47,0.58,0.48,412,183.4,26.06,14.49,38.64,5.86,91.08,62.87,25.04,26.02,25.02,9,6,175,64,57,296,42,27,14,8,42,4,71,81,148,212,33,93,5,188,33,48,131,73,35,4.82,9.34,11.91,6,10,11,297.92,239,240.3,17,3.24,2.4,7.01,22.3,22.33,21.93,1693,279,135,299,980,307,250,260,876,5,9,211489,93,83,28,23,809.47,82.07,78.87,82.15,78.99,800,309,380,1489,76,63,12,779,242,88,23.97,29.76,28.34,21,34,21,1492.93,1109,1111.76,12.95,13.55,14.34,80.68,80.86,79.2,570.73,55.99,54.33,56.27,54.59,576,211,298,1085,49,37,5,569,167,51,18.06,20.41,17.52,16,18,15,1078.98,787,783.67,7.82,7.89,7.89,55.92,56.09,54.95,162.22,174.56,3084,3440
Martin Hanzal,74193,1621,43.15,0.5,0.45,0.53,0.46,0.51,0.46,242,165.12,19.9,12.94,35.55,5.45,85.08,65.09,18.51,19.96,18.56,12,7,167,57,45,269,39,20,16,6,36,6,63,83,147,204,25,53,754,144,31,28,135,65,24,3.81,8.02,8.07,5,6,9,267.89,224,223.07,11,2.96,2.7,6.12,16.75,16.77,16.24,1621,246,307,299,769,199,198,274,950,754,582,180092,53,59,27,58,650.98,60.14,56.91,60.22,56.99,655,249,327,1231,59,60,13,673,172,59,17.85,20.99,21.3,14,23,22,1224.92,904,900.33,10.58,12.99,12.94,57.79,57.77,56.22,618.18,60.89,57.46,60.96,57.56,602,257,239,1098,69,48,7,627,171,61,18.2,20.98,21.7,22,23,24,1102.17,859,861.43,9.68,11.18,11.33,59.25,59.39,57.18,120.84,146.86,2621,3061
Vladimir Sobotka,1001,22,1.05,0.64,0.64,0.64,0.4,0.54,0.39,4,2.5,0.69,0.28,0.47,0.07,0.94,0.55,0.68,0.68,0.67,0,0,2,1,1,4,1,1,0,1,1,1,0,0,1,2,0,0,6,0,1,0,1,0,2,0.07,0,0.62,0,0,1,3.94,3,2.94,0,0.07,0,0.31,0.45,0.45,0.45,22,6,2,3,11,0,2,2,18,6,6,2599,0,0,0,0,9.41,0.9,0.89,0.88,0.87,11,2,8,21,1,1,1,11,0,2,0.28,0,0.62,0,0,1,20.72,13,12.8,0.15,0.31,0.31,0.74,0.73,0.73,8.1,0.51,0.5,0.53,0.52,8,3,1,12,1,0,0,8,3,0,0.2,0.32,0,0,1,0,12.05,11,11.01,0.12,0,0,0.63,0.65,0.64,2.04,1.13,30,45
PA Parenteau,59084,1312,26.29,0.56,0.44,0.55,0.44,0.55,0.44,463,110.14,11.82,7.69,25.13,3.68,58.73,40.94,11.19,11.88,11.25,8,7,123,25,25,173,28,13,17,7,28,4,32,54,110,135,16,35,6,60,21,31,93,42,13,2.62,5.08,4.12,2,5,6,173.49,148,148.37,13,1.7,4.97,4.19,9.33,9.36,9.12,1312,214,127,195,776,191,192,192,737,6,14,185655,35,25,11,9,539.9,47.57,45.41,47.58,45.4,565,180,199,944,40,42,19,568,136,41,16.18,16.78,14.6,11,12,17,941.4,745,742.41,8.19,11.73,13.35,42.4,42.28,41.33,434.65,38.12,37.09,38.04,37.01,438,162,179,779,46,27,10,431,134,35,12.71,15.31,10.1,19,17,10,780.77,600,600.98,5.8,6.25,6.83,37.08,37.1,36.67,122.84,158.19,2387,2996
Kasperi Kapanen,5134,137,1.92,0.4,0.53,0.45,0.54,0.45,0.51,85,10.68,1.02,0.62,2.59,0.35,5.22,4.2,1.01,1.01,1,0,0,11,3,4,18,1,1,0,0,2,1,5,5,10,13,0,0,0,6,2,4,9,5,0,0.43,0.59,0,0,1,0,17.68,14,13.82,1,0.13,0,0,1.15,1.14,1.13,137,11,11,23,92,27,19,21,70,0,0,23666,0,4,2,2,34.22,2.62,2.59,2.62,2.59,32,15,17,64,1,1,0,37,9,1,1.37,1.05,0.21,0,1,0,64.45,47,47.24,0.44,0.21,0.21,2.85,2.84,2.81,42.34,3.89,3.86,3.97,3.94,38,20,19,77,4,1,0,44,9,5,1.5,0.88,1.52,2,0,2,77.39,58,58.37,0.65,0.01,0.01,4.53,4.62,4.58,22.52,20.02,411,357
Byron Froese,3798,95,-0.49,0.45,0.52,0.46,0.49,0.52,0.48,54,5.08,0.33,0.26,1.21,0.16,2.83,2.19,0.33,0.35,0.35,0,0,6,1,2,9,0,0,1,0,1,0,0,5,6,7,1,5,26,3,3,2,6,1,0,0.21,0.13,0,0,0,0,9.31,7,7.22,1,0.05,0.32,0,0.39,0.4,0.4,95,13,10,10,62,19,16,8,52,26,30,18048,5,5,1,4,31.18,2.45,2.39,2.45,2.39,27,16,11,54,0,1,0,34,6,3,0.95,0.77,0.74,0,0,0,53.3,43,42.61,0.42,0.32,0.32,2.56,2.56,2.51,28.07,3.01,2.92,3.02,2.94,26,13,25,64,3,3,0,23,13,3,0.71,1.58,0.72,2,1,0,63.74,39,38.66,0.44,0.7,0.7,2.75,2.82,2.77,15.91,14.43,296,311
Taylor Fedun,21649,528,8.6,0.52,0.47,0.57,0.45,0.55,0.45,145,21.76,0.84,1.23,5.62,0.7,12.92,10.69,0.81,0.83,0.8,3,4,24,8,13,45,7,0,2,0,5,0,10,15,24,32,8,16,0,7,5,9,30,2,0,0.52,0.32,0,0,0,0,44.76,32,31.52,7,0.27,0.55,0,1.11,1.09,1.06,528,62,49,72,345,77,63,56,332,0,0,77345,16,0,0,20,185.69,14.84,14.51,14.91,14.58,184,75,102,361,16,8,2,193,58,8,5.03,7.02,2.79,4,8,4,360.09,259,257.83,2.66,2.21,2.19,15.32,15.39,15.16,154.55,13.55,13.19,13.57,13.22,156,57,63,276,10,13,0,156,43,14,4.52,5.19,3.84,4,5,1,276.12,213,213.85,2.17,3.09,3.09,12.63,12.69,12.52,62.45,71.5,1170,1447
Valtteri Filppula,82505,1773,33.07,0.5,0.53,0.49,0.52,0.49,0.52,383,92.82,12.47,6.93,18.72,2.91,50.18,36.77,11.93,12.66,12.12,21,9,97,31,19,147,42,12,7,1,19,4,29,57,85,116,13,26,556,26,30,39,79,36,13,2.84,4.38,5.27,3,3,6,148.33,128,129.21,16,1.57,1.51,1.39,12.66,12.87,12.45,1773,279,309,311,874,277,239,315,942,556,606,205737,26,24,11,39,666.62,67.07,64.98,67.7,65.61,683,251,285,1219,67,41,10,690,184,60,19.39,22.87,24.81,19,19,29,1227.54,934,940.6,10.64,7.35,7.46,70.25,70.86,69.08,687.75,67.21,65.1,67.63,65.49,712,249,307,1268,70,49,13,708,190,63,21.11,23.02,23.08,28,18,24,1269.42,961,963.92,10.68,13.8,13.96,63.93,64.27,63.23,170.04,149.38,3245,2985
Mitchell Marner,77663,1690,57.71,0.58,0.48,0.56,0.48,0.55,0.48,348,187.03,18.66,12.71,39.11,5.87,104.41,75.23,18.01,18.75,18.1,24,18,176,80,69,325,61,19,14,0,31,3,96,93,157,237,18,38,14,41,67,62,174,68,14,6.58,8.05,4.04,9,8,2,327.3,256,258.2,20,2.83,3.47,1.08,20.41,20.55,19.96,1690,399,181,244,866,260,232,289,909,14,23,203323,38,40,19,39,799.81,80.55,76.26,80.77,76.47,776,343,360,1479,85,49,19,805,244,70,23.91,29.17,27.47,23,32,30,1481.63,1119,1122.92,12.69,16.08,17.26,75.99,76.17,74.02,672.11,57.43,55.29,57.43,55.28,655,276,230,1161,57,35,15,710,171,50,20.78,21.03,15.62,22,15,20,1152.96,931,925.23,8.83,9.88,10.23,56.03,56.05,54.95,169.71,184.78,3194,3490
Jacob Trouba,89796,1716,38,0.51,0.52,0.47,0.5,0.48,0.51,122,148.19,9.06,9.32,36.76,4.9,88.21,68.83,8.78,9.04,8.77,10,15,154,64,105,323,33,8,16,3,40,4,53,97,146,210,19,44,0,107,36,62,196,13,9,4.86,1.34,2.85,4,0,4,322.35,218,218.28,56,1.97,3.5,1.31,9.65,9.64,9.48,1716,190,284,265,977,217,198,293,1008,0,0,128092,44,40,17,118,724.28,76.5,73.26,76.56,73.34,740,276,304,1320,72,56,17,730,198,88,22.67,24.58,29.26,18,22,32,1316.38,1016,1014.52,10.83,12.98,13.12,73.7,73.7,71.66,773.26,73.24,70.73,73.86,71.29,827,270,375,1472,81,67,16,855,169,73,25.62,20.98,26.63,24,25,32,1487.73,1097,1106.55,12.64,14.17,14.17,71.06,71.63,69.92,99.14,92.99,1913,1879
Casey Bailey,3358,78,0.84,0.63,0.48,0.49,0.46,0.59,0.47,79,7.52,0.6,0.46,1.85,0.27,4.02,2.81,0.59,0.61,0.61,0,0,10,0,2,12,0,0,0,0,3,0,3,4,10,10,0,0,0,4,1,0,7,2,1,0.15,0.21,0.24,0,0,0,12.48,10,10.42,0,0.09,0,0.24,0.45,0.47,0.46,78,11,4,11,52,9,10,7,52,0,1,21909,0,2,1,4,29.36,1.82,1.79,1.85,1.82,34,6,6,46,0,1,0,32,6,2,0.73,0.64,0.45,0,0,0,46.45,40,40.52,0.35,0.24,0.24,1.92,1.95,1.92,19.33,1.08,1.07,1.04,1.03,17,11,20,48,1,1,0,25,3,0,0.66,0.42,0,1,0,0,46.67,28,27.23,0.23,0.03,0.03,1.28,1.24,1.23,16.27,17.69,348,415
Christopher DiDomenico,1983,47,0.79,0.47,0.52,0.53,0.54,0.54,0.56,27,4.57,0.39,0.42,0.77,0.14,2.48,1.8,0.39,0.4,0.39,0,0,5,1,1,7,0,0,1,0,0,0,3,2,5,6,3,6,2,2,0,0,3,3,0,0.09,0.29,0,0,0,0,6.92,6,5.88,0,0.09,0.12,0,0.48,0.49,0.48,47,5,3,7,32,7,8,6,26,2,1,8857,6,4,2,2,18.38,1.84,1.8,1.87,1.82,15,11,6,32,1,2,1,16,9,1,0.47,0.97,0.41,0,0,1,31.65,26,25.45,0.29,0.53,0.53,1.6,1.61,1.59,16.73,2.12,2.08,2.09,2.06,13,9,6,28,1,1,0,18,2,2,0.57,0.33,1.21,0,0,1,27.87,22,21.89,0.23,0.17,0.17,2.17,2.15,2.11,7.39,6.92,152,128
Jonathan Toews,87066,1772,62.04,0.5,0.49,0.54,0.48,0.52,0.49,175,188.55,22.4,14.91,40.15,5.91,97.27,67.35,21.61,22.52,21.72,21,16,199,49,63,311,58,21,18,5,40,7,70,92,178,227,16,35,852,43,37,37,168,55,25,5.75,6.7,9.96,4,6,11,312.16,248,249.63,18,3.44,5.02,4.27,21.57,21.6,21.19,1772,326,265,342,839,213,209,309,1041,852,700,175221,35,33,15,32,787.56,79.23,76.46,79.47,76.71,827,265,434,1526,84,58,18,830,185,77,24.47,22.87,31.88,23,24,37,1528.89,1092,1095.14,13.13,15.49,16.3,75.98,76.09,74.47,722.94,78.4,74.49,78.47,74.54,766,232,310,1308,71,62,17,717,187,94,19.6,23.19,35.59,20,17,34,1301.59,998,994.48,10.93,19.25,20.62,68.71,68.51,66.86,121.47,124.95,2581,2771
Radek Faksa,77628,1937,38.28,0.44,0.49,0.47,0.51,0.48,0.52,414,146.56,16.53,10.11,32.65,4.94,78.27,60.5,16.12,16.42,16,13,8,132,71,46,249,33,12,17,4,22,8,57,87,120,191,24,57,590,101,43,36,131,53,19,4.2,6.45,5.89,3,4,5,245.67,203,200.78,10,2.16,2.97,4.15,14.54,14.49,14.33,1937,190,395,311,1041,276,266,311,1084,590,632,212479,57,59,25,62,629.26,57.45,55.67,57.21,55.43,604,268,313,1185,51,67,10,635,176,61,17.01,21.88,18.55,12,24,15,1172.91,872,863.25,9.19,12.22,12.22,54.41,54.16,53.38,692.48,72.78,68.48,73.07,68.78,689,267,366,1322,78,77,12,676,204,76,19.77,25.63,27.38,27,27,24,1324.72,956,959.97,11.46,17.25,17.74,66.5,66.81,65.47,176.9,182.62,3559,3391
Vladislav Kamenev,1207,27,-0.29,0.24,0.39,0.47,0.5,0.43,0.49,21,1.37,0.02,0.06,0.41,0.04,0.81,0.66,0.02,0.02,0.02,0,0,1,1,1,3,0,0,0,0,1,0,1,0,1,2,1,2,6,1,0,0,2,0,0,0.02,0,0,0,0,0,2.98,2,2,0,0.01,0,0,0.03,0.03,0.03,27,4,3,3,17,6,6,2,13,6,7,5993,2,2,1,1,6.85,0.19,0.19,0.19,0.19,7,3,5,15,0,0,0,10,0,0,0.19,0,0,0,0,0,14.81,10,9.78,0.08,0,0,0.27,0.27,0.27,9.14,0.6,0.58,0.6,0.58,11,2,4,17,1,0,0,10,3,0,0.26,0.33,0,0,1,0,17.27,13,13.43,0.11,0,0,0.7,0.7,0.68,2.81,4.32,92,91
Jakob Chychrun,67021,1451,12.07,0.42,0.44,0.44,0.46,0.43,0.45,332,95.07,4.7,5.74,24.23,3.04,54.94,43.34,4.54,4.63,4.46,5,8,83,53,58,194,20,7,9,1,19,2,50,49,76,129,17,37,0,109,11,44,123,11,2,2.86,1.31,0.52,4,2,1,190.59,136,133.52,31,1.2,1.92,0.94,4.97,4.88,4.8,1451,133,197,210,911,196,236,226,793,0,0,177180,37,17,7,98,506.99,40.06,38.63,39.95,38.51,490,210,230,930,39,32,7,537,128,35,14.17,15.91,9.99,13,15,11,916.77,700,691.29,6.96,6.26,6.5,40.51,40.33,39.8,644.99,55.49,53.29,56.46,54.2,618,293,273,1184,57,59,9,705,162,44,21.05,19.82,14.62,27,16,14,1207.01,911,928.51,9.66,12.41,12.41,52.74,53.55,52.42,123.7,159.99,2577,3067
Jonathan Ericsson,58815,1338,4.57,0.38,0.49,0.42,0.5,0.41,0.5,184,44.96,1.7,2.64,11.85,1.53,29.61,21.67,1.68,1.71,1.69,4,4,43,26,26,95,9,1,3,0,18,2,17,28,42,68,22,53,0,86,9,27,65,4,0,1.28,0.42,0,1,0,0,94.68,69,68.37,23,0.53,0.49,0.11,2.11,2.12,2.1,1338,98,202,196,842,189,156,193,800,0,0,128457,53,35,13,36,402.89,31.5,30.55,31.46,30.5,384,182,169,735,36,27,8,436,105,25,12.28,12.24,6.98,18,9,9,730.86,566,562.72,5.26,5.5,6.15,30.61,30.55,30.17,575.36,50.66,48.65,50.48,48.47,565,236,207,1008,49,40,12,604,148,49,16.88,18.38,15.4,16,16,17,1008.85,801,801.81,9.05,9.41,10.1,49.62,49.53,48.35,90.12,93.5,1885,1865
Blake Comeau,68371,1563,21.45,0.41,0.46,0.47,0.49,0.45,0.48,522,102.8,10.35,6.4,23.26,3.23,54.49,44.27,9.98,10.28,9.91,6,6,101,41,52,194,20,8,6,2,24,3,32,69,93,134,24,48,114,128,34,16,109,20,13,2.88,2.49,4.98,2,1,5,190.16,142,140.28,9,1.35,1.62,2.24,9.46,9.41,9.11,1563,193,267,208,895,266,233,248,816,114,132,206978,48,62,31,20,470.64,39.64,38.59,39.46,38.39,469,200,264,933,35,32,5,535,96,38,14.31,11.48,13.85,13,11,11,912.22,669,659.12,6.28,7,7.17,38.74,38.55,37.85,591.72,57.13,53.76,58.06,54.65,611,221,241,1073,70,55,9,611,168,53,16.59,21.05,19.49,21,32,17,1098.64,832,849.42,9.35,13.79,13.79,52.69,53.56,52.07,140.41,162.16,3068,3209
Zach Redmond,11818,260,7.7,0.61,0.52,0.57,0.56,0.58,0.55,90,13.04,0.39,0.71,3.24,0.38,7.77,6.52,0.39,0.38,0.38,1,4,12,7,16,35,5,0,0,0,2,0,5,12,12,19,1,2,0,25,5,6,18,1,0,0.3,0.09,0,0,0,0,34.35,19,18.61,6,0.14,0,0,0.53,0.52,0.52,260,24,27,48,161,42,32,36,150,0,0,46186,2,0,0,13,101.56,10,9.32,9.9,9.22,98,39,51,188,12,12,4,95,31,11,2.98,3.94,3.07,4,4,4,187.81,137,135.83,1.57,2.91,2.91,8.65,8.55,8.43,72.93,6.47,6.2,6.69,6.41,70,30,40,140,7,6,0,71,22,7,2.18,2.61,1.68,4,3,0,144.54,100,103.49,1.06,1.46,1.46,6.06,6.3,6.18,32.01,28.98,740,590
Jason Zucker,72455,1600,55.62,0.56,0.54,0.49,0.5,0.5,0.5,502,182.12,17.64,12.4,39.63,5.66,96.02,73.64,17.11,17.94,17.4,16,9,172,73,47,292,47,22,9,1,35,4,63,112,150,223,15,30,1,73,44,23,161,71,13,5.21,8.34,4.08,4,12,6,299.62,245,250.22,8,2.64,1.79,2.36,17.91,18.19,17.91,1600,172,190,290,948,260,195,259,886,1,4,214788,30,66,33,42,612.93,55.12,53.05,56.1,53.96,609,233,243,1085,72,41,10,614,182,46,18.19,21.85,15.08,20,34,18,1101.48,842,853.43,8.71,9.63,9.63,54.21,54.95,53.99,585.56,44.08,42.67,43.58,42.19,570,265,292,1127,39,34,6,681,117,37,17.75,13.32,13.01,17,13,9,1110.02,835,824.59,8.03,7.19,7.3,44.81,44.36,43.61,172.81,145.49,3315,3308
Travis Hamonic,60139,1113,7.7,0.4,0.5,0.4,0.5,0.4,0.5,136,73.36,2.45,4.1,18.46,2.36,44.44,37.19,2.4,2.45,2.4,6,5,74,35,48,157,14,3,4,0,17,2,36,47,71,106,14,40,0,58,14,39,105,2,2,1.53,0.29,0.63,2,1,0,156.61,109,108.93,34,0.84,1.18,0.43,2.86,2.86,2.83,1113,98,170,177,668,122,137,167,687,0,0,118905,40,32,10,108,402.75,36.18,35.22,36.21,35.25,423,144,202,769,34,26,6,429,103,35,12.29,12.4,11.49,15,7,12,770.75,567,568.73,5.67,7.32,7.77,34.08,34.1,33.69,603.72,53.86,51.92,54.1,52.15,613,245,313,1171,63,40,11,661,148,49,19.03,17.41,17.42,24,17,22,1170.3,858,859.47,9.32,10.66,11.1,52.08,52.23,50.88,92.41,94.15,1936,1950
Marc Methot,80865,1878,11.73,0.48,0.52,0.44,0.51,0.45,0.51,260,56.3,2.62,3.29,13.57,1.87,32.36,26.3,2.45,2.59,2.42,5,7,69,11,33,113,12,0,1,0,15,4,27,33,69,80,12,24,0,164,11,38,74,5,1,1.79,0.6,0.24,0,0,0,111.7,80,79.4,32,0.67,0.3,0.43,2.87,2.84,2.75,1878,179,262,320,1117,261,273,246,1098,0,0,167432,24,18,9,77,606.37,57.01,55.35,57.09,55.45,639,203,278,1120,55,49,10,634,150,58,18.28,18.81,19.92,17,22,16,1118,842,844.5,8.12,10.34,10.24,54.89,55.07,54.17,724.25,61.21,59.32,61.47,59.57,719,302,404,1425,57,52,11,787,179,55,21.99,20.72,18.5,23,16,18,1432.77,1021,1026.49,10.81,11.34,11.34,60.69,60.91,59.62,125.79,115.63,2705,2638
Luke Schenn,82566,1876,2.1,0.37,0.45,0.4,0.47,0.4,0.46,328,92.06,2.67,4.54,24.94,3.07,54.75,44.02,2.59,2.67,2.59,2,5,94,40,78,212,8,1,8,1,30,4,33,58,93,133,25,63,0,283,10,29,131,2,1,2.07,0.28,0.32,0,0,1,209.86,134,133.14,27,0.9,1.54,0.61,2.95,2.94,2.9,1876,122,325,326,1103,216,283,238,1139,0,0,194227,63,40,14,130,577.35,46.32,44.82,46.49,45.03,564,241,281,1086,39,46,8,623,142,40,16.12,17.62,12.58,10,19,10,1080.38,805,803.02,7.5,9.18,9.62,44.19,44.44,43.97,880.29,80.43,75.99,80.75,76.29,828,400,399,1627,69,78,13,926,225,77,26.81,27.18,26.44,23,23,23,1636.42,1228,1238.38,14.02,18.17,18.52,75.93,76.22,73.58,138.96,171.56,2852,3220
Patrik Nemeth,37869,839,6.55,0.45,0.49,0.47,0.51,0.48,0.51,210,42.21,2.29,2.5,11.3,1.53,24.65,18.72,2.21,2.28,2.19,2,1,46,15,30,91,3,0,6,0,13,2,17,23,46,61,7,14,0,45,10,18,54,6,1,1.21,0.83,0.26,0,0,0,90.04,61,60.54,16,0.51,1.55,0.5,2.31,2.29,2.23,839,75,100,119,545,110,128,113,488,0,0,108033,14,8,4,47,306.92,25.22,24.52,24.93,24.24,311,114,142,567,19,30,5,324,75,26,9.17,9.25,6.79,7,8,4,562.67,425,422.15,4.16,5.72,5.97,23.42,23.23,22.9,335.25,31.12,29.92,31.4,30.2,337,131,174,642,31,34,8,350,84,34,9.98,10.01,11.13,11,9,11,648.75,468,472.27,4.98,7.68,7.96,28.14,28.38,27.63,89.36,92.81,1797,1755
Ty Rattie,5799,139,2.1,0.38,0.61,0.48,0.55,0.47,0.56,91,9.54,0.7,0.5,2.54,0.33,4.83,4.1,0.7,0.72,0.72,2,0,10,3,2,15,2,0,0,0,4,0,5,4,10,13,0,0,0,10,4,0,11,0,2,0.23,0,0.47,0,0,0,14.84,13,13.01,0,0.1,0,0,0.8,0.82,0.82,139,31,5,25,78,29,17,18,75,0,0,27299,0,6,3,4,44.33,3.28,3.16,3.34,3.21,48,13,21,82,2,1,0,51,5,5,1.49,0.6,1.18,1,0,1,81.02,61,60.71,0.59,0.28,0.28,3.59,3.63,3.55,49.6,5.43,5.14,5.47,5.16,48,20,22,90,4,6,2,49,13,6,1.6,1.73,2.1,2,0,2,91.48,68,68.54,0.71,1.37,1.37,4.77,4.79,4.72,24.74,15.5,437,358
Peter Holland,35866,777,5.98,0.46,0.45,0.47,0.45,0.48,0.45,405,75.64,7.48,5.66,16.29,2.46,41.69,29.42,7.3,7.49,7.3,3,4,74,29,19,122,11,4,8,1,22,5,29,35,70,99,10,20,221,37,19,16,70,28,5,2.72,3.28,1.49,1,1,2,122.1,103,102.78,6,1.23,1.79,1.35,7.36,7.36,7.29,777,124,76,131,446,133,140,109,395,221,268,135741,20,12,6,9,303.03,25.69,24.73,25.83,24.86,291,128,126,545,18,25,4,316,83,20,8.92,10.18,6.6,4,10,4,541.38,419,416.68,4.47,5.29,5.49,24.68,24.7,24.37,328.48,29.77,28.86,29.89,29,335,126,143,604,35,20,7,344,89,28,10.17,11.19,8.41,10,14,11,610.2,461,465.53,4.67,4.74,4.74,29.7,29.87,29.36,106.89,128.7,2002,2427
Dan Hamhuis,91766,2035,24.82,0.46,0.49,0.51,0.5,0.5,0.51,288,80.34,3.34,4.97,20.8,2.76,48.91,36.22,3.27,3.31,3.23,7,8,83,34,84,201,16,1,5,0,21,3,42,45,82,116,10,23,0,93,19,37,109,6,2,2.24,0.69,0.41,0,1,0,199.01,117,115.3,24,1.07,0.51,0.24,4.17,4.12,4.03,2035,194,302,275,1264,251,278,295,1211,0,0,194837,23,17,7,100,801.89,69.54,66.31,69.58,66.31,762,354,421,1537,57,62,12,833,219,64,23.24,26.84,19.46,18,18,21,1528.58,1116,1110.08,12.17,12.22,12.69,69.02,68.85,67.17,798.77,80.41,76.59,80.88,77.08,787,315,388,1490,83,84,13,790,230,82,23.13,28.59,28.69,22,34,27,1501.42,1102,1111.21,12.49,18.39,18.57,74.34,74.88,73.66,164.66,173.94,3187,3175
Calvin de Haan,97653,1866,31.45,0.47,0.5,0.45,0.49,0.46,0.49,288,116.53,4.85,6.58,30.87,4.07,70.85,56.76,4.81,4.86,4.81,11,9,116,58,78,252,25,5,6,1,27,2,60,74,111,169,16,36,0,139,24,53,168,4,2,3.2,0.51,1.14,3,1,1,251.06,174,173.45,43,1.34,1.66,0.92,5.28,5.28,5.22,1866,136,241,287,1202,217,226,250,1173,0,0,201064,36,25,11,190,713.55,61.89,60.78,62.42,61.3,755,255,376,1386,75,40,15,793,160,57,23.08,19.58,19.23,31,22,22,1392.66,1010,1019.5,9.79,9.62,10.52,61.16,61.75,61.02,832.11,70.23,68.08,70.12,67.97,810,368,508,1686,74,34,9,917,217,44,27.42,26.8,16.01,25,26,23,1683.03,1178,1174.31,12.56,8.5,9.41,73.39,73.3,71.64,167.15,165.57,3190,3366
Andrej Nestrasil,12430,290,5.58,0.54,0.5,0.54,0.53,0.55,0.52,200,25.09,2.59,1.87,5.52,0.75,13.27,8.99,2.48,2.56,2.46,3,1,27,6,6,39,5,1,1,1,7,0,12,12,26,32,1,2,3,10,11,8,25,5,3,0.96,0.68,0.95,0,0,1,39.09,33,33.08,5,0.41,0.28,1.24,1.76,1.79,1.72,290,40,31,50,169,50,31,46,163,3,7,57384,2,0,0,6,103.81,8.61,8.27,8.63,8.3,107,38,48,193,6,10,2,111,27,7,3.35,3.24,2.02,2,2,2,194.25,145,145.68,1.51,2.2,2.47,7.65,7.77,7.59,83.13,7.38,7.2,7.16,6.99,82,38,47,167,9,6,2,86,30,4,2.4,3.63,1.35,4,3,2,164.53,120,118.04,1.18,1.58,1.58,6.97,6.78,6.63,41.92,41.78,876,782
Mark Stone,79072,1610,61.1,0.63,0.45,0.6,0.44,0.61,0.44,222,135.21,19.06,9.89,29.24,4.57,73.92,51.33,18.31,19.15,18.4,17,15,134,54,41,229,54,22,7,8,23,5,67,64,112,166,11,25,10,43,96,47,127,40,21,4.24,5.16,9.66,4,7,11,230.04,188,189.13,21,2.28,2.67,5.92,15.41,15.52,15.16,1610,330,190,262,828,256,219,285,850,10,15,180119,25,47,22,53,801.95,77.66,73.97,77.66,73.98,811,320,392,1523,87,67,16,869,189,73,23.92,22.5,31.25,24,30,33,1521.27,1131,1130.2,12.55,15.9,16.73,73.49,73.53,71.84,519.52,45.54,44.53,45.8,44.79,511,219,273,1003,46,28,5,537,157,36,15.93,19.46,10.15,18,17,11,1006.41,730,733.22,7.23,4.91,5.14,47.63,47.72,47.02,113.1,135.86,2463,3196
Brandon Manning,70419,1657,18.74,0.45,0.55,0.49,0.53,0.48,0.55,299,80.58,3.78,4.71,20.85,2.6,47.45,36.6,3.68,3.8,3.7,4,5,84,32,76,192,12,3,4,0,21,1,36,51,81,113,27,83,0,121,9,38,105,9,2,2.11,1.02,0.66,1,1,1,191.42,116,115.85,33,0.96,0.44,0.17,4.56,4.58,4.46,1657,155,211,238,1053,225,200,213,1019,0,1,167806,83,77,25,79,535.43,45.24,44.09,45.26,44.11,534,216,304,1054,36,36,3,563,146,41,15,17.67,12.57,9,15,12,1050.14,750,748.39,6.96,5.97,6.12,46.08,46.15,45.5,585.65,55.95,53.95,56.47,54.46,587,217,290,1094,56,47,9,576,167,61,16.28,20.56,19.1,14,23,19,1101.66,804,808.7,8.45,11.54,12.17,52.22,52.72,51.81,147.56,121.48,2861,2520
Henrik Zetterberg,96964,1974,68.81,0.59,0.42,0.57,0.45,0.57,0.44,139,183.36,13.51,13.18,40.64,6.12,109.69,73.88,13.09,13.51,13.1,35,16,195,62,78,335,68,17,10,3,50,5,69,106,178,240,11,22,705,58,38,37,208,44,5,6.89,5.14,1.48,7,7,3,332.5,257,255.65,11,2.96,3.5,1.75,14.72,14.7,14.32,1974,363,179,330,1102,308,234,343,1089,705,657,204150,22,34,17,30,867.78,85.15,81.89,85.08,81.84,873,333,371,1577,93,64,21,884,246,76,26.78,29.83,28.55,28,30,35,1567.59,1206,1200.37,14.48,17.13,17.28,82.36,82.36,80.76,646.78,58.18,56.65,58.62,57.07,660,240,277,1177,56,31,10,672,176,52,18.24,21.58,18.36,21,18,17,1190.71,900,909.77,8.64,6.03,6.13,60.71,61.07,60.02,120.59,169.56,2709,3371
Barclay Goodrow,2035,54,0.27,0.17,0.51,0.36,0.48,0.32,0.5,34,2.92,0.19,0.18,0.75,0.1,1.6,1.17,0.19,0.2,0.2,0,1,3,1,2,6,1,0,0,0,2,0,1,1,3,4,0,0,0,3,1,1,3,1,0,0.11,0.08,0,0,0,0,6.37,4,4.24,1,0.04,0,0,0.23,0.24,0.24,54,6,6,6,36,7,9,4,34,0,0,8765,0,2,1,1,7.36,0.33,0.33,0.35,0.35,8,3,8,19,0,0,0,10,1,0,0.25,0.08,0,0,0,0,19.91,11,11.62,0.09,0,0,0.42,0.44,0.44,16.5,1.65,1.4,1.56,1.32,17,6,11,34,0,2,0,16,5,2,0.51,0.59,0.55,0,0,0,32.3,23,21.85,0.24,0.47,0.47,1.42,1.33,1.24,6.64,6.38,136,148
Alex Tuch,3853,86,0.6,0.59,0.55,0.51,0.49,0.52,0.5,59,7.6,0.93,0.56,1.61,0.25,3.77,2.89,0.9,0.95,0.92,0,0,8,2,5,15,0,0,1,0,2,1,2,4,8,10,0,0,0,5,2,0,5,4,1,0.21,0.42,0.3,0,0,0,15.62,10,10.19,0,0.12,0.13,0.43,0.62,0.62,0.6,86,9,10,21,46,12,12,11,51,0,0,17936,0,0,0,7,36.11,3.32,3.22,3.38,3.28,35,14,17,66,1,3,0,33,12,4,0.91,1.44,0.96,0,1,0,68.8,49,50.55,0.5,0.67,0.67,3.15,3.21,3.16,31.73,2.3,2.14,2.31,2.14,36,9,19,64,4,3,2,36,7,2,1.1,0.73,0.47,0,3,1,63.03,45,44.42,0.42,0.44,0.44,2.28,2.3,2.24,15.03,12.26,288,304
Evgeny Svechnikov,1577,43,0.6,0.71,0.43,0.57,0.43,0.6,0.41,17,3.78,0.42,0.29,0.74,0.1,2.05,1.41,0.42,0.41,0.41,0,0,4,1,1,6,0,0,0,0,0,0,3,2,4,5,0,0,0,2,0,1,3,1,1,0.07,0.1,0.24,0,0,0,5.69,5,4.8,0,0.06,0,0,0.48,0.46,0.46,43,6,2,10,25,10,10,6,17,0,0,5923,0,0,0,1,12.9,0.93,0.92,0.91,0.9,12,6,8,26,0,0,0,15,2,1,0.39,0.3,0.24,0,0,0,25.27,18,17.55,0.15,0,0,1.08,1.06,1.05,8.74,0.38,0.37,0.38,0.38,8,4,8,20,0,1,0,11,1,0,0.27,0.11,0,0,0,0,20.26,12,12.05,0.09,0.03,0.03,0.44,0.45,0.44,2.9,3.83,83,109
Tyler Johnson,74534,1573,40.94,0.53,0.5,0.52,0.51,0.51,0.5,225,142.92,15.67,10.46,29.97,4.56,77.88,56.46,15.03,15.64,15.01,12,14,130,65,55,250,45,19,8,3,22,3,56,87,111,176,14,28,583,46,26,32,121,60,14,3.97,7.01,4.69,6,7,6,249.5,195,194.8,13,2.39,1.34,2.64,15.42,15.41,15.23,1573,320,266,264,723,225,240,258,850,583,539,166084,28,28,14,30,643.56,66.27,63.04,66.05,62.8,645,252,283,1180,73,48,10,621,217,59,18.75,26.13,21.4,24,26,23,1173.94,897,894.16,11.32,10.86,10.91,66.69,66.48,64.5,614.05,58.95,57.12,59.12,57.29,637,217,234,1088,57,37,8,616,189,49,18.37,22.89,17.69,21,15,21,1095.15,854,859.41,9.93,8.34,8.34,60.53,60.75,59.46,127.5,125.56,2516,2445
Daniel Sedin,90456,1924,43.45,0.51,0.42,0.56,0.45,0.54,0.44,320,204.89,19.77,14.69,43.44,6.46,118.22,82.41,18.87,19.65,18.76,22,7,216,69,60,345,44,15,6,3,64,7,94,99,201,270,16,32,3,20,26,30,213,57,15,6.68,6.71,6.39,4,4,7,341.45,285,281.63,12,3.38,2.1,1.43,21.72,21.57,20.77,1924,430,165,363,966,263,237,296,1128,3,3,208317,32,18,8,18,768.53,70.4,66.76,70.12,66.51,785,298,404,1487,65,36,11,817,201,65,22.61,23.82,23.97,14,31,20,1471.51,1083,1072.57,12.99,9.88,10.26,73.13,72.86,70.86,659.23,67.99,66.25,68.87,67.12,696,216,247,1159,65,38,15,649,200,63,19.95,24.36,23.68,19,24,22,1179.34,912,927.13,9.32,8.89,9.98,67.33,68.33,67.32,128.02,175.7,2753,3403
Adam McQuaid,84227,1936,26.3,0.49,0.6,0.49,0.57,0.49,0.58,319,62.89,2.08,3.42,18.07,2.1,36.86,31.48,2,2.13,2.05,4,4,64,30,42,136,10,2,5,0,12,2,35,38,62,92,22,61,0,157,10,24,92,1,1,1.68,0.2,0.21,2,0,0,138.81,94,96.15,20,0.71,0.7,0.25,2.53,2.6,2.52,1936,205,280,344,1107,192,226,259,1259,0,0,195620,61,49,17,144,668.43,57.82,55.83,58.12,56.12,677,264,335,1276,51,40,8,710,183,48,20.09,21.76,15.97,22,12,17,1294.01,941,950.31,8.94,7.89,8.21,58.54,58.72,57.67,695.46,59.49,57.02,59.56,57.1,673,290,370,1333,65,46,14,723,184,56,19.68,22.15,17.66,22,21,22,1323.39,963,958.94,11.06,10.76,11.09,59.46,59.42,57.91,181.05,122.45,3448,2578
Justin Abdelkader,63969,1397,16.53,0.5,0.46,0.5,0.47,0.5,0.47,327,100.6,12.2,7.9,21.43,3.31,55.72,39.43,11.84,12.19,11.82,9,5,104,36,20,160,21,7,7,3,24,2,55,45,97,133,22,50,5,144,15,18,97,30,13,3.22,3.96,5.02,3,0,4,159.46,140,138.96,6,1.86,3.18,3.44,10.63,10.61,10.47,1397,237,164,221,775,234,178,228,757,5,12,171232,50,72,33,27,508.36,47.68,45.41,47.6,45.33,507,203,225,935,37,32,11,543,121,46,16.27,14.78,16.63,11,11,15,929.95,710,705.34,8.71,8.81,9.63,46.76,46.63,45.48,502.91,47.26,46.02,47.63,46.39,516,183,235,934,47,28,8,518,134,47,15.03,16.43,15.8,19,17,11,943.85,699,705.99,7.4,5.36,5.7,48.96,49.37,48.55,111.16,131.75,2355,2617
Dmitry Kulikov,61766,1315,-1.85,0.39,0.51,0.44,0.49,0.43,0.49,110,46.22,1.88,2.75,12.88,1.57,28.73,21.18,1.7,1.86,1.68,1,2,42,27,45,114,5,2,3,0,17,3,19,25,40,67,12,26,0,60,18,32,66,2,1,1.34,0.18,0.36,2,0,0,111.69,69,67.95,23,0.6,0.51,0.02,2.46,2.43,2.24,1315,154,164,196,801,182,208,190,735,0,0,109743,26,10,5,72,462.11,34.78,33.08,34.68,32.99,473,164,209,846,20,24,4,493,120,24,13.49,14.52,6.77,8,9,3,839.53,637,632.76,6.51,5.15,5.15,36.14,36.09,35.31,598.15,54.24,52.43,54.42,52.62,619,225,239,1083,55,42,11,651,151,42,18.8,18.48,16.96,17,17,21,1084.74,844,846.54,8.78,8.13,8.31,54.71,54.98,53.65,87.51,83.66,1665,1710
Milan Lucic,83345,1747,51.78,0.58,0.49,0.58,0.47,0.58,0.49,377,178.54,24.01,13.4,36.44,5.76,96.72,66.68,23.14,24.15,23.27,19,7,173,70,60,303,49,23,14,5,30,8,83,85,150,220,16,50,3,197,26,48,145,72,26,4.41,8.36,11.23,4,6,13,305.46,243,244.9,16,3.15,2.73,4.94,22.21,22.3,21.77,1747,361,156,323,907,270,219,278,980,3,3,212220,50,42,12,20,813.88,88.28,84.83,88.71,85.25,821,318,407,1546,85,60,21,813,240,86,22.89,28.54,36.85,17,25,43,1554.11,1139,1144.61,13.68,17.59,17.73,84.23,84.51,82.25,597.84,63.49,60.69,63.64,60.82,586,243,286,1115,50,46,8,576,195,58,18.67,23.71,21.12,9,25,16,1110,829,829.64,8.46,10.67,10.67,61.29,61.44,60.2,160.17,168.75,3093,3451
Oscar Lindberg,42235,1068,17.93,0.48,0.51,0.47,0.49,0.46,0.5,684,84.26,6.29,5.36,19.44,2.6,46.71,34.61,6.16,6.38,6.26,6,6,86,29,35,150,20,8,3,1,21,4,43,36,78,107,16,32,299,94,10,12,88,20,7,2.32,2.24,1.73,3,3,2,152.43,115,117.36,4,1.11,0.65,0.73,6.66,6.79,6.73,1068,107,108,171,682,189,164,123,592,299,276,194719,32,16,8,36,312.15,24.16,23.46,24.45,23.76,302,133,158,593,28,15,4,341,75,19,9.41,8.93,5.82,9,11,8,594.76,435,437.74,4.11,2.97,3.13,25.14,25.36,24.86,364.52,26.52,25.69,26.34,25.52,350,156,158,664,26,19,2,391,99,16,11.14,11.51,3.87,12,9,5,660.87,506,504.26,5.01,3.23,3.44,28.09,27.95,27.41,155.17,151.52,2988,3092
Nikita Tryamkin,66291,1517,7.43,0.41,0.46,0.45,0.5,0.44,0.48,338,71.2,3.06,4.26,19.33,2.3,43.3,33.76,2.97,3.05,2.97,3,4,65,41,56,162,9,2,4,0,27,2,33,38,63,104,29,64,0,145,12,33,100,4,2,1.97,0.55,0.53,2,0,0,160.5,106,105.65,30,0.86,1.02,0.27,3.63,3.66,3.6,1517,140,157,198,1022,166,255,187,909,0,0,173926,64,20,7,87,474.67,38.6,37.67,38.5,37.57,468,190,216,874,31,23,4,508,118,32,14,15,9.59,8,16,7,867.23,658,653.15,6.4,5.16,6.23,38.76,38.74,38.32,595.57,55.46,53.56,55.89,54,601,228,253,1082,51,38,9,608,168,53,17.36,20.08,18.02,14,19,18,1093.3,829,837.59,9.16,10.3,10.9,53.71,54.21,53.05,121.41,142.25,2562,2585
Luke Witkowski,20136,479,3.55,0.56,0.49,0.5,0.5,0.48,0.5,354,21.8,1.98,1.47,5.65,0.69,12.42,8.78,1.88,1.96,1.84,0,4,24,7,11,42,4,0,4,0,4,0,8,15,24,31,15,39,0,81,3,8,22,6,3,0.5,0.62,0.86,0,0,0,40.65,31,30.46,6,0.3,1.13,0.66,1.63,1.58,1.57,479,45,49,83,302,78,95,61,245,0,0,104010,39,21,6,21,169.59,16.51,15.52,16.34,15.34,173,62,78,313,10,18,4,161,55,19,4.72,6.28,5.51,3,3,4,308.29,235,232.31,2.47,4.54,4.67,14.3,14.11,13.8,178.14,13.09,12.88,13.35,13.14,179,71,68,318,11,9,2,194,49,7,5.41,5.57,2.11,3,5,3,322.49,250,254.35,2.4,1.62,1.56,13.92,14.18,14.03,82.19,84.11,1609,1607
Pavel Buchnevich,32616,773,18.82,0.6,0.48,0.55,0.47,0.56,0.48,344,59.91,6.6,4.3,13.79,1.98,33.06,22.27,6.26,6.7,6.35,6,6,55,27,28,110,20,8,5,3,18,0,20,31,47,74,5,13,1,17,11,22,63,11,8,1.97,1.29,3.34,2,1,5,110.61,82,82.26,5,0.94,1.24,2.09,5.46,5.48,5.38,773,142,74,116,441,131,103,124,415,1,6,116417,13,15,5,8,310.22,28.46,27.01,28.61,27.16,292,138,118,548,35,26,10,332,69,29,9.89,8.23,10.34,11,10,14,549.83,430,430.92,4.85,7.49,7.49,25.82,25.92,25.28,246.61,18.62,18.04,18.78,18.18,258,85,102,445,21,16,4,268,65,10,7.8,7.84,2.99,10,5,6,444.24,343,342.73,3.09,3.25,3.25,18.46,18.56,18.25,83.83,90.89,1687,1891
Michael Kapla,5232,109,1.15,0.44,0.47,0.53,0.56,0.51,0.53,25,3.51,0.11,0.17,0.86,0.1,2.11,1.65,0.11,0.1,0.1,0,0,4,1,5,10,0,0,0,0,2,0,2,1,4,5,0,0,0,5,2,3,5,0,0,0.11,0,0,0,0,0,9.26,5,4.64,2,0.03,0,0,0.14,0.13,0.13,109,18,6,14,71,7,20,10,72,0,0,12768,0,0,0,5,40.54,3.77,3.67,3.61,3.51,45,11,24,80,2,5,0,40,14,2,1.42,1.84,0.51,1,1,0,74.21,56,52.93,0.59,0.99,0.99,3.37,3.21,3.15,41.43,4.72,4.57,4.89,4.74,48,6,16,70,4,4,1,34,15,5,1.2,1.92,1.6,1,1,2,74.9,54,56.77,0.61,0.84,1.29,4.05,4.24,4.19,11.25,12.89,221,177
Antoine Roussel,55866,1427,34.28,0.47,0.47,0.5,0.5,0.5,0.5,351,91.2,10.35,6.89,19.03,2.81,46.51,35.42,10.14,10.29,10.08,11,4,82,39,41,162,27,12,7,1,21,4,42,35,70,109,32,91,7,69,16,37,74,35,12,2.36,4.56,3.43,3,5,4,160.96,121,119.91,3,1.53,1.07,1.03,10.85,10.78,10.58,1427,169,270,245,743,186,177,232,832,7,9,161629,91,91,32,45,479.82,43.32,41.97,43.12,41.79,453,210,245,908,45,51,10,497,118,48,13.44,14.54,15.34,11,18,16,903.08,663,659.22,7.26,9.39,9.6,40.99,40.78,39.95,473.1,49.16,45.89,49.43,46.15,463,188,253,904,52,52,9,474,123,54,14.11,15.24,19.82,22,14,16,907.79,651,653.2,7.95,12.57,12.57,44.54,44.75,43.16,130.18,148.38,2664,2686
Jakub Kindl,33630,732,0.93,0.46,0.47,0.48,0.51,0.48,0.5,225,38.13,1.06,2.23,10.42,1.28,24.97,18.04,1.04,1.05,1.03,2,1,41,17,19,77,3,0,3,0,10,3,22,20,41,58,14,28,0,47,9,13,58,0,0,1.06,0,0,0,0,0,76.4,58,57.75,13,0.45,0.82,0,1.51,1.5,1.46,732,55,60,81,536,77,107,79,469,0,0,105555,28,2,1,36,259.04,19.67,19.16,19.67,19.17,280,88,102,470,17,15,6,292,59,17,7.97,7.08,4.62,4,7,6,470.51,368,367.88,3.52,3.46,3.96,19.23,19.25,18.98,280.62,23.55,22.72,23.84,22.98,301,94,120,515,27,24,3,300,71,24,9.01,8.13,6.41,11,9,7,522.97,395,400.76,3.72,4.85,5.07,22.2,22.41,22.17,80.17,90.53,1670,1574
Valentin Zykov,750,16,1.68,0.81,0.38,0.63,0.49,0.61,0.48,20,3.28,0.92,0.29,0.7,0.12,1.14,0.83,0.83,0.89,0.81,0,0,3,1,0,4,1,1,1,1,0,0,1,1,2,3,0,0,0,0,0,1,0,1,3,0,0.14,0.78,0,0,1,3.88,4,3.91,0,0.06,0.14,0.92,0.06,0.06,0.05,16,3,2,5,6,3,3,1,9,0,0,6583,0,2,1,0,10.42,1.44,1.35,1.39,1.3,13,1,3,17,1,4,1,7,4,3,0.24,0.42,0.78,0,0,1,16.33,14,13.59,0.15,0.92,0.92,0.67,0.65,0.63,6.71,0.34,0.33,0.35,0.34,8,1,1,10,0,0,0,7,2,0,0.16,0.18,0,0,0,0,10.07,9,9.05,0.07,0,0,0.41,0.42,0.41,4.49,7.31,107,111
Jimmy Hayes,32121,770,9.98,0.52,0.57,0.53,0.54,0.52,0.55,661,72.83,6.41,5.2,15.99,2.27,39.2,28.92,6.17,6.4,6.16,2,1,74,24,36,134,5,2,8,0,14,3,27,44,72,96,10,29,14,74,14,12,66,27,5,2.13,3.04,1.24,0,2,0,136.43,98,98.92,4,1.1,2.25,0.37,7.15,7.17,6.94,770,125,45,114,486,124,141,109,396,14,41,178726,29,25,8,10,272.62,20.53,19.58,20.71,19.75,283,95,146,524,17,19,3,301,55,22,7.95,6.24,6.34,8,6,3,532.56,378,382.84,3.7,4.76,4.76,19.46,19.63,19.21,255.6,19.07,18.55,18.94,18.42,257,98,110,465,20,17,4,280,59,16,7.08,7.26,4.73,8,7,5,457.87,355,350.83,3.36,3.61,3.96,18.49,18.31,18.07,157.41,119.71,2967,2538
Mark Stuart,31385,749,3.55,0.37,0.53,0.37,0.51,0.38,0.51,213,22.42,0.79,1.25,5.64,0.72,13.37,11.24,0.79,0.78,0.78,1,1,24,9,19,52,4,2,2,0,9,0,10,10,22,31,11,27,0,68,3,23,31,2,0,0.59,0.2,0,1,1,0,52.22,33,33.01,20,0.25,0.68,0,1.04,1.03,1.03,749,66,121,111,451,86,127,101,435,0,0,120983,27,17,6,79,207.32,17.34,16.89,17.6,17.14,224,63,101,388,17,10,4,220,55,12,6.84,6.96,3.54,7,8,2,390.16,287,289.09,2.73,2.27,2.37,17.69,17.92,17.67,330.12,29.05,28.11,28.91,27.98,343,117,190,650,28,19,4,346,93,21,10.69,11.05,7.3,11,9,8,648.56,460,458.14,5.46,2.92,2.92,31.59,31.42,30.53,107.3,96.48,1881,1844
Jared Boll,17793,495,-1.29,0.37,0.53,0.4,0.51,0.41,0.51,606,13.97,0.91,0.79,3.77,0.6,7.28,5.65,0.89,0.91,0.89,3,0,13,6,7,26,3,0,1,0,2,1,8,7,13,19,21,87,0,68,2,5,16,2,1,0.45,0.2,0.26,0,0,0,26.43,19,19.17,1,0.17,0.13,0.26,0.82,0.81,0.8,495,82,36,80,297,64,87,57,287,0,1,168500,87,89,22,14,106.9,6.91,6.76,6.96,6.81,96,52,37,185,6,7,2,122,21,5,3.03,2.51,1.36,2,2,2,186.61,148,149.08,1.32,1.3,1.3,6.93,6.99,6.9,153.55,11.72,11.36,11.85,11.47,163,53,65,281,9,8,1,169,35,12,4.61,4.14,2.97,3,6,0,282.64,216,217.55,2.04,1.19,1.19,12.57,12.68,12.46,132.87,118.64,2666,2553
Taylor Chorney,15405,346,4.48,0.44,0.5,0.45,0.49,0.46,0.5,102,18.32,0.75,1.18,4.87,0.6,12.03,8.57,0.73,0.76,0.74,1,3,19,9,6,34,5,1,3,0,5,0,11,8,18,27,4,11,0,27,3,7,26,2,0,0.53,0.22,0,1,0,0,35.59,28,28.88,6,0.23,0.47,0.14,0.85,0.86,0.84,346,32,22,52,240,42,71,39,194,0,0,49805,11,5,1,29,120.54,9.79,9.61,10.03,9.83,117,51,47,215,13,8,1,128,32,8,3.84,3.71,2.24,8,4,1,222.6,168,173.48,1.66,1.51,1.51,9.93,10.21,10.09,145.47,12.37,12.15,12.27,12.05,146,51,70,267,7,10,1,151,34,12,4.33,4.17,3.87,0,4,3,260.6,197,192.43,1.99,2.35,2.35,12.01,11.89,11.75,37.92,37.87,739,754
Michael Zalewski,483,13,-0.4,0.07,0.37,0.29,0.43,0.36,0.46,12,0.3,0,0.01,0.01,0.01,0.01,0.96,0,0,0,0,0,0,1,0,1,0,0,0,0,0,0,1,0,0,1,0,0,0,0,0,0,1,0,0,0,0,0,0,0,0,0.92,1,0.92,0,0,0,0,0,0,0,13,0,3,1,9,2,1,3,7,0,0,3117,0,0,0,1,2.47,0.05,0.05,0.04,0.04,1,3,0,4,0,0,0,4,0,0,0.05,0,0,0,0,0,3.74,4,3.75,0.02,0,0,0.07,0.07,0.07,4.66,0.62,0.61,0.68,0.68,6,1,3,10,1,0,0,4,2,1,0.19,0.2,0.22,0,1,0,11.12,7,7.75,0.07,0,0,0.69,0.76,0.76,2.23,3.72,40,52
Ondrej Palat,86028,1807,57.89,0.55,0.49,0.54,0.49,0.54,0.48,260,155.46,17.79,12.18,32.89,5.2,87.76,60.18,17.08,17.73,17.01,17,18,162,54,61,277,52,17,14,3,30,5,83,67,145,199,18,39,9,141,60,46,133,67,16,4.77,8.32,4.7,3,7,7,276.5,216,216.06,19,2.78,2.62,3.57,17.01,16.93,16.51,1807,379,234,288,906,264,279,305,959,9,25,187460,39,67,32,66,794.83,83.16,79.4,83.11,79.3,799,316,347,1462,91,59,15,781,261,73,24.05,31.4,27.71,24,36,31,1456.85,1115,1110.89,13.34,13.23,13.71,82.8,82.54,80.25,684.39,67.65,65.45,68.26,66.05,701,254,276,1231,63,43,9,696,196,63,21.14,24.04,22.46,16,24,23,1242.97,955,963.96,10.68,10.73,10.73,67.58,68.11,66.77,136.76,142.3,2756,2837
Nick Bjugstad,42615,984,9.98,0.51,0.48,0.52,0.52,0.51,0.52,453,90.3,11.1,6.43,19.39,2.99,47.87,34.22,10.11,11.04,10.06,3,4,91,31,32,154,14,7,8,0,23,4,26,54,84,115,11,22,186,72,21,17,81,26,15,2.64,3.23,5.23,1,5,1,154.39,122,121.81,5,1.45,1.91,2.68,9.86,9.81,9.13,984,184,71,152,577,161,145,138,540,186,205,155229,22,26,13,9,384.91,38.04,35.96,37.97,35.9,392,146,147,685,24,34,5,407,96,35,12.19,11.43,14.42,6,7,11,683.16,538,537.1,5.89,7.74,8.53,35.41,35.34,33.8,373.77,36,34.15,36.72,34.81,398,121,123,642,34,52,10,371,110,38,11.26,12.77,11.98,10,14,10,650.76,519,526.01,5.07,11.33,11.33,29.73,30.16,29.71,117.51,124.85,2436,2250
Cam Atkinson,88972,1966,61.51,0.54,0.49,0.51,0.49,0.5,0.5,272,227.54,27.21,16.01,48.63,7.24,117.44,86.48,25.92,27.42,26.15,18,9,240,63,97,400,62,35,21,4,46,14,86,101,205,268,11,22,2,33,36,21,190,89,24,6.16,11.15,9.89,5,19,11,405.38,303,306.31,8,3.62,4.52,4.52,26.31,26.56,25.84,1966,363,350,371,882,232,268,301,1165,2,1,209209,22,18,9,34,807.46,87.05,82.9,87.42,83.28,813,293,415,1521,92,73,17,767,254,85,22.57,31.18,33.3,21,36,35,1534.1,1106,1114.52,13.59,18.36,18.47,82.16,82.51,80.05,802.69,73.42,71.14,73.84,71.51,790,321,358,1469,56,57,7,831,214,66,24.26,25.27,23.88,19,12,25,1463.33,1111,1109.38,11.98,9.88,10.4,75,75.21,73.5,147.74,153.77,3044,3176
Brad Hunt,10441,255,4.05,0.39,0.44,0.47,0.48,0.46,0.46,68,13.61,1.16,0.87,2.95,0.44,8.7,5.88,1.16,1.17,1.17,2,3,14,6,7,27,6,1,0,0,3,0,10,6,13,19,1,2,0,0,4,3,19,0,1,0.47,0,0.7,0,0,1,27.14,20,20.13,3,0.18,0,0,1.35,1.36,1.35,255,40,31,41,143,26,38,39,152,0,0,32959,2,0,0,3,79.79,5.79,5.65,5.86,5.72,77,35,36,148,12,2,1,93,17,2,2.99,1.89,0.91,7,3,2,150.8,112,113.88,1.07,0.31,0.31,6.54,6.65,6.52,98.05,8.94,8.55,8.69,8.33,93,41,30,164,10,7,2,107,17,10,3.3,2.03,3.61,4,2,4,160.69,134,131.34,1.27,2.21,2.35,7.86,7.69,7.53,23.29,29.16,470,508
Justin Falk,42738,1079,8.17,0.44,0.48,0.48,0.46,0.48,0.47,288,39.61,1.43,2.17,10.37,1.33,24.27,18.42,1.4,1.43,1.4,2,6,33,25,28,86,8,0,5,0,7,2,17,27,33,58,13,29,0,101,7,22,55,2,1,0.99,0.18,0.25,0,0,0,85.35,58,57.42,16,0.43,1.41,0.25,1.6,1.59,1.57,1079,105,122,158,694,164,170,106,639,0,0,146121,29,9,3,40,338.95,25.81,25.18,25.79,25.17,345,121,142,608,19,16,2,359,89,18,9.86,11.04,4.91,10,6,3,605.86,466,464.2,4.54,3.91,4.05,26.29,26.25,25.92,365.89,32.89,31.74,32.86,31.72,378,133,155,666,28,30,2,385,95,31,10.63,11.32,10.94,9,13,6,670.1,511,513.33,5.47,6.93,6.93,31.43,31.48,30.81,109.97,121.48,2160,2494
Lauri Korpikoski,51364,1324,18.18,0.41,0.49,0.43,0.52,0.43,0.52,622,104.15,10.05,6.84,24.26,3.43,52.57,41.84,9.63,10.08,9.65,9,3,108,31,39,178,20,8,13,1,22,1,35,60,100,131,5,10,0,37,12,21,99,27,13,2.64,3.53,3.89,3,3,2,176.85,139,138.16,12,1.47,2.02,3,8.53,8.52,8.44,1324,132,159,230,803,184,216,177,747,0,7,198579,10,6,3,36,385.58,30.85,29.88,30.96,29.97,382,151,187,720,32,34,5,411,92,30,10.89,11.44,8.52,13,10,9,716.06,533,530.08,5.3,6.11,6.14,30,29.97,29.56,499.69,44.63,42.9,44.75,43.02,485,209,261,955,39,50,7,524,125,45,14.61,15.25,14.76,12,13,14,956.18,694,694.86,7.49,9.59,10.03,42.08,42.22,41.47,171.02,176.13,3366,3142
Paul Carey,3773,82,0.35,0.4,0.48,0.51,0.54,0.54,0.55,61,6.65,0.59,0.5,1.43,0.19,3.74,3.55,0.59,0.58,0.58,0,0,8,2,6,16,0,0,0,0,0,0,5,5,8,10,0,0,0,5,5,4,8,1,1,0.2,0.14,0.25,0,0,0,16.14,10,10.08,2,0.1,0,0,0.69,0.68,0.68,82,8,14,6,54,15,7,9,51,0,0,18285,0,0,0,1,28.43,1.66,1.65,1.65,1.64,26,16,15,57,0,0,0,37,3,2,0.86,0.34,0.46,0,0,0,57.27,42,42.21,0.36,0,0,2.02,2.01,1.99,27.13,2.49,2.36,2.54,2.41,24,12,18,54,2,2,0,24,10,2,0.69,1.31,0.49,0,1,1,54.22,36,36.11,0.42,0.21,0.21,2.7,2.75,2.62,12.45,13.48,292,245
MacKenzie Weegar,3140,62,0.08,0.57,0.56,0.56,0.44,0.53,0.46,15,3.31,0.18,0.24,0.73,0.1,2.27,1.48,0.17,0.18,0.17,0,0,3,2,0,5,0,0,0,0,0,0,2,3,3,5,2,4,0,4,1,0,5,0,0,0.18,0,0,0,0,0,4.94,5,4.91,0,0.05,0,0,0.23,0.23,0.22,62,3,0,7,52,2,11,6,43,0,0,7660,4,0,0,1,24.47,2.85,2.81,2.82,2.78,25,9,10,44,2,1,0,26,6,2,1.12,0.68,1.04,1,0,1,43.86,34,33.71,0.37,0.03,0.03,3.19,3.15,3.1,20.46,2.14,2.12,2.16,2.14,23,7,4,34,1,2,1,19,9,2,0.53,1.09,0.52,0,0,1,33.65,30,29.85,0.29,0.52,0.52,1.9,1.91,1.91,7.43,5.88,103,130
Marek Hrivik,10003,241,3.92,0.57,0.49,0.55,0.51,0.55,0.51,169,16.65,2.1,1.14,3.89,0.64,8.64,7.59,2.03,2.07,2,1,1,15,9,4,28,2,0,0,0,5,0,9,10,15,24,1,2,32,19,5,2,15,7,2,0.44,0.86,0.81,0,0,0,27.73,24,23.89,2,0.24,0,0.96,1.37,1.35,1.33,241,34,27,41,139,41,35,33,132,32,48,48252,2,4,2,5,95.83,7.59,7.42,7.65,7.46,96,38,40,174,4,5,0,105,22,7,2.56,2.49,2.54,2,1,1,173.21,134,133.86,1.21,1.51,1.66,7.14,7.17,7.09,78.32,5.75,5.62,5.82,5.69,75,34,32,141,7,2,0,83,24,2,2.4,2.92,0.42,2,5,0,142.61,109,110.09,1.03,0.26,0.26,6.52,6.57,6.43,37.99,38.86,750,725
Jordie Benn,77900,1812,21.4,0.41,0.52,0.47,0.53,0.47,0.53,310,78.22,3.4,5.1,20.69,2.63,49.13,35.06,3.32,3.36,3.28,7,6,68,48,64,180,17,4,5,0,20,4,38,45,64,112,14,28,0,64,14,49,112,2,2,2.35,0.24,0.81,3,0,1,178.05,116,113.94,39,1.11,0.89,0.36,4.15,4.1,4,1812,167,289,264,1092,239,220,243,1110,0,0,180038,28,20,10,144,640.76,54.23,51.73,54,51.52,602,288,330,1220,41,57,5,681,157,52,18.68,19.06,16.48,16,12,13,1208.52,890,881.67,9.22,9.41,9.15,54.29,54.04,52.06,725.46,76.91,73.45,77.31,73.86,711,293,394,1398,76,78,15,737,171,96,21.32,21.12,34.47,16,28,32,1408.9,1004,1012.25,11.31,17.78,17.78,70.44,70.91,69.75,155.02,144.33,3071,2751
Corey Tropp,568,16,0.15,0.61,0.61,0.71,0.62,0.64,0.61,12,0,0,0,0,0,0,0,0,0,0,0,0,0,0,0,0,0,0,0,0,0,0,0,0,0,0,0,0,0,2,0,0,0,0,0,0,0,0,0,0,0,0,0,0,0,0,0,0,0,0,0,16,4,0,4,8,3,2,0,11,0,0,3032,0,0,0,0,4.67,0.23,0.23,0.22,0.22,5,2,3,10,0,0,0,6,1,0,0.11,0.12,0,0,0,0,9.28,7,6.69,0.06,0,0,0.29,0.28,0.28,2.77,0.15,0.15,0.15,0.15,2,2,0,4,1,0,0,3,1,0,0.06,0.09,0,0,1,0,4.3,4,4.2,0.04,0,0,0.18,0.19,0.19,3.04,1.94,61,37
Tom Sestito,4315,126,-0.02,0.36,0.5,0.38,0.49,0.38,0.5,156,2.42,0.15,0.14,0.56,0.07,1.16,0.93,0.15,0.14,0.14,1,1,3,0,3,6,2,0,0,0,1,0,0,2,3,3,8,28,0,19,0,2,2,1,0,0.02,0.13,0,0,0,0,5.95,3,2.92,0,0.03,0,0,0.18,0.17,0.17,126,16,16,15,79,25,29,16,56,0,0,42964,28,19,5,2,19.39,1.22,1.2,1.21,1.19,18,9,11,38,3,1,0,23,4,0,0.66,0.56,0,2,1,0,38.2,27,27.1,0.27,0.17,0.17,1.32,1.32,1.3,32.56,2.15,2.13,2.15,2.12,33,12,16,61,3,2,1,34,10,1,0.88,1.04,0.23,1,1,1,60.72,45,44.66,0.45,0.26,0.26,2.35,2.34,2.31,37.12,36.41,676,700
Jamie McBain,3000,61,-0.17,0.53,0.45,0.48,0.49,0.45,0.47,15,3.57,0.11,0.19,0.95,0.11,1.89,1.74,0.11,0.11,0.11,0,0,3,2,3,8,0,0,0,0,2,0,1,2,3,5,0,0,0,0,1,1,5,0,0,0.11,0,0,0,0,0,7.89,5,4.89,1,0.04,0,0,0.16,0.16,0.15,61,5,6,6,44,8,6,10,37,0,0,7992,0,0,0,4,29.21,3.18,2.97,3.14,2.93,26,12,15,53,2,6,2,22,10,6,0.53,1.17,1.49,0,0,2,51.48,38,37.18,0.48,1.16,1.16,2.51,2.48,2.44,33.5,2.78,2.6,2.82,2.63,30,17,11,58,3,6,0,33,14,0,1.03,1.75,0,1,2,0,60.28,47,47.86,0.51,0.8,0.8,2.49,2.51,2.47,7.27,8.75,136,142
Zack Kassian,57574,1393,19.72,0.43,0.53,0.44,0.52,0.45,0.53,709,101.58,10.42,6.86,22.2,3.11,51.25,42.15,10.1,10.52,10.18,8,9,110,26,26,162,24,7,10,2,23,3,45,48,103,129,31,91,4,199,21,39,95,30,11,3.46,3.74,3.22,1,5,1,163.62,136,136.72,21,1.44,2.29,2.18,9.69,9.76,9.57,1393,172,184,214,823,197,217,217,762,4,7,227191,91,51,15,16,403.45,33.31,32.29,33.43,32.4,422,136,188,746,37,31,8,426,106,26,12.17,13.1,8.05,13,16,8,751.4,558,561.47,5.34,6.91,7.19,31.45,31.55,31.06,489.41,44.83,42.95,44.99,43.09,509,170,254,933,43,49,11,513,125,41,15.33,15.22,14.29,10,19,14,926.08,679,677.59,7.57,11.31,11.31,41.09,41.11,40.5,205.77,180.21,3729,3492
Magnus Paajarvi,23339,582,16.12,0.53,0.53,0.5,0.47,0.49,0.48,287,45.62,5.55,3.53,8.99,1.52,25.34,18.09,5.28,5.59,5.33,3,2,51,12,18,81,13,8,2,2,16,0,19,18,43,55,3,6,1,29,11,0,36,23,4,1.24,2.47,1.84,2,3,3,82.56,63,64.66,0,0.76,0.61,0.84,5.47,5.53,5.35,582,62,60,84,376,81,86,70,345,1,2,92878,6,10,5,16,182.05,14.75,14.35,15.05,14.65,184,72,90,346,20,6,3,195,51,10,5.14,5.53,4.08,6,7,7,357.63,256,265.32,2.57,1.38,1.46,15.86,16.26,15.93,190.91,13.14,12.87,12.79,12.53,182,84,83,349,9,13,1,218,42,6,5.56,5.64,1.94,6,2,1,339.81,266,258.83,2.55,2.1,2.48,13.21,12.92,12.74,71.05,64.28,1298,1457
Brendan Guhle,2943,71,0.25,0.56,0.53,0.42,0.49,0.44,0.47,12,3.35,0.07,0.18,0.94,0.1,2.06,1.66,0.07,0.06,0.06,0,0,4,1,4,9,0,0,1,0,2,1,1,0,4,5,0,0,0,3,0,0,5,0,0,0.07,0,0,0,0,0,8.43,5,4.77,0,0.04,0.49,0,0.1,0.1,0.1,71,12,7,11,41,7,12,13,39,0,0,8072,0,0,0,8,19.94,1.82,1.74,1.78,1.7,24,3,11,38,2,1,0,21,3,3,0.51,0.33,0.98,0,1,1,36.9,27,26.36,0.28,0.49,0.51,1.59,1.59,1.51,24.8,1.4,1.36,1.47,1.42,30,5,18,53,1,1,0,29,6,0,0.77,0.63,0,1,0,0,54.16,35,36.24,0.3,0.05,0.05,1.65,1.72,1.66,6.98,6.19,129,135
Alexander Steen,88034,2047,43.32,0.5,0.5,0.49,0.5,0.5,0.5,198,124.15,14.65,9.74,24.65,3.99,72.68,48.28,14.32,14.86,14.51,20,15,117,57,54,228,51,16,11,1,21,9,48,69,101,158,20,43,101,33,27,18,115,45,14,3.59,4.9,6.16,4,7,5,230.04,174,176.33,10,2.2,2.48,1.65,15.2,15.37,15.17,2047,372,351,366,958,176,260,322,1289,101,146,187741,43,51,24,69,667.56,66.22,63.75,66.7,64.2,665,274,312,1251,77,42,11,708,173,58,19.23,20.34,26.66,23,30,24,1254.35,939,943.66,11.15,10.34,10.36,67.01,67.32,66.32,675.26,67.52,65.1,67.37,64.96,679,259,354,1292,72,44,9,697,175,66,18.69,21.44,27.4,16,23,33,1283.96,938,933.7,10.71,9.48,9.22,69.01,68.91,67.09,125.34,126.2,2714,2747
Ryan Murphy,21339,453,1.62,0.45,0.53,0.49,0.55,0.47,0.54,152,16.85,0.9,0.95,4.49,0.57,9.56,7.53,0.88,0.9,0.89,1,1,17,7,17,41,2,0,1,0,8,0,9,6,17,24,4,8,0,2,11,8,22,2,0,0.67,0.23,0,0,0,0,40.79,24,23.77,6,0.2,0.48,0,1.1,1.1,1.08,453,66,30,64,293,61,69,47,276,0,0,76986,8,8,4,31,153.89,13.16,12.67,13.11,12.63,149,62,92,303,5,12,0,163,38,10,5.14,5,3.03,0,5,0,302.71,211,210.35,2.11,2.82,2.82,12.46,12.49,12.32,171.72,16.07,15.65,16.12,15.7,162,76,82,320,16,15,3,182,36,20,5.45,4.27,6.35,6,4,6,318.36,238,236.71,2.3,3.52,3.52,14.84,14.85,14.66,67.85,59.27,1299,1062
Andrew Shaw,62023,1357,39.52,0.57,0.47,0.58,0.49,0.57,0.49,396,124.93,15.44,9.84,25.69,3.92,65.85,46.24,14.75,15.65,14.95,7,10,127,40,54,221,29,12,13,4,26,5,51,60,115,155,26,80,239,147,28,29,99,51,17,4,6.33,5.11,2,5,5,223.58,167,168.52,20,2.18,2.65,3.52,14.11,14.18,13.78,1357,222,164,218,753,223,211,218,705,239,199,186281,80,65,25,38,564.38,49.62,47.64,49.93,47.95,556,232,323,1111,52,53,10,611,128,49,17.7,15.8,16.11,17,16,19,1114.82,788,789.78,8.89,10.39,10.39,48.12,48.3,47.3,420.65,37.33,36.26,37.6,36.52,438,145,220,803,33,26,8,441,108,34,12.7,13.31,11.33,17,7,9,805.83,583,586.47,5.72,5.44,5.46,37.6,37.76,37.1,128.27,142.79,2803,2931
Alexander Nylander,2959,62,0.93,0.3,0.37,0.49,0.44,0.43,0.43,39,3.42,0.18,0.21,0.78,0.11,2.15,1.57,0.18,0.18,0.18,1,0,4,1,3,8,1,0,0,0,2,0,1,2,4,5,0,0,0,1,3,3,5,0,0,0.18,0,0,0,0,0,8.17,5,5.04,2,0.04,0,0,0.22,0.22,0.22,62,12,9,5,36,10,9,11,32,0,2,11441,0,0,0,2,23.65,1.22,1.21,1.2,1.19,25,10,13,48,1,0,0,32,3,0,0.79,0.43,0,1,0,0,46.82,35,34.38,0.29,0,0,1.51,1.49,1.48,32.69,2.8,2.69,2.88,2.78,38,8,4,50,3,2,0,36,8,2,1.23,1.03,0.53,1,1,1,52.73,46,47.85,0.45,0.42,0.42,2.83,2.9,2.83,6.88,11.49,143,184
Nate Schmidt,55723,1188,24.9,0.53,0.48,0.52,0.51,0.51,0.51,334,62.63,3.45,4.09,15.39,2.03,38.61,28.42,3.39,3.51,3.44,6,8,60,32,47,139,17,3,4,1,14,1,33,37,57,89,8,16,0,51,36,44,81,11,0,2.23,1.22,0,2,1,0,141.66,92,93.21,34,0.84,0.41,0.27,4.02,4.07,4.01,1188,148,95,166,779,176,201,171,640,0,0,162427,16,8,4,37,454.5,40.16,39.15,41.06,40.02,451,178,239,868,49,31,6,466,132,31,14.7,16.51,8.95,20,20,9,890.92,629,642.59,6.32,5.98,5.94,40.53,41.48,40.83,435.09,35.69,34.62,35.41,34.35,428,177,187,792,28,29,5,463,116,26,13.22,14.4,8.07,10,12,6,776.94,605,596.28,6.13,6.69,6.69,35.13,34.83,34.21,128.42,138.44,2519,2374
Aleksander Barkov,69693,1445,57.3,0.57,0.46,0.6,0.5,0.59,0.49,148,135.13,15.72,9.71,27.01,4.36,76.44,52.75,15.21,15.69,15.19,21,9,141,45,34,220,51,21,14,4,35,3,62,51,120,165,5,10,462,39,49,29,111,66,9,4.3,7.55,3.87,5,12,4,219.64,186,186.16,15,2.22,3.02,2.84,15.1,15.12,14.83,1445,295,173,262,715,219,192,256,778,462,540,150760,10,32,16,29,693.5,66.15,63.75,66.17,63.77,731,243,274,1248,70,63,17,720,199,55,21.61,23.18,21.37,23,29,18,1245.85,974,974.46,11.19,12.66,13.51,63.83,63.85,62.23,486.52,50.04,48.01,50.36,48.33,514,170,150,834,43,45,9,493,133,58,14.41,15.61,20.03,12,13,18,839.95,684,689.55,7.13,10.86,11.29,45.87,46.2,45.54,102.25,118.48,2242,2279
Thomas Vanek,58769,1283,39.79,0.54,0.46,0.55,0.47,0.54,0.47,540,124.46,15.72,9.6,25.5,4.11,69.64,47.44,15.25,15.7,15.23,21,10,133,39,44,216,48,17,14,3,20,4,53,64,116,155,11,22,6,29,21,34,107,49,16,3.87,5.74,6.11,5,4,8,215.9,172,171.87,8,2.24,3.24,2.63,15.33,15.3,14.97,1283,334,71,178,700,185,207,221,670,6,9,189964,22,16,8,5,554.61,58.04,55.3,57.91,55.18,555,217,211,983,60,36,9,550,165,57,16.75,19.62,21.67,21,19,20,978.07,772,768.56,9.22,9.03,9.46,57.8,57.72,55.76,479.12,49.46,47.41,49.64,47.59,484,174,148,806,47,41,8,456,150,52,13.62,18.47,17.38,18,12,17,813.68,658,663.99,6.63,8.3,8.3,47.8,48.06,46.9,127.24,148.21,2629,2941
Dmitrij Jaskin,35352,830,15.42,0.58,0.49,0.54,0.49,0.55,0.49,474,59.68,5.62,4.51,13.06,1.83,34,23.97,5.37,5.59,5.34,5,5,55,28,21,104,11,1,6,0,10,1,35,30,54,82,8,18,5,98,13,7,56,22,5,1.78,2.55,1.29,1,0,0,104.14,83,82.91,5,0.98,1.05,0.99,5.61,5.58,5.45,830,100,82,141,507,145,122,113,450,5,5,150135,18,20,10,19,281.92,23.58,22.94,23.69,23.05,274,122,125,521,22,23,7,306,71,19,8.8,8.32,6.45,7,6,9,518.71,396,394.86,4.01,4.67,4.6,22.99,23.05,22.75,237.6,17.09,16.82,17.22,16.94,224,101,121,446,15,15,3,260,57,8,7.38,7.26,2.46,6,5,4,446.94,325,326.7,3.06,2.41,2.41,17.75,17.88,17.7,107.7,111.15,2126,2216
Joel Vermin,11801,280,1.61,0.46,0.54,0.43,0.53,0.44,0.53,182,14.62,2.02,1.15,2.96,0.46,7.41,6.01,1.76,1.99,1.73,0,3,12,8,5,25,3,0,0,0,3,1,7,9,12,20,2,4,2,17,5,2,11,7,2,0.51,0.85,0.67,0,0,0,24.11,20,19.35,2,0.24,0,0.67,1.59,1.55,1.46,280,34,44,60,142,50,44,43,143,2,1,54509,4,6,3,7,83.65,7.59,7.11,7.52,7.05,82,35,35,152,6,6,3,88,21,8,2.61,2.51,2.48,1,3,2,149.68,117,115.45,1.14,1.84,2.02,6.72,6.63,6.46,103.45,8.76,8.56,8.8,8.6,104,42,57,203,8,10,1,113,27,6,3.39,3.41,1.96,3,3,2,204.98,146,147.96,1.6,1.26,1.2,9.16,9.18,9.04,43.96,36.82,867,759
Brandon Tanev,32671,877,4.01,0.33,0.53,0.36,0.51,0.36,0.51,495,50.4,4.22,3.33,11.55,1.54,27.08,20.28,4.12,4.22,4.12,0,2,54,14,14,82,4,2,2,0,7,0,28,29,52,66,5,16,1,128,19,9,50,15,3,1.49,1.89,0.84,0,2,0,81.77,68,67.68,8,0.7,0.65,0.82,4.09,4.1,4.07,877,77,144,148,508,102,105,114,556,1,0,153114,16,33,15,31,163.95,13.88,13.26,13.7,13.12,165,63,92,320,9,12,1,177,37,14,4.8,4.59,4.49,3,3,3,318.24,228,225.95,2.16,3.32,3.32,12.71,12.67,12.56,294.55,28.73,28.1,28.79,28.15,291,123,165,579,28,22,4,325,65,24,9.02,8.12,11.59,11,7,10,581.12,414,414.68,4.76,5.66,5.66,27.84,27.86,27.4,126.07,112.58,2333,2286
Michael Grabner,63407,1676,37.01,0.5,0.52,0.42,0.51,0.44,0.52,592,168.56,23.41,10.44,35.37,5.13,76.6,70.05,23,23.65,23.22,9,4,162,59,43,264,40,27,8,5,33,9,54,90,135,194,5,10,7,41,46,22,127,65,29,3.81,8.51,11.1,7,11,9,267.44,221,223.27,12,2.26,2.23,3.24,22.43,22.7,22.52,1676,166,190,294,1026,243,209,255,969,7,6,209311,10,26,13,33,472.13,50.63,49.39,51.38,50.11,475,173,183,831,56,30,8,452,141,55,12.43,17.61,20.59,18,19,19,838.1,648,654.64,6.24,6.93,7.45,49.42,50.16,49.51,583.85,50.94,49.14,51,49.2,582,229,320,1131,41,41,5,591,185,35,16.64,23.21,11.09,12,20,9,1130.23,811,811.55,8.82,8.68,9.06,50.7,50.82,49.72,161.52,148.65,3295,3138
Tyler Bozak,76890,1772,54.29,0.58,0.48,0.57,0.48,0.56,0.48,420,145.53,18.51,11.3,29.93,4.8,81.33,53.13,17.64,18.6,17.73,24,13,145,54,39,238,55,18,11,5,30,5,61,74,127,181,14,30,774,45,52,48,115,64,20,3.8,7.71,7,2,8,8,237.85,199,199.39,20,2.61,4.11,4.52,16.59,16.64,16.15,1772,400,231,244,897,255,213,301,1003,774,592,208145,30,24,11,26,804.53,80.19,76.9,80.4,77.1,788,340,369,1497,89,49,17,809,251,68,23.98,30,26.2,19,39,31,1497.87,1128,1130.7,12.78,14.82,15.99,76.97,77.14,75.3,651.15,58.24,55.94,58.37,56.05,642,261,227,1130,60,33,13,676,177,50,19.72,21.48,17.04,20,19,21,1125.16,903,899.29,8.61,9.24,9.59,57.26,57.4,55.82,173.72,189.81,3261,3575
Nick Schultz,25627,636,5.47,0.4,0.54,0.43,0.56,0.43,0.56,161,26.93,1.21,1.67,7.19,0.88,17.18,12.88,1.2,1.21,1.2,3,1,25,16,22,63,4,0,1,0,5,1,14,20,25,41,5,10,0,45,2,13,39,1,1,0.79,0.08,0.33,0,0,0,62.74,41,41.14,13,0.33,0.18,0,1.53,1.54,1.52,636,59,65,91,421,56,78,69,433,0,0,76817,10,0,0,61,169.72,14.59,14.3,14.54,14.25,170,67,102,339,15,7,1,180,45,12,5.34,5.34,3.91,8,6,1,338.87,237,236.93,2.21,1.63,1.63,15.17,15.13,14.99,222.76,21.46,20.75,21.67,20.96,216,92,148,456,21,19,5,221,66,21,6.62,8.26,6.57,5,7,9,458.43,308,310.38,3.59,4.27,4.27,20.79,20.98,20.49,63.9,55.48,1271,1012
Josh Morrissey,95824,2066,28.63,0.49,0.51,0.5,0.49,0.5,0.49,297,91.63,4.34,5.48,23.11,2.95,55.42,42.77,4.27,4.29,4.23,9,5,99,36,83,218,20,6,8,0,21,3,49,48,93,129,20,38,0,145,15,39,125,9,1,2.68,1.19,0.47,4,1,1,214.91,135,132.98,33,1.14,1.58,0.03,5.39,5.33,5.24,2066,233,255,366,1212,255,275,307,1229,0,0,202066,38,18,9,139,746.95,66.84,65.32,66.91,65.38,743,317,355,1415,80,44,11,791,212,57,23.26,25.25,18.33,24,35,21,1409.54,1060,1056.76,10.32,8.59,9.25,67.59,67.6,66.65,760.76,69.36,67.26,69.9,67.77,769,295,372,1436,84,53,10,811,194,59,24.98,23.81,20.58,35,27,22,1450.52,1064,1072.95,10.99,13.02,12.81,67.02,67.53,66.18,171.23,164.89,3017,3185
Andy Andreoff,22888,527,5.98,0.52,0.53,0.54,0.55,0.53,0.55,370,42.42,4.37,2.79,9.75,1.54,22.1,16.46,4.15,4.29,4.08,2,0,38,19,24,81,2,0,2,0,12,2,22,19,38,57,16,40,41,70,5,10,40,13,4,1.22,1.72,1.42,0,0,0,79.57,57,56.21,6,0.59,0.56,1.69,3.27,3.26,3.22,527,60,32,67,368,92,79,77,279,41,28,108478,40,26,10,7,185.94,15.71,14.96,15.74,15.01,175,82,106,363,7,17,1,199,45,13,5.92,5.79,4,5,1,1,361.95,257,257.1,2.51,4.38,4.38,13.83,14,13.69,167.46,14.61,14.04,14.6,14.04,147,81,81,309,9,12,2,163,55,10,5.03,6.55,3.02,3,4,2,308.98,228,227.88,2.3,2.51,2.51,14.4,14.4,14.18,89.2,77.76,1841,1517
Andrew Copp,47397,1198,17.86,0.48,0.51,0.44,0.5,0.46,0.5,564,72.48,8.26,5.34,14.85,2.38,39.1,31.2,8.14,8.37,8.25,6,2,77,26,23,126,17,9,3,0,12,0,41,38,68,94,9,18,95,87,20,16,65,32,6,2.78,3.97,1.51,6,3,0,126.64,103,103.66,9,1.13,0.54,0.64,8.62,8.72,8.63,1198,110,153,206,729,149,171,173,705,95,97,184945,18,8,4,28,323.03,29.86,29.31,29.96,29.4,342,118,152,612,27,18,4,335,103,22,10.58,12.43,6.86,10,12,5,611.39,460,459.82,4.58,3.32,3.09,31.14,31.22,30.8,382.84,32.19,31.62,32.21,31.62,380,165,219,764,31,15,3,452,68,25,13.03,8.63,10.54,16,7,8,765.3,545,544.87,5.6,3.31,3.31,34.28,34.25,33.78,152.83,145.33,2816,2855
Nic Petan,35316,805,9.97,0.62,0.49,0.57,0.47,0.56,0.48,500,60.66,6.07,4.85,13.13,2.01,35.6,22.34,5.83,6.11,5.88,8,4,57,27,24,108,13,1,3,0,17,4,25,34,56,83,6,12,145,12,16,18,56,24,4,1.62,3.17,1.27,0,1,0,109.04,84,84.42,12,1.1,0.64,0.99,6.18,6.25,6.14,805,133,51,109,512,123,100,127,455,145,170,160504,12,8,4,10,291.45,29.07,28.1,29.22,28.26,287,117,156,560,24,17,4,293,87,24,8.19,10.87,10.01,7,6,11,561.97,404,405.94,4.73,4.04,4.04,29.76,29.94,29.48,222.86,17.99,17.36,18.07,17.4,236,75,111,422,23,11,4,246,52,13,7.21,6.36,4.42,9,7,7,425.71,311,312.21,3.04,2.82,2.82,18.21,18.17,17.9,124.95,128.48,2350,2611
Cam Fowler,119271,2258,45.5,0.53,0.51,0.51,0.49,0.51,0.49,109,169.5,8.74,11.66,42.36,5.51,108.06,71.67,8.47,8.74,8.47,12,16,186,62,124,372,39,11,19,0,44,3,102,69,175,237,10,20,0,29,30,68,233,11,4,5.6,1.42,1.72,8,0,3,372.96,248,249.02,50,2.65,3.78,0.32,11.07,11.06,10.75,2258,314,405,416,1123,233,297,341,1387,0,0,172263,20,14,7,134,1041.45,102.17,98.21,102.28,98.33,1007,450,472,1929,104,92,21,1090,262,105,30.13,32.8,39.25,30,31,43,1939.02,1457,1463.3,17.21,18.88,19.31,100.07,100.42,97.95,1009.19,89.43,86.08,89.3,85.96,981,432,457,1870,86,77,11,1055,287,71,28.39,34.84,26.2,25,35,26,1861.62,1413,1408.14,16.14,16.25,17.1,88.47,88.45,86.22,118.17,114.43,2538,2677
John Tavares,94335,1906,75.95,0.6,0.42,0.57,0.43,0.57,0.44,101,261.75,34.22,18.98,56.16,8.98,141.21,101.46,33.01,34.33,33.13,21,17,260,101,110,471,66,28,17,6,60,15,114,127,232,333,19,38,824,42,63,81,231,88,42,7.85,10.49,15.87,8,7,13,471.58,361,361.58,18,4.41,4.5,7.15,31.48,31.58,30.77,1906,440,211,314,941,228,249,333,1096,824,804,186297,38,60,31,20,924.41,100.56,96.06,100.97,96.44,948,373,466,1787,96,78,18,955,261,105,27.88,31.6,41.08,32,29,35,1784.44,1321,1322.61,15.74,19.33,20.28,95.97,96.21,93.43,720.03,66.3,64.45,66.43,64.58,724,290,354,1368,73,39,9,773,180,61,23.15,21.97,21.18,26,22,25,1374.42,1014,1016.04,10.46,8.42,8.15,68.62,68.87,67.67,115.32,156.67,2549,3383
Paul LaDue,20335,472,11.07,0.58,0.53,0.6,0.55,0.59,0.54,115,23.27,0.86,1.32,6.4,0.74,14.41,10.27,0.83,0.83,0.81,2,6,27,7,21,55,8,0,2,0,7,0,15,10,27,34,2,4,0,17,3,12,32,2,0,0.69,0.17,0,0,0,0,53.31,34,33.13,10,0.28,0.43,0.03,1.1,1.08,1.05,472,65,41,56,310,84,72,75,241,0,0,59813,4,4,2,13,188.91,17.56,17.01,17.28,16.76,181,81,98,360,16,17,8,194,51,17,5.56,6,6,3,4,9,352.24,262,256.95,2.71,4.54,4.45,15.83,15.58,15.34,134.42,12.68,12.4,13.11,12.81,134,50,58,242,16,8,3,130,46,8,3.79,5.62,3.27,3,7,6,249.48,184,189.34,1.8,1.95,1.95,12.53,12.86,12.78,52.29,46.29,1036,857
Kevin Porter,1350,37,-0.15,0.25,0.48,0.43,0.47,0.37,0.45,20,0.68,0.14,0.05,0.12,0.03,0.37,0.28,0.14,0.15,0.15,0,0,0,1,1,2,0,0,0,0,0,0,0,1,0,1,0,0,7,5,2,0,0,1,0,0,0.14,0,0,0,0,2.06,1,1.03,0,0.01,0,0,0.15,0.16,0.16,37,3,7,1,26,5,11,4,17,7,12,5850,0,0,0,1,7.07,0.5,0.49,0.53,0.51,6,4,6,16,0,1,0,8,2,0,0.21,0.29,0,0,0,0,16.4,10,10.24,0.08,0.06,0.06,0.52,0.54,0.53,12.31,1.51,1.49,1.49,1.47,11,6,4,21,2,1,1,7,9,1,0.24,1.03,0.23,0,1,1,20.8,17,16.86,0.2,0.23,0.23,1.48,1.46,1.43,4.85,5.31,88,100
Andrew MacDonald,88074,1947,18.18,0.42,0.56,0.42,0.56,0.43,0.56,243,62.9,3.19,4,16.2,2.21,39.52,29.88,3.1,3.18,3.09,12,4,65,30,64,159,18,2,4,0,21,2,37,29,63,93,12,26,0,39,8,50,88,6,1,2.06,0.77,0.36,2,0,0,155.91,95,93.54,42,0.81,1.17,0.55,3.46,3.43,3.38,1947,152,326,330,1139,236,226,296,1189,0,0,179088,26,20,10,151,583.09,50.22,49.18,49.96,48.92,587,228,324,1139,41,44,7,610,168,37,18.13,19.87,12.23,11,15,15,1131.88,815,810.02,7.78,8.18,8.52,49.48,49.21,48.68,784.66,69.95,67.51,70.34,67.91,769,314,476,1559,76,61,11,812,213,58,23.73,26.38,19.84,23,26,27,1564.75,1083,1089.97,12.28,11.27,11.27,70.95,71.31,69.71,164.28,127.85,3206,2515
Scott Laughton,1229,33,0.97,0.67,0.41,0.71,0.54,0.75,0.53,21,3.55,0.63,0.25,0.81,0.1,1.1,1.11,0.61,0.62,0.6,0,0,4,0,1,5,0,0,0,0,2,0,1,1,4,4,0,0,11,3,1,0,1,2,1,0.01,0.26,0.35,0,0,0,5.09,4,4.06,0,0.06,0,0.35,0.33,0.35,0.34,33,7,7,6,13,7,5,7,14,11,9,5971,0,0,0,0,15.28,1.86,1.8,1.76,1.71,19,2,4,25,2,3,1,14,4,3,0.28,0.48,1.1,1,0,1,23.66,21,20.09,0.23,1.1,1.1,0.98,0.99,0.96,5.55,0.91,0.86,0.93,0.89,6,1,3,10,2,0,0,4,1,2,0.11,0.19,0.6,0,1,1,10.67,7,7.53,0.09,0,0,0.99,1.02,0.98,3.04,4.36,109,93
Ryan Callahan,15274,351,3.06,0.36,0.52,0.4,0.53,0.41,0.52,142,24.33,2.09,1.53,5.89,0.82,13.01,9.65,1.95,2.16,2.02,1,1,22,11,9,42,4,2,0,0,4,2,7,18,20,31,5,13,5,48,7,10,26,5,2,0.91,0.58,0.61,0,1,1,42.4,33,33.46,4,0.32,0,0.36,2.06,2.14,2.12,351,41,59,77,174,62,53,55,181,5,4,49826,13,17,7,13,108.27,9.47,9.16,9.58,9.26,112,38,44,194,7,8,1,120,19,11,3.35,2.4,3.72,1,2,4,192.71,150,150.25,1.43,1.89,1.87,9.04,9.11,9.01,159.12,16.57,16.05,16.67,16.15,166,54,76,296,14,15,3,146,58,16,4.35,6.83,5.38,5,4,5,299.94,220,223.29,2.67,3.04,3.2,16.04,16.17,15.84,40.95,37.91,788,710
Vincent Trocheck,101133,2078,66.95,0.53,0.46,0.56,0.49,0.55,0.49,133,239.5,25.37,16.2,51.09,8.39,134.27,100.66,24.6,25.54,24.77,15,14,229,107,85,421,52,23,16,8,57,7,95,138,206,313,20,43,822,163,63,69,248,64,24,8.87,7.68,8.82,8,3,12,420.84,336,336.91,25,3.56,3.76,4.52,24.42,24.53,23.99,2078,337,345,335,1061,310,251,353,1164,822,815,195413,43,69,33,51,949.5,88.78,84.36,88.99,84.56,959,378,421,1758,79,69,17,1028,225,84,31.12,26.77,30.9,29,22,28,1753.03,1337,1334.06,14.33,16.44,18.02,85.08,85.16,81.97,784.11,78.27,75.91,78.52,76.17,833,276,300,1409,90,45,9,822,221,66,24.51,26.29,27.48,26,29,35,1414.38,1109,1113.78,11.79,10.47,10.82,79.24,79.46,78.07,135.42,156.19,2851,2909
Brian Dumoulin,86294,1959,22.25,0.49,0.53,0.48,0.51,0.49,0.52,225,71.64,3.56,4.28,20.25,2.27,41.86,31.78,3.47,3.62,3.53,7,7,78,26,78,182,15,1,7,0,27,3,32,34,77,103,8,14,0,113,25,37,96,4,4,1.94,0.49,1.13,0,1,0,184.68,104,105.67,31,0.88,1.86,0.56,3.89,3.94,3.89,1959,208,273,414,1064,257,238,277,1187,0,0,169448,14,16,8,99,692.05,66.3,64.33,67.12,65.13,726,240,306,1272,61,59,11,689,217,60,20.89,26.14,19.28,17,27,17,1293.47,966,981.96,10.13,11.64,12.05,64.18,64.98,64.04,730.41,68.24,64.98,68.08,64.82,770,237,359,1366,71,69,14,732,199,76,20.25,24.74,23.25,22,24,25,1360.25,1007,1001.09,11.38,14.15,14.52,64.91,64.72,62.69,153.77,134.33,2841,2735
Paul Stastny,75793,1747,40.92,0.53,0.48,0.52,0.49,0.53,0.48,169,107.08,15.16,8.76,20.07,3.34,56.05,41.62,14.39,15.29,14.51,16,6,112,33,27,172,40,18,6,3,20,4,48,49,94,127,18,36,786,51,24,9,86,47,12,3.53,5.77,5.86,3,10,5,172.52,145,145.95,2,2.02,2.01,3.63,13.54,13.59,13.44,1747,286,310,302,849,226,227,282,1012,786,624,163589,36,10,5,35,629.25,60.51,58.12,60.72,58.34,637,251,287,1175,69,39,14,680,162,46,19.48,19.12,21.9,22,24,23,1175.25,888,889.8,10.26,10.22,10.24,60.53,60.67,59.67,559.37,54.05,52.27,54.11,52.33,565,217,287,1069,53,37,9,597,132,53,16.25,16.15,21.65,15,13,25,1066.05,782,780.53,8.68,7.96,7.96,54.77,54.83,53.43,105.14,114.76,2292,2418
Evgeni Malkin,69263,1416,69.59,0.6,0.48,0.59,0.46,0.59,0.48,168,179.81,22.77,14.27,36.53,5.67,102.22,65.68,21.72,22.94,21.88,26,13,192,57,65,314,72,33,19,3,41,7,86,63,159,216,36,77,365,40,52,54,155,72,22,6.38,8.24,8.15,12,12,9,316.18,249,250.61,13,3.35,4.1,2.95,23.1,23.29,22.5,1416,351,50,225,790,182,233,273,728,365,481,156454,77,49,23,25,740.92,74.35,71.34,74.39,71.39,783,251,332,1366,97,64,12,735,233,66,22.83,27.6,23.92,32,39,26,1368.82,1034,1035.37,12.94,15.29,15.32,71.57,71.65,69.57,516.09,49.37,47.84,49.55,48,554,164,233,951,43,46,7,521,149,48,15.1,19.23,15.03,12,17,14,951.78,718,719.34,6.82,9.13,9.5,46.36,46.49,45.82,126.19,134.81,2357,2720
Shane Doan,65840,1369,22.8,0.5,0.41,0.51,0.44,0.49,0.43,450,137.02,13.16,9.1,31.24,4.46,73.26,54.79,12.71,13.04,12.6,17,4,139,47,48,234,26,5,8,1,37,5,56,75,134,181,19,38,89,99,26,33,136,37,13,4.2,4.35,4.61,0,2,3,231.1,186,184.84,6,1.99,1.83,2.67,12.48,12.41,12.24,1369,181,166,210,812,209,223,213,724,89,102,200382,38,20,10,22,551.36,46.31,45,46.06,44.77,516,246,285,1047,40,39,8,587,133,42,16.64,15.87,13.8,14,13,13,1035.1,762,755.64,8.15,8.47,8.41,46.05,45.8,45.16,570.18,47.17,45.78,47.63,46.23,557,243,224,1024,36,50,7,626,133,41,17.89,15.95,13.32,14,10,12,1036.43,800,810.08,7.67,10.38,10.41,44.43,44.84,44.23,134.45,191.73,2805,3623
A.J. Greer,4097,102,1.2,0.74,0.33,0.54,0.45,0.57,0.43,42,8.07,1.1,0.61,1.83,0.28,3.46,2.71,1.03,1.13,1.05,0,1,8,2,1,11,1,0,2,0,1,0,3,4,8,10,2,4,0,4,1,2,4,4,2,0.12,0.44,0.55,0,0,0,10.96,10,9.97,0,0.14,0.42,0.42,0.82,0.83,0.82,102,13,14,23,52,19,12,14,57,0,0,14012,4,4,2,3,37.36,3.35,3.15,3.37,3.16,36,15,15,66,1,7,0,33,15,3,0.92,1.67,0.76,0,1,0,64.71,51,50.12,0.56,1.15,1.15,2.76,2.77,2.66,25.62,1.18,1.18,1.21,1.21,32,6,19,57,3,2,1,35,3,0,0.84,0.34,0,2,1,0,58.3,38,38.81,0.32,0.08,0.08,1.42,1.45,1.44,9.43,18.82,233,289
Ryan Ellis,102052,2028,45.55,0.51,0.51,0.49,0.52,0.48,0.51,185,134.6,7.98,8.64,33.16,4.38,83.12,59.72,7.75,8.01,7.8,13,9,140,57,84,281,38,16,6,0,37,4,66,68,124,181,8,19,0,64,37,41,182,9,6,4.48,1.02,2.47,8,3,5,281.57,197,197.94,29,1.92,2.08,0,9.9,9.94,9.67,2028,270,354,349,1055,262,297,318,1151,0,0,156997,19,44,22,137,850.55,81.73,79.07,82.01,79.33,858,332,413,1603,92,50,13,914,195,81,26.64,23.41,31.68,32,23,37,1606.77,1190,1192.61,12.66,11.98,12.42,81.97,82.11,80.21,914.15,78.12,75.17,78.2,75.26,922,353,410,1685,72,67,10,999,203,73,27.89,24.77,25.46,25,22,25,1681.73,1275,1273.57,14.07,12.66,12.69,79.49,79.61,77.39,113.73,108.5,2440,2292
Jean-Gabriel Pageau,79326,1878,34.56,0.46,0.52,0.42,0.51,0.44,0.51,455,169.5,19.9,11.06,35.85,5.36,81.16,75.66,19.01,19.97,19.09,10,11,169,60,29,258,33,12,16,2,32,4,65,100,157,217,12,24,558,161,25,27,154,51,24,5.14,6.75,8.02,3,3,6,258.48,229,229.11,16,2.4,3.69,4.69,17.61,17.78,17.28,1878,192,399,364,923,277,225,260,1116,558,460,220311,24,42,20,79,568.11,55.02,53.01,55.21,53.2,566,223,271,1060,48,52,9,589,139,61,16.8,17.52,20.7,18,12,18,1059.6,789,790.47,7.63,11.86,11.86,50.79,51.06,50,712.92,65.61,62.71,65.81,62.92,701,305,428,1434,58,56,9,751,195,60,21.48,23.08,21.05,21,15,22,1436.29,1006,1008.8,11.23,12.19,12.19,64.65,64.75,63.01,161.44,147.86,3532,3431
Nikita Scherbak,2048,50,0.72,0.65,0.5,0.44,0.45,0.46,0.47,29,3.1,0.79,0.15,0.61,0.08,1.38,0.99,0.79,0.78,0.78,0,0,3,1,4,8,1,1,0,0,1,0,1,1,2,3,0,0,0,0,0,0,3,0,1,0.09,0,0.7,0,0,1,8.11,4,3.98,0,0.04,0,0,0.82,0.82,0.82,50,9,2,4,35,4,12,8,26,0,0,8752,0,0,0,1,17.45,1.9,1.87,1.99,1.96,13,10,7,30,2,1,0,16,5,2,0.33,0.66,0.91,1,0,1,31.84,23,24.38,0.27,0.17,0.17,1.99,2.07,2.04,19.77,1.04,1.02,1.01,0.99,20,7,11,38,0,1,0,24,3,0,0.72,0.32,0,0,0,0,37.59,27,26.65,0.27,0.03,0.03,1.27,1.24,1.22,7.04,7,126,151
Erik Gudbranson,36585,765,6.3,0.38,0.49,0.43,0.52,0.42,0.52,99,36.02,1.51,2.2,9.24,1.15,23.19,17.71,1.48,1.5,1.48,5,0,40,15,33,88,6,1,4,0,14,1,17,18,39,54,6,18,0,66,4,23,53,1,1,1.07,0.08,0.36,1,0,0,86.52,55,54.17,20,0.47,1,0,1.98,1.98,1.94,765,81,120,135,429,102,88,111,464,0,0,73232,18,24,9,44,244.55,21.05,20.1,20.93,19.99,260,80,121,461,16,24,7,259,60,21,7.08,7.61,6.35,5,7,4,456.78,340,336.95,3.39,5.68,5.68,18.75,18.65,18.42,341.08,34.56,33.29,34.84,33.57,346,130,139,615,38,28,9,336,107,33,10.1,12.8,11.66,11,12,15,623.12,476,482.93,5.64,6.88,7.15,33.05,33.33,32.5,54.59,56.19,1140,1032
Matt Niskanen,102459,2008,52.5,0.48,0.51,0.53,0.51,0.52,0.51,148,142.8,6,8.56,37.22,4.53,86.85,65.9,5.89,6.1,5.99,17,17,152,58,122,332,39,5,7,0,52,7,65,74,147,205,16,32,0,146,35,66,198,11,1,4.35,1.23,0.42,2,2,1,338.68,210,213.98,56,1.8,1.51,0.23,7.5,7.61,7.47,2008,244,304,364,1096,265,248,307,1188,0,0,177930,32,12,6,93,836.53,77.16,74.33,78.24,75.39,854,319,421,1594,85,59,13,885,220,68,26.58,26.39,24.2,21,38,26,1624.13,1173,1192.54,12.31,12.9,13.37,76.03,77,75.57,779.52,82.04,77.63,81.32,76.91,766,318,338,1422,67,73,17,767,218,99,22.31,26.96,32.77,16,16,35,1396.8,1084,1066.72,12.77,17.73,18.11,76.71,75.97,73.67,140.03,133.72,2803,2712
Nikolaj Ehlers,86032,1845,65.06,0.57,0.47,0.56,0.46,0.56,0.47,395,216.63,24.35,14.46,46.57,6.64,120.18,82.93,23.84,24.45,23.95,20,19,204,93,81,378,64,25,5,1,48,6,88,125,179,272,19,38,0,43,36,51,200,77,20,6.4,9.46,8.48,7,9,9,377.86,297,296.82,23,3.27,1.19,1.58,25.91,26.04,25.54,1845,312,163,325,1045,282,289,297,977,0,4,211858,38,82,42,28,812.61,85.71,81.76,85.86,81.91,820,323,368,1511,87,52,16,815,250,78,26.13,30.33,29.26,26,33,28,1504.71,1143,1139.7,13.01,13.24,13.67,84.52,84.51,82.03,647.06,64.91,62.8,65.25,63.15,674,232,272,1178,71,34,8,671,178,57,21.16,21.46,22.29,28,20,23,1191.24,906,914.89,8.94,6.75,6.58,67.08,67.57,65.8,152.38,169.34,2921,3443
Mark Barberio,65735,1330,19.1,0.51,0.48,0.54,0.49,0.53,0.48,242,88.14,5.12,5.64,23.53,2.96,54.12,37.63,4.87,5.17,4.92,6,5,80,49,69,198,13,2,4,0,30,1,36,56,78,127,7,14,0,20,16,33,116,7,6,2.2,0.69,2.23,1,0,1,194.22,129,127.92,26,1.22,1,1.13,5.21,5.24,5.06,1330,192,131,187,820,176,193,170,791,0,0,152773,14,8,4,55,556.38,47.83,46.23,47.81,46.23,545,225,294,1064,41,50,8,594,123,53,16.78,15.19,15.87,10,19,12,1047.12,770,762.34,8.44,9.83,9.66,46.62,46.62,45.66,491.02,45.74,43.98,46.25,44.45,511,180,205,896,38,42,7,513,134,44,14.72,16.18,14.84,12,16,10,915.95,691,704.24,6.98,10.22,10.22,42.5,42.97,42.44,108.35,115.47,2240,2317
Stefan Noesen,29371,701,12.52,0.49,0.48,0.48,0.48,0.5,0.48,434,62.22,6.72,4.61,13.41,2.04,32.19,24.02,6.41,6.74,6.43,1,1,63,20,9,92,10,8,5,2,11,2,24,33,55,75,7,14,26,50,11,11,56,18,9,1.9,2.32,2.51,3,3,2,91.84,83,82.93,4,0.98,1.01,2.31,5.4,5.35,5.24,701,89,73,115,424,102,99,67,433,26,41,130276,14,8,4,10,231.16,18.16,17.5,18.03,17.36,232,87,67,386,17,19,4,249,53,17,6.84,6.31,5.01,7,4,6,379.98,319,315.45,3.08,4.3,4.31,16.94,16.72,16.46,232.87,18.98,18,19.37,18.37,232,89,89,410,12,13,4,244,63,14,7.04,7.53,4.41,3,4,5,418.67,321,327.91,3.07,2.97,3.22,18.83,19.22,18.5,102.52,110.49,1899,2048
Matt Hunwick,77667,1770,21.72,0.42,0.54,0.43,0.53,0.44,0.52,314,74.49,2.38,3.95,20.32,2.59,44.63,37.14,2.34,2.38,2.34,9,9,73,38,63,174,19,1,3,0,17,6,35,49,72,110,9,18,0,91,26,44,109,2,0,2.12,0.25,0,1,0,0,172.8,111,110.53,32,0.78,0.71,0.1,3.06,3.06,3.02,1770,129,267,227,1147,257,301,239,973,0,0,185822,18,12,6,90,578.17,51.1,49.78,51.44,50.09,556,248,256,1060,46,39,8,587,175,42,18.36,20.87,11.87,15,17,14,1066.91,804,810.57,7.59,7.85,7.86,50.82,51.01,50.29,731.58,71.66,68.98,71.47,68.81,703,314,367,1384,58,52,13,740,207,70,20.59,25.06,26,19,12,27,1367.25,1017,1006.91,11.5,12.06,12.8,70.35,70.16,68.72,184.28,156.75,3328,2949
Alexander Radulov,83405,1728,60.65,0.59,0.47,0.58,0.48,0.58,0.48,210,161.37,20.41,12.38,33.9,5,84.79,58.53,19.73,20.53,19.87,26,10,148,67,68,283,54,18,13,2,30,8,64,82,130,197,29,62,6,76,42,52,138,57,20,5.02,7.45,7.93,2,7,9,284.27,215,216.06,31,2.74,2.58,3.95,19.19,19.3,19.07,1728,385,101,317,925,250,303,336,839,6,6,193883,62,50,24,41,805.53,77.73,74.69,78.02,74.96,789,327,435,1551,86,60,7,808,234,74,23.31,28.58,25.83,28,33,25,1556.32,1116,1119.47,13.26,13.11,13.11,77.87,78.1,76.45,589.79,54.86,53.21,55.32,53.65,609,205,287,1101,49,35,6,602,165,47,18.03,21.04,15.8,15,23,11,1105.21,814,818.99,8.17,7.51,7.71,55.32,55.79,55.02,128.47,147.44,2855,3071
Matt Carle,4732,107,1,0.47,0.56,0.47,0.48,0.48,0.46,30,1.88,0.04,0.13,0.51,0.06,1.4,0.86,0.04,0.04,0.04,1,0,2,1,1,4,1,0,0,0,0,0,1,2,2,3,0,0,0,3,0,4,3,0,0,0.04,0,0,0,0,0,4.05,3,2.98,3,0.03,0,0,0.07,0.07,0.07,107,16,8,10,73,21,15,14,57,0,0,16868,0,2,1,5,33.15,2.74,2.64,2.71,2.61,33,12,16,61,3,2,1,34,9,2,0.92,1.22,0.59,1,1,1,59.72,45,44.32,0.48,0.5,0.76,2.45,2.41,2.38,35.56,3.13,3.07,3.18,3.13,36,13,21,70,6,1,0,37,9,3,1.23,1.23,0.67,1,5,0,71.17,49,49.68,0.51,0.26,0.26,3.39,3.44,3.4,14.61,11.59,267,294
Josh Anderson,56253,1364,26.9,0.47,0.51,0.46,0.5,0.47,0.5,757,122.11,13.08,8.27,28.2,3.69,61.79,44.99,12.65,13.22,12.78,8,4,119,41,33,193,29,17,6,3,33,10,39,55,102,143,37,89,8,147,25,16,102,46,12,3.35,6.02,3.7,6,6,5,196.59,160,162.62,9,1.75,1.73,3.49,11.34,11.5,11.28,1364,183,184,193,804,221,205,199,739,8,21,227528,89,75,30,40,435.24,37.43,35.91,37.91,36.37,444,147,190,781,42,38,8,446,111,34,13.23,14.06,10.13,21,11,10,792.55,591,599.22,5.95,7.95,8.07,35.3,35.82,35.14,486.64,41.62,39.93,41.38,39.7,495,180,234,909,31,44,6,505,127,43,14.15,15.61,11.86,12,10,9,893.68,675,664.46,6.83,9.76,9.96,38.48,38.18,37.21,183.84,174.3,3552,3530
Michael Bournival,11568,287,4.26,0.54,0.5,0.52,0.5,0.53,0.5,204,28.4,2.53,1.89,6.84,0.95,15.3,11.5,2.47,2.57,2.51,0,1,25,14,7,46,3,2,2,1,9,2,10,14,23,37,1,2,1,31,6,3,28,9,2,0.98,1.01,0.54,0,1,1,45.87,39,39.22,1,0.39,0.45,0.45,2.47,2.47,2.45,287,29,55,49,154,67,36,36,148,1,2,57585,2,2,1,8,100.97,8.77,8.08,8.79,8.11,95,45,39,179,3,8,2,109,21,10,3.21,2.31,3.24,0,1,2,175.54,140,138.93,1.43,2.71,2.92,7.28,7.28,7.13,87.28,7.52,7.3,7.56,7.35,84,39,44,167,6,4,0,95,19,9,2.78,2.25,2.5,3,2,1,170.33,123,124.46,1.24,0.78,0.78,7.98,8.09,7.95,45.4,45.17,881,875
Iiro Pakarinen,7496,205,3.56,0.52,0.55,0.45,0.5,0.5,0.51,165,15.54,1.41,0.94,4.23,0.57,8.61,6.24,1.35,1.46,1.4,1,1,15,7,3,25,4,2,3,1,5,0,7,5,13,20,1,2,0,30,4,2,19,1,2,0.56,0.19,0.66,1,0,1,25.59,22,22.31,2,0.19,0.69,0.85,0.75,0.77,0.76,205,28,29,24,124,34,30,25,116,0,1,43204,2,2,1,6,46.9,4.08,3.91,4.13,3.96,51,14,23,88,4,6,2,50,10,5,1.32,1.1,1.65,2,0,2,90.08,65,65.87,0.63,1.73,1.73,2.97,3.03,2.98,47.75,3.76,3.69,3.64,3.58,47,19,41,107,2,1,0,46,19,1,1.19,2.37,0.21,0,2,0,103.64,66,64.15,0.64,0.02,0.02,4.38,4.25,4.17,41.06,34.22,672,684
Freddie Hamilton,15258,365,2.64,0.44,0.49,0.46,0.53,0.43,0.52,293,30.35,2.8,2.19,6.54,0.91,15.74,11.82,2.75,2.84,2.79,0,0,30,10,11,51,2,2,3,0,8,1,15,11,28,38,4,8,75,46,3,2,26,13,1,0.93,1.63,0.24,1,1,0,50.12,40,39.77,1,0.46,0.58,0.16,3.1,3.15,3.12,365,21,52,65,227,74,53,45,193,75,51,79025,8,10,5,1,90.76,7.61,7.41,7.52,7.35,91,34,63,188,5,6,0,95,23,7,2.58,2.77,2.26,3,1,1,185.13,125,123.65,1.19,0.9,0.9,7.89,7.88,7.82,120.83,9.66,9.4,9.77,9.51,122,47,49,218,8,14,2,128,33,8,3.25,4.07,2.35,2,3,3,219.71,169,170.35,1.66,2.85,2.85,8.48,8.54,8.42,59.1,61.4,1269,1124
Sean Monahan,86478,1835,56.99,0.54,0.46,0.57,0.48,0.55,0.48,276,196.96,26.81,16.2,40.14,6.71,105.84,70.29,25.46,26.78,25.44,15,16,199,67,82,348,58,27,15,10,45,4,86,89,172,239,10,20,743,34,50,44,137,100,29,4.62,12.17,10.03,7,9,11,347.15,266,265.24,13,3.77,4.12,7.44,23.14,23.16,22.59,1835,442,140,284,969,236,282,297,1020,743,701,211958,20,20,9,25,801.89,79.82,76.76,79.97,76.91,824,295,423,1542,82,60,17,795,239,85,22.85,28.18,28.8,26,26,30,1543.11,1119,1118.93,13.78,13.48,14.06,79.54,79.75,77.81,660.01,67.59,64.95,67.67,65.04,661,258,267,1186,58,50,13,677,173,69,19.64,21.59,26.34,18,17,23,1183.73,919,918.31,9.17,13.41,13.94,62.82,62.92,62.21,138.7,164.4,2955,3242
Nick Sorensen,3267,82,0.68,0.42,0.5,0.5,0.51,0.52,0.5,42,6.32,0.31,0.29,1.58,0.18,2.55,3.09,0.3,0.32,0.32,0,1,7,1,1,9,1,0,0,0,1,1,3,3,7,8,1,2,1,2,0,0,7,1,0,0.12,0.19,0,0,0,0,9.07,8,7.98,0,0.06,0,0.19,0.18,0.18,0.18,82,10,3,11,58,14,6,8,54,1,0,14787,2,0,0,3,28.69,1.38,1.35,1.42,1.38,31,8,11,50,1,2,0,33,6,0,0.59,0.79,0,0,1,0,50.26,39,38.96,0.37,0.21,0.21,1.54,1.57,1.53,25.56,1.89,1.86,1.85,1.82,28,8,14,50,2,1,1,26,9,1,0.66,1.03,0.2,0,1,1,49.93,36,36.05,0.35,0.2,0.2,2.04,1.99,1.96,10.27,10.39,217,209
Nail Yakupov,25553,616,10.37,0.58,0.49,0.52,0.49,0.53,0.49,395,40.53,3.33,2.88,9.2,1.14,21.15,15.29,3.29,3.42,3.37,3,3,35,18,15,68,9,3,2,0,5,2,18,23,32,50,7,14,0,32,11,3,39,11,3,1.25,1.31,0.77,1,1,1,68.98,53,53.84,1,0.61,0.5,0.3,3.64,3.69,3.65,616,83,36,93,404,106,102,87,321,0,0,119687,14,18,9,8,200.65,16.81,16.34,17.09,16.61,201,75,91,367,17,12,3,209,53,14,6.24,6.5,4.07,5,5,7,370.06,276,279.53,2.88,2.76,2.76,16.94,17.08,16.82,177.94,12.36,12.14,12.57,12.34,179,68,95,342,19,11,3,202,34,11,4.83,4.16,3.37,8,6,5,342.84,247,247.08,2.22,2.27,2.27,12.31,12.48,12.36,82.75,85.47,1704,1759
Ryan Suter,132469,2319,45.1,0.57,0.52,0.51,0.49,0.5,0.5,96,156.2,8.47,10.28,41.73,5.3,93.95,66.27,8.15,8.44,8.12,10,21,164,62,106,332,40,9,12,2,47,7,84,67,155,217,18,36,0,72,41,38,206,12,8,4.66,1.4,2.41,6,0,3,331.99,226,225.67,29,2.44,1.68,1.68,9.22,9.21,9,2319,348,384,401,1186,243,262,392,1422,0,0,165574,36,13,5,105,1132.7,116.48,111.18,117.67,112.24,1153,410,513,2076,126,109,24,1142,301,120,33.83,37.21,45.45,33,42,51,2097.03,1563,1576.13,18.09,23.87,25.04,109.53,110.39,107.69,1086.92,87.34,84.19,86.74,83.61,1091,442,501,2034,85,76,12,1204,261,68,30.84,30.82,25.68,33,31,21,2004.45,1533,1512.6,16.2,15.68,16.29,87.25,86.69,85.13,119.74,108.94,2492,2573
Braydon Coburn,80335,1757,19.1,0.47,0.54,0.46,0.53,0.45,0.53,368,96.49,4.41,5.54,24.65,3.09,55.64,48.66,4.28,4.43,4.31,4,3,102,40,78,220,12,5,5,3,33,1,44,54,97,137,22,50,0,109,6,35,133,6,3,2.79,0.81,0.81,2,1,2,220.55,142,141.12,33,1.12,1.75,0.77,4.76,4.79,4.71,1757,131,261,280,1085,278,319,235,925,0,0,211753,50,24,9,76,587.13,53.63,51.8,53.94,52.07,595,218,274,1087,43,47,9,597,164,52,17.32,20.7,15.61,10,18,15,1091.32,813,815.82,8.16,10.57,11.01,50.79,50.96,50.02,698.47,60.8,58.92,61.07,59.2,710,265,302,1277,58,45,9,729,199,47,20.92,24.19,15.69,19,23,16,1276.37,975,976.96,11.08,8.89,8.99,62.89,63.25,61.99,182.38,155.99,3407,3008
Tomas Jurco,18504,450,2.06,0.52,0.49,0.51,0.49,0.51,0.5,303,37.8,4.45,2.97,8.73,1.31,19.86,13.69,4.15,4.54,4.23,0,0,35,16,15,66,1,1,5,1,10,1,16,18,34,50,2,4,0,21,3,7,30,15,6,1,1.88,1.57,0,0,1,66.82,51,51.48,3,0.63,0.77,1.45,3.64,3.65,3.51,450,55,36,67,292,80,67,63,240,0,1,88165,4,2,1,9,148.14,11.45,10.9,11.71,11.12,147,57,76,280,2,11,1,156,38,10,4.22,4.74,2.49,0,1,1,282.43,204,204.82,2.16,2.14,2.14,11.47,11.58,11.31,136.29,10.78,10.35,10.64,10.22,134,59,75,268,14,7,2,153,33,7,4.12,4.29,2.37,8,4,2,266.64,193,191.1,1.89,2.18,2.18,10.49,10.46,10.3,64.78,68.49,1306,1381
Toby Enstrom,78856,1645,12.45,0.47,0.51,0.45,0.53,0.45,0.53,170,44.31,1.75,2.84,12.15,1.59,28.12,19.53,1.74,1.73,1.72,7,6,46,20,45,111,14,1,6,0,11,1,22,25,45,65,21,42,0,24,8,33,63,2,1,1.27,0.25,0.23,0,0,1,108.47,66,64.6,30,0.59,1.37,0.1,2.24,2.21,2.2,1645,189,276,267,913,162,185,248,1050,0,0,138762,42,22,11,94,556.69,54.9,53.38,55.2,53.66,583,195,244,1022,59,39,9,564,169,45,17.28,21.52,16.1,17,21,21,1016.88,778,776.57,8.27,9.03,9.17,53.99,54.09,53.37,669.94,63.13,60.84,63.67,61.36,704,239,316,1259,80,48,14,731,152,60,21.6,18.1,23.42,27,25,28,1271.96,943,952.34,11.08,10.01,10.22,64,64.52,62.64,114.54,108.95,2220,1999
Yannick Weber,52209,1245,9.2,0.45,0.52,0.48,0.52,0.47,0.51,403,67.39,2.21,3.64,17.95,2.08,39.78,30.35,2.15,2.21,2.15,5,2,72,24,56,152,8,1,7,0,20,0,32,36,71,95,11,25,0,72,9,27,93,2,1,1.78,0.18,0.25,1,0,0,151.54,96,95.77,21,0.73,0.75,0.05,2.9,2.9,2.82,1245,159,103,155,828,177,217,157,694,0,0,214451,25,11,4,53,403.16,28.39,27.7,28.48,27.78,423,136,207,766,35,21,4,445,92,22,11.5,11.01,5.89,16,13,6,768.28,559,559.92,5.35,4.23,4.15,29.59,29.75,29.42,448.54,34.9,33.93,34.94,33.98,440,181,225,846,36,19,6,481,112,28,13.63,13.57,7.7,9,20,7,844.13,621,620.11,6.09,4.58,4.58,36.41,36.4,35.92,171.9,158.83,3487,3240
Ryan Johnston,4145,102,-0.78,0.42,0.54,0.47,0.48,0.47,0.49,42,2.8,0.18,0.17,0.64,0.1,1.68,1.23,0.17,0.18,0.18,0,0,3,1,4,8,0,0,0,0,0,0,1,3,3,4,2,4,0,1,1,3,3,1,0,0.06,0.12,0,0,0,0,8.34,4,4.13,2,0.03,0,0,0.21,0.21,0.21,102,17,6,8,71,17,18,12,55,0,0,21497,4,0,0,2,33.65,2.27,2.2,2.38,2.3,35,11,16,62,0,3,0,37,7,2,1.02,0.83,0.42,0,0,0,63.55,46,47.06,0.46,0.47,0.47,2.27,2.36,2.29,37.23,3.16,3.08,3.05,2.97,40,12,17,69,3,1,0,41,9,2,1.38,1.14,0.64,1,2,0,67.22,52,50.66,0.55,0.38,0.38,3.33,3.22,3.19,19.52,16.74,353,377
Matt Martin,43776,1117,9.74,0.45,0.51,0.47,0.51,0.47,0.5,952,72.64,7.22,4.46,16.7,2.35,35.99,29.29,6.92,7.39,7.08,2,2,66,30,17,113,9,5,5,1,18,5,27,36,61,91,32,103,0,300,16,13,62,26,8,1.87,3.19,2.16,2,2,1,115.61,96,98.33,5,0.93,1.14,2.08,6.08,6.17,6.03,1117,93,114,227,683,217,171,171,558,0,11,255725,103,101,31,26,323.89,25.01,24.46,25.09,24.54,307,138,151,596,20,17,3,346,79,20,10.2,9.39,5.42,7,7,6,600.67,445,449.61,4.05,3.48,3.68,25.38,25.47,25.13,354.42,30.11,29.29,29.73,28.92,353,141,185,679,22,27,10,375,91,28,11.12,10.65,8.35,9,7,6,670.2,494,488.32,4.92,5.39,6.11,28.93,28.68,28.25,242.62,230.35,4393,4289
Justin Dowling,5654,144,2.5,0.51,0.49,0.55,0.45,0.51,0.47,95,10.68,1.22,0.71,2.28,0.32,5.33,4.16,1.2,1.26,1.24,1,1,11,3,7,21,2,0,0,0,4,0,2,8,11,14,1,2,38,1,3,1,6,7,1,0.2,0.77,0.24,0,0,0,21.39,14,14.45,1,0.15,0,0,1.37,1.42,1.4,144,13,19,26,86,26,21,14,83,38,31,27058,2,0,0,0,43.56,4.4,4.29,4.49,4.37,44,16,24,84,3,1,0,40,15,5,1.21,1.77,1.42,1,1,1,85.86,60,61.83,0.6,0.11,0.11,4.89,4.98,4.88,41.98,4.21,3.82,4,3.63,42,15,13,70,2,6,1,39,13,5,1.1,1.78,1.33,1,1,0,67.19,57,54.65,0.62,1.41,1.41,3.41,3.27,3.2,26.43,27.29,380,458
Ron Hainsey,95169,1925,19.32,0.5,0.55,0.46,0.55,0.45,0.54,177,73.8,3.69,4.06,19.64,2.36,43.78,35.48,3.63,3.67,3.61,8,5,71,38,77,186,17,4,6,0,17,4,34,44,67,105,9,21,0,93,25,47,103,4,2,2.27,0.43,0.98,3,0,1,185.53,109,108.27,35,0.86,1.52,0.09,4.45,4.43,4.36,1925,223,271,316,1115,282,216,286,1141,0,0,167909,21,17,7,120,732.4,75.46,72.4,75.78,72.74,695,315,348,1358,53,84,6,714,204,92,21.58,24.54,29.33,18,18,17,1363.05,1010,1014.07,10.12,19.3,18.66,66.66,67.13,66.01,879.63,75.95,73.11,75.86,73.02,881,355,387,1623,81,80,16,925,251,60,25.77,30.29,19.88,24,35,22,1620.92,1236,1231.77,13.57,16.24,16.74,72.38,72.24,70.58,148.13,121.59,2808,2311
Alexey Marchenko,41700,964,8.1,0.41,0.48,0.43,0.51,0.43,0.5,187,39.5,1.65,2.31,11.03,1.39,24.47,18.14,1.61,1.68,1.63,1,6,36,23,21,80,8,1,1,1,10,2,26,19,35,58,6,12,0,22,5,22,55,4,0,1.16,0.5,0,0,1,0,80.36,59,59.63,17,0.46,0.17,0.13,1.99,2.01,1.97,964,94,143,156,571,152,122,136,554,0,0,108326,12,6,3,59,306.58,23.89,23.41,23.9,23.43,305,124,124,553,26,13,3,328,85,16,9.53,10.28,4.09,6,15,5,556.73,429,432.27,3.97,2.24,2.47,25.39,25.4,25.03,404.27,34.54,32.79,34.34,32.61,398,174,174,746,29,28,5,442,96,34,11.8,11.21,11.53,9,11,9,740.99,572,568.19,6.23,6.29,6.55,34.22,34.09,32.84,84.25,90.54,1677,1643
Petteri Lindbohm,5453,134,0.75,0.49,0.52,0.52,0.49,0.54,0.49,41,8.43,0.24,0.43,2.75,0.26,4.76,3.55,0.24,0.24,0.23,0,0,10,2,7,19,0,0,0,0,1,1,3,7,10,12,2,4,0,10,1,1,12,0,0,0.24,0,0,0,0,0,18.45,12,11.7,0,0.09,0,0,0.33,0.32,0.31,134,15,14,17,88,13,25,22,74,0,0,19772,4,2,1,5,54.56,3.56,3.48,3.44,3.36,60,16,22,98,2,2,0,61,14,1,1.79,1.54,0.24,2,0,0,94.6,76,73.9,0.73,0.36,0.36,3.93,3.8,3.73,48.77,3.65,3.59,3.77,3.7,48,17,26,91,6,3,2,49,14,2,1.41,1.61,0.63,1,3,2,93.66,65,66.74,0.62,0.69,0.69,3.58,3.69,3.64,14.28,13.07,267,274
Mike Liambas,282,8,-0.2,0.37,0.61,0.43,0.69,0.6,0.67,12,0,0,0,0,0,0,0,0,0,0,0,0,0,0,0,0,0,0,0,0,0,0,0,0,0,0,0,0,0,1,0,1,0,0,0,0,0,0,0,0,0,0,0,0,1,0,0,0,0,0,0,8,3,0,1,4,1,1,2,4,0,0,3600,0,0,0,0,1.58,0.14,0.14,0.14,0.14,1,2,0,3,0,1,0,2,1,0,0.04,0.11,0,0,0,0,3.07,3,2.99,0.04,0.11,0.11,0.07,0.07,0.07,1.68,0.24,0.24,0.26,0.25,2,0,2,4,1,0,0,1,0,1,0.04,0,0.2,0,0,1,4.01,2,2,0.03,0,0,0.27,0.28,0.27,3.07,2,74,34
Steven Kampfer,8750,215,3,0.41,0.49,0.52,0.5,0.5,0.51,66,9.62,0.26,0.52,2.75,0.33,6.12,5.02,0.25,0.26,0.25,1,0,10,5,8,23,2,1,0,0,3,0,4,7,9,14,3,6,0,24,2,3,15,0,0,0.26,0,0,1,0,0,23.01,15,15.03,2,0.11,0,0,0.37,0.37,0.36,215,38,13,23,141,39,36,25,115,0,0,31386,6,8,4,10,74.39,4.82,4.7,4.9,4.78,78,27,28,133,4,4,0,90,12,3,2.53,1.46,0.83,3,0,1,133.23,105,105.95,0.98,0.83,0.83,4.98,5.02,4.94,75.99,7.01,6.77,6.95,6.72,82,22,17,121,6,8,2,79,16,9,2.16,2.13,2.72,4,0,2,119.76,104,102.71,0.98,2.27,2.27,5.73,5.62,5.58,22.96,23.44,470,479
Colin Miller,58893,1317,31.72,0.62,0.54,0.61,0.52,0.63,0.52,320,98.13,4.02,6.11,26.32,3.54,61.22,44.79,3.94,4.03,3.96,4,3,85,61,83,229,13,6,6,0,20,7,44,63,79,140,19,50,0,88,19,31,140,4,2,2.78,0.38,0.86,5,0,1,229.16,146,146.16,18,1.28,0.78,0.52,4.78,4.79,4.71,1317,193,91,197,836,180,164,169,804,0,0,165976,50,41,16,37,583.1,46.57,45.17,46.81,45.42,553,251,261,1065,36,34,4,621,145,38,16.41,18.08,12.08,16,11,9,1070.27,804,808.68,8.3,6.31,6.37,48.49,48.81,48.15,344.38,28.28,27.2,28.48,27.37,332,150,188,670,32,18,3,366,93,23,10.04,11.01,7.23,7,17,8,669.07,482,481.75,4.62,4.4,4.4,28.5,28.67,28.19,145.65,123.43,2705,2507
Mike Reilly,12629,270,3.27,0.56,0.5,0.55,0.47,0.54,0.47,96,21.08,0.71,1.2,5.95,0.66,12.38,9.1,0.7,0.72,0.71,0,0,19,11,17,47,1,1,2,0,6,3,5,13,18,29,1,2,0,2,0,6,30,0,0,0.71,0,0,1,0,0,47.77,30,30.55,4,0.25,0.42,0.11,0.85,0.86,0.86,270,34,12,35,189,44,44,35,147,0,0,49191,2,4,2,8,123,8.98,8.72,9.11,8.84,123,46,57,226,9,9,2,142,21,6,4.04,2.63,2.3,4,3,2,228.96,169,170.77,1.71,1.87,1.87,8.82,8.9,8.8,102.24,7.19,7.1,7.1,7.01,104,39,43,186,8,6,1,120,19,4,3.42,2.18,1.59,5,2,1,183.46,143,141.29,1.25,1.21,1.21,7.22,7.13,7.09,38.91,39.4,774,860
Jakub Voracek,93848,1995,61.6,0.62,0.46,0.61,0.48,0.61,0.48,238,252.95,23.99,16.7,58.49,8.35,144.3,94.17,23.05,23.89,22.95,26,15,253,93,134,480,61,20,20,2,56,7,135,108,233,326,15,36,3,30,24,56,252,75,19,8.73,8.55,6.71,7,8,5,477.87,346,343.47,15,3.84,5.39,2.68,25.15,24.99,24.21,1995,403,220,389,983,266,252,352,1125,3,11,206614,36,53,27,22,1032.04,111.62,104.44,111.25,104.09,1019,429,489,1937,98,92,23,1017,319,112,29.4,38.06,44.15,23,30,45,1926.15,1448,1439.73,17.96,22.16,22.59,106.98,106.61,101.37,666.44,69.57,67.84,70.44,68.71,696,215,321,1232,78,53,7,656,182,73,20.52,22.26,26.79,18,32,28,1238.02,911,918.19,8.87,12.6,12.6,65.84,66.64,65.71,133.45,153.77,3025,3321
Tyler Graovac,30703,739,2.03,0.47,0.55,0.4,0.5,0.4,0.5,544,54.06,6.03,3.9,11.35,1.61,28,20.1,5.81,6.15,5.92,1,1,48,23,13,84,9,7,4,1,9,2,27,22,41,64,5,10,163,52,16,4,42,23,6,1.57,2.85,1.61,1,4,2,86.93,71,72.13,2,0.83,0.56,1.08,5.78,5.9,5.85,739,99,38,109,493,104,130,84,421,163,180,158898,10,6,3,15,201.8,16.89,16.39,17.29,16.78,192,82,82,356,18,13,2,201,60,13,6.1,7.34,3.44,6,7,5,365.41,274,278.85,2.78,2.45,2.56,17.11,17.51,17.32,287.87,18.94,18.61,18.34,18.02,288,117,138,543,11,21,4,339,54,12,8.97,6.13,3.83,3,5,3,525.45,405,392.98,3.59,3.86,3.94,18.59,18.05,17.85,135.67,112.26,2547,2557
Chris Kunitz,66088,1511,30.23,0.52,0.52,0.52,0.49,0.52,0.51,456,128.49,12.66,9.94,28.42,4.05,68.28,48.78,12.19,12.72,12.25,11,9,134,40,46,220,29,9,11,3,26,3,68,57,125,165,18,36,3,216,25,28,118,44,12,3.63,5.48,3.56,0,5,4,221.56,174,175.43,7,2.16,2.41,2.77,11.92,11.94,11.69,1511,252,151,260,848,219,233,236,823,3,10,193402,36,24,12,28,589.34,55.45,53.4,55.99,53.91,629,189,288,1106,49,47,11,591,177,50,16.69,21.67,17.08,9,23,17,1117.34,818,826.27,9.33,10.52,10.53,53.8,54.27,52.84,545.43,50.96,48.81,50.94,48.82,587,168,267,1022,42,52,8,565,141,49,15.94,17.55,17.47,16,11,15,1019.67,755,753.33,8.01,11,11.42,47.17,47.2,45.86,170.11,158.57,3079,3177
Jaccob Slavin,115316,2135,48.23,0.51,0.54,0.5,0.54,0.5,0.53,160,106.06,3.88,6.34,27.71,3.41,63.94,50.71,3.74,3.88,3.73,14,15,99,57,75,231,34,5,5,1,23,5,56,62,94,151,6,12,0,35,83,54,150,5,1,3.15,0.43,0.3,4,0,1,229.39,156,155.1,36,1.34,0.64,0.42,4.8,4.79,4.65,2135,234,354,374,1173,328,183,362,1262,0,0,184268,12,8,4,161,905.68,90.46,86.38,90.55,86.49,902,346,454,1702,90,78,18,904,238,106,26.5,28.5,35.46,30,25,35,1702.11,1248,1250.22,13.01,18.36,19.2,84.26,84.32,82.13,904.08,86.38,82.88,86.66,83.15,877,382,444,1703,84,73,16,928,260,71,26.82,31.92,27.64,29,31,24,1705.95,1259,1260.95,14.27,16.11,16.51,84.13,84.38,82.78,158.88,134.01,3078,2659
Andrej Sustr,84427,1813,14.61,0.43,0.55,0.44,0.54,0.45,0.53,340,81.38,3.67,4.69,22.25,2.88,48.72,36.78,3.62,3.65,3.61,5,6,93,26,45,164,14,3,7,1,29,6,34,40,90,116,21,43,0,45,18,49,106,13,0,2,1.66,0,2,1,0,162.81,119,118.4,39,0.94,1.3,0.3,4.31,4.29,4.24,1813,133,338,296,1046,329,289,279,916,0,1,207661,43,11,4,102,612.31,50.15,48.94,50.32,49.09,620,239,261,1120,41,39,4,663,156,40,19.82,18.63,11.7,17,13,11,1120.52,859,860.4,8.23,8.37,8.5,49.89,50,49.32,768.67,66.58,64.06,66.72,64.2,790,277,352,1419,67,59,13,792,223,52,22.64,26.38,17.57,26,27,14,1419.27,1067,1068.53,12.12,12.9,12.96,65.74,65.95,64.6,185.33,152.72,3366,2898
Matt Tennyson,35874,826,3.85,0.41,0.57,0.46,0.54,0.45,0.54,263,33.84,1.41,1.83,9.4,1.16,20.28,15.92,1.38,1.41,1.38,5,1,36,14,32,82,6,0,3,0,13,1,16,17,36,50,3,6,0,65,11,11,47,3,0,1.05,0.36,0,0,0,0,81.55,50,49.79,8,0.37,0.47,0.07,1.7,1.7,1.67,826,111,49,125,541,105,114,98,509,0,0,128757,6,6,3,48,270.24,22.7,21.87,22.79,21.98,267,105,140,512,21,18,4,278,74,20,8.91,8.57,5.22,4,9,8,513.47,372,373.65,3.61,3.53,3.73,22.58,22.71,22.26,328.75,32.31,30.58,32.72,30.94,319,132,143,594,35,47,16,319,96,36,9.87,11.85,10.59,9,12,14,599.83,451,454.44,4.78,10.55,10.7,26.39,26.6,26,113.46,87.05,2132,1816
Matt Greene,20564,537,4.25,0.45,0.52,0.49,0.55,0.49,0.55,146,15.98,0.4,0.8,5.13,0.59,9.09,8,0.39,0.39,0.39,0,1,14,10,26,50,2,1,0,0,5,0,12,6,13,23,8,19,0,71,3,17,24,0,0,0.4,0,0,1,0,0,49.56,24,23.72,14,0.17,0,0.02,0.54,0.54,0.53,537,67,43,72,355,73,73,63,328,0,0,74132,19,7,2,27,151.85,11.46,11.13,11.36,11.05,144,66,84,294,9,8,1,167,33,10,4.2,4.17,3.09,3,2,4,291.72,210,208.51,1.87,1.75,1.75,11.58,11.52,11.31,158.59,13.95,13.53,14.05,13.63,160,58,89,307,7,12,2,162,44,12,4.76,5.41,3.78,4,0,3,310.59,218,220.6,2.26,2.51,2.51,13.69,13.8,13.56,55.31,50.38,1208,983
Zach Sanford,25370,601,6.75,0.51,0.5,0.47,0.52,0.47,0.51,404,39.56,4.28,2.95,8.33,1.21,20.88,15.35,4.15,4.33,4.2,1,3,36,17,20,73,8,4,3,0,10,1,14,21,32,49,5,10,17,22,14,14,34,16,3,1.36,2.09,0.83,2,2,0,74.23,53,54.02,6,0.63,0.53,1.08,3.83,3.86,3.8,601,80,60,84,377,95,110,78,318,17,22,116905,10,12,6,20,183.22,14.29,13.94,14.47,14.11,185,71,87,343,13,15,2,199,46,11,6.03,5.37,2.88,3,7,3,348.39,256,260.35,2.61,2.42,2.42,14.48,14.65,14.43,205.98,14,13.73,13.93,13.66,209,80,100,389,11,15,6,232,49,8,6.28,5.58,2.15,5,2,4,383.96,289,285.46,2.78,2.32,2.52,14.26,14.12,13.94,95.2,95.67,1884,1706
Karl Alzner,96327,2073,18.4,0.4,0.54,0.41,0.56,0.42,0.56,283,79.36,2.96,4.58,20.65,2.62,49.16,39.04,2.93,3.01,2.98,5,5,80,39,41,160,13,3,2,0,21,2,34,57,77,116,14,28,0,105,17,51,113,5,1,2.24,0.51,0.21,3,0,0,162.84,119,121.13,43,0.94,0.19,0.03,3.88,3.95,3.9,2073,191,409,424,1049,223,228,279,1343,0,0,198462,28,16,8,160,635.68,55.38,53.91,56.28,54.81,640,247,284,1171,65,44,8,671,169,47,19.7,20.56,15.11,25,24,16,1197.4,887,906.65,8.66,9.13,9.3,54.73,55.63,54.91,886.34,82.76,79.16,82.14,78.56,852,386,444,1682,61,72,12,921,236,81,27.12,28.97,26.65,13,23,25,1651.72,1238,1220.68,14.86,14.95,15.52,82.1,81.42,79.31,172.46,144.04,3438,2649
Ivan Barbashev,21224,489,10.44,0.56,0.51,0.52,0.48,0.52,0.48,278,21.55,2.72,1.8,4.46,0.71,12,8.33,2.68,2.83,2.78,4,3,20,10,11,41,12,5,3,0,6,1,9,6,15,25,1,2,83,34,9,3,15,12,3,0.63,1.44,0.65,1,2,2,42.62,30,31.36,3,0.38,0.45,0.47,2.63,2.72,2.7,489,46,49,63,331,79,66,56,288,83,124,87693,2,10,5,14,165.69,13.64,13.16,13.84,13.36,168,68,82,318,16,14,3,179,47,10,4.88,5.34,3.42,4,6,6,323.75,236,240.32,2.58,2.1,2.1,14.11,14.36,14.01,156.93,10.69,10.33,10.48,10.12,158,60,80,298,9,11,1,183,26,9,4.75,3.33,2.61,6,2,1,291.73,218,214.27,1.9,2.37,2.62,9.97,9.78,9.55,65.8,63.14,1262,1390
Luca Sbisa,93346,2011,8.58,0.39,0.47,0.41,0.51,0.39,0.5,333,72.94,3.59,4.06,19.19,2.42,41.95,33.8,3.55,3.58,3.54,4,7,75,30,92,197,13,2,2,1,19,5,37,40,73,103,17,40,0,130,19,50,94,8,3,1.96,0.79,0.84,0,1,1,193.55,105,103.83,42,0.83,0.42,0.24,4.17,4.15,4.12,2011,176,287,297,1251,247,263,301,1200,0,0,205427,40,28,11,122,574.95,46.46,45.58,46.23,45.35,591,206,309,1106,46,28,7,610,149,38,16.38,18.48,11.6,13,18,15,1090.53,797,787.33,7.74,6.42,6.29,47.9,47.59,47.16,869.62,73.76,71.66,73.95,71.85,882,339,356,1577,72,39,7,935,236,50,27.18,28.14,18.45,20,31,21,1591.63,1221,1228.31,13.66,10.13,10.48,76.94,77.28,75.49,151.97,169.92,3134,2985
Adam Larsson,94235,2026,24.65,0.47,0.54,0.47,0.52,0.48,0.53,248,81.88,3.06,4.67,22.41,2.86,50.15,38.86,2.97,3.06,2.98,3,12,82,40,77,199,18,3,4,0,22,1,53,39,79,119,25,55,0,251,28,70,117,3,2,1.94,0.41,0.7,3,0,0,198.85,122,121.64,64,0.94,1.03,0.81,3.2,3.17,3.11,2026,179,289,334,1224,259,296,300,1171,0,0,190230,55,19,8,160,759,70.82,69.06,71.24,69.46,760,292,332,1384,76,51,13,780,202,70,22.43,24.34,24.05,25,28,23,1392.23,1052,1057.19,10.3,11.57,12.39,68.72,69.01,68.17,824.8,78.27,73.14,78.5,73.35,818,328,426,1572,73,67,12,839,234,73,24.97,28.38,24.92,21,32,20,1562.36,1146,1143,12.64,16.59,16.6,74.31,74.41,72.09,170.23,145.65,3092,2833
Teemu Pulkkinen,7411,179,0.94,0.46,0.48,0.49,0.47,0.5,0.47,144,11.23,1.02,0.81,2.25,0.36,6.08,4.48,1,1.03,1.02,0,0,10,5,5,20,2,2,1,0,1,0,7,4,8,13,3,6,0,4,2,6,8,7,0,0.18,0.84,0,0,2,0,20.26,15,15.16,5,0.18,0.05,0,1.19,1.21,1.19,179,21,4,25,129,32,28,25,94,0,1,39718,6,4,2,3,57.64,4.69,4.55,4.91,4.75,52,28,28,108,6,6,2,60,16,4,1.63,1.88,1.18,1,2,3,110.76,80,81.76,0.86,1.14,1.14,4.42,4.55,4.5,58.79,5.56,5.29,5.46,5.21,62,18,34,114,8,7,1,56,17,7,1.57,2.24,1.75,4,3,1,113.53,80,79.88,0.87,1.55,1.55,4.88,4.83,4.76,28.59,30.84,572,642
Kalle Kossila,414,11,0.32,0.83,0.6,0.78,0.55,0.67,0.57,11,0.71,0.02,0.04,0.29,0.04,0.36,0.26,0.02,0.02,0.02,0,0,1,0,1,2,0,0,0,0,1,0,0,0,1,1,0,0,3,1,0,0,1,0,0,0.02,0,0,0,0,0,1.82,1,0.97,0,0.01,0,0,0.03,0.02,0.02,11,2,0,1,8,0,3,1,7,3,4,3186,0,0,0,0,2.93,0.14,0.14,0.13,0.13,2,2,3,7,0,0,0,3,1,0,0.06,0.09,0,0,0,0,6.31,4,3.7,0.04,0,0,0.18,0.17,0.17,1.4,0.03,0.03,0.03,0.03,2,0,0,2,0,0,0,2,0,0,0.03,0,0,0,0,0,2.21,2,2.2,0.01,0,0,0.04,0.05,0.05,2.23,1.51,47,38
Andrew Poturalski,1472,34,-1.07,0.17,0.49,0.34,0.57,0.33,0.56,21,0.7,0.07,0.05,0.13,0.02,0.42,0.3,0.07,0.07,0.07,0,0,1,0,0,1,0,0,0,0,0,0,1,0,1,1,0,0,12,1,1,0,1,0,0,0.07,0,0,0,0,0,0.97,1,0.96,0,0.01,0,0,0.08,0.08,0.08,34,6,2,6,20,6,5,5,18,12,12,5728,0,0,0,1,9.24,0.49,0.49,0.46,0.46,7,6,4,17,0,1,0,11,2,0,0.32,0.18,0,0,0,0,15.51,13,12.1,0.11,0.03,0.03,0.57,0.53,0.53,19.55,2.38,2.15,2.48,2.24,18,9,6,33,3,4,2,15,10,2,0.56,1.28,0.54,1,1,1,35.36,27,28.56,0.3,0.8,0.8,1.88,1.93,1.86,3.44,3.62,95,73
Daniel Winnik,54982,1265,25.58,0.41,0.52,0.43,0.53,0.43,0.53,628,78.93,8.96,5.24,16.49,2.53,39.42,38.38,8.69,9.02,8.75,10,3,78,33,18,129,23,10,11,5,14,1,30,45,68,101,15,39,9,25,30,28,77,22,12,2.42,2.69,3.84,1,4,5,131.01,111,112.77,18,1.11,1.9,2.61,7.45,7.49,7.42,1265,111,255,231,668,205,191,179,690,9,11,203306,39,47,19,34,344.8,30.01,29.24,30.45,29.68,357,130,165,652,30,30,6,362,101,24,9.95,12.01,8.05,9,11,10,665.6,487,496.09,4.6,5.7,5.7,28.91,29.35,29,460.68,43.85,42.29,43.4,41.86,436,201,231,868,35,40,6,476,114,47,13.4,13.86,16.58,7,13,15,854.75,637,628.49,7.91,8.78,8.78,42.98,42.6,41.62,167.68,153.85,3383,2955
Anton Stralman,100304,1963,32,0.5,0.54,0.48,0.53,0.48,0.53,142,122.23,7.98,7.89,29.58,3.91,77.26,56.38,7.49,7.9,7.41,8,9,130,53,74,257,22,5,15,1,34,7,56,66,125,178,10,20,0,106,26,27,164,14,5,3.55,1.77,2.66,0,3,2,254.01,183,180.89,22,1.66,4.19,0.24,9.4,9.33,8.81,1963,271,358,390,944,267,267,364,1065,0,0,166584,20,18,9,96,790.59,83.73,80.44,83.63,80.34,774,331,340,1445,71,51,10,775,256,74,22.95,30.93,29.86,20,27,24,1437.94,1105,1100.2,12.27,11.7,12.43,83.57,83.39,81.35,851.38,84.67,81.89,85.17,82.38,875,325,347,1547,83,51,10,889,233,78,25.83,28.41,30.43,28,22,33,1558.24,1200,1209.08,13.64,12.44,12.63,85.68,86.02,84.29,134.34,114.07,2704,2359
Viktor Stalberg,54878,1366,18.7,0.48,0.54,0.47,0.53,0.46,0.52,711,103.83,10.56,6.41,23.63,3.46,53.57,44.37,10.33,10.71,10.48,5,0,101,41,39,181,16,11,7,2,33,3,42,46,90,131,19,41,0,141,37,27,101,29,12,3.23,3.66,3.67,1,5,5,183.87,142,144.37,13,1.36,1.39,2.17,9.77,9.91,9.84,1366,162,151,205,848,230,187,198,751,0,3,219586,41,35,16,28,396.77,33.83,32.75,34.08,33,386,164,207,757,23,32,4,426,89,35,11.87,11.41,10.55,7,8,8,760.58,550,553.63,5.42,6.75,6.69,32.55,32.82,32.44,454.89,35.97,34.99,36.09,35.09,448,190,216,854,39,28,5,498,117,23,14.12,14.28,7.57,12,19,8,854.91,638,637.69,6.68,4.65,5.05,37.6,37.64,36.91,188.14,158.53,3570,3225
Seth Griffith,18337,421,8.04,0.59,0.42,0.58,0.49,0.57,0.49,205,27.45,3.53,2.13,6.88,1.04,15.97,10.46,3.35,3.54,3.37,4,1,21,19,10,50,5,0,6,0,7,0,18,9,21,40,4,8,2,30,5,6,19,17,4,0.52,1.95,1.05,0,0,0,50,40,40.25,1,0.47,0.3,1.25,2.75,2.76,2.67,421,83,31,66,241,76,79,63,203,2,6,70205,8,8,4,5,182,17.19,16.52,17.18,16.52,183,74,68,325,14,24,7,184,58,15,5.03,7,5.17,4,2,8,322.98,257,256.51,2.76,4.62,4.95,15.01,14.97,14.64,137.61,11.74,11.52,11.78,11.56,148,44,44,236,4,9,1,134,49,9,3.67,5.33,2.74,1,1,2,237.76,192,192.68,1.83,2.14,2.14,11.43,11.46,11.34,48.46,67.43,1113,1136
Viktor Arvidsson,82343,1906,78.87,0.54,0.5,0.57,0.49,0.56,0.48,366,250.92,24.42,16.97,56.18,7.98,132.72,102.73,23.84,24.55,23.95,14,16,246,95,71,412,61,31,11,3,44,14,114,127,215,310,14,28,4,23,37,26,250,68,23,8.02,8.46,7.95,10,13,8,413,341,342.19,10,3.66,2.53,2.16,25.94,26.04,25.53,1906,350,203,341,1012,295,307,346,958,4,12,209602,28,52,26,45,852.5,75.64,71.73,75.93,71.98,833,353,373,1559,87,54,7,921,196,69,26.68,22.97,25.98,37,30,20,1562.94,1186,1188.89,12.67,12.54,12.98,75.34,75.5,73.31,678.08,63.32,60.95,63.4,61.06,682,257,260,1199,68,51,9,710,159,70,20.05,19.36,23.91,21,20,27,1198.36,939,940.63,9.94,10.74,10.82,62.44,62.63,61.21,149.12,149.97,3111,3264
Keith Yandle,107114,2075,43.5,0.52,0.47,0.55,0.49,0.54,0.5,167,178.99,8.51,10.86,43.07,5.99,109.12,84.44,7.69,8.48,7.67,19,17,174,88,127,389,40,4,7,2,58,8,88,97,170,258,18,39,0,28,24,76,245,11,6,5.09,1.1,2.32,2,2,0,387.69,262,261.23,55,2.47,1.97,0.61,10.38,10.35,9.45,2075,311,191,390,1183,212,256,301,1306,0,0,189432,39,43,20,74,1015.52,94.18,89.66,94.31,89.78,1050,382,438,1870,84,79,18,1093,261,78,32.01,31.24,30.93,31,28,25,1869.61,1432,1432.49,15.68,16.03,16.31,93.55,93.61,89.96,880.77,88.01,84.58,88.18,84.76,926,304,283,1513,77,84,15,895,238,97,25.19,27.32,35.49,26,20,31,1520.36,1230,1235.02,12.67,19.85,20.34,80.34,80.46,79.09,130.02,146.46,2739,2805
Ben Harpur,6409,151,0.82,0.45,0.55,0.51,0.55,0.48,0.57,24,2.13,0.06,0.13,0.59,0.08,1.31,1.84,0.06,0.06,0.06,0,0,3,1,7,11,0,0,0,0,0,1,1,2,3,4,0,0,0,5,2,5,4,0,0,0.06,0,0,0,0,0,10.71,4,3.94,3,0.03,0,0.03,0.06,0.06,0.06,151,14,21,19,97,15,11,27,98,0,0,16091,0,2,1,3,46.08,3.58,3.41,3.63,3.45,44,20,25,89,4,7,0,50,12,2,1.43,1.65,0.5,3,1,0,89.05,64,63.94,0.58,1.06,1.06,3.1,3.13,3.09,49.19,4.34,4.28,4.34,4.29,42,26,17,85,6,0,0,54,11,3,1.65,1.23,1.45,2,3,1,84.99,68,68.28,0.67,0,0,5,5.01,4.94,10.99,8.88,268,219
Ryan Dzingel,69926,1562,32.55,0.56,0.49,0.52,0.47,0.51,0.48,602,119.18,16.23,9.4,24.73,4.02,60.65,43.97,15.44,16.39,15.6,13,5,123,36,44,203,32,14,16,2,26,4,52,47,109,145,12,30,9,71,23,25,81,60,18,3.05,7.64,5.54,4,8,2,203.19,159,160.41,11,2.06,4,4.85,13.45,13.61,13.37,1562,224,151,215,972,297,247,234,784,9,21,225811,30,48,21,21,607.2,57.21,54.93,57.27,55,614,223,315,1152,53,58,7,616,163,58,17.35,19.95,19.91,20,21,12,1149.69,837,837.19,8.91,13.59,13.86,52.27,52.42,51.48,566.26,45.88,44.69,45.88,44.7,577,216,272,1065,40,41,5,620,136,37,18.28,16.63,10.96,19,13,8,1069.98,793,796.08,7.76,6.95,7.52,46.1,46.02,45.3,156.42,164.99,3358,3742
Boyd Gordon,6379,184,0.15,0.29,0.53,0.36,0.55,0.38,0.55,149,7.96,1.04,0.55,1.91,0.22,3.72,2.56,0.85,1,0.82,0,0,8,2,3,13,1,1,2,0,3,2,2,0,7,9,1,2,48,4,2,0,7,1,2,0.29,0.17,0.58,1,0,0,12.72,10,9.94,0,0.12,0.44,0.64,0.52,0.51,0.48,184,24,38,18,104,25,21,32,106,48,38,41213,2,0,0,7,37.05,3.14,2.79,3.13,2.8,37,14,21,72,2,6,0,39,10,2,1.18,1.37,0.58,2,0,0,71.29,51,51.11,0.48,1.16,1.16,2.45,2.47,2.37,60.2,7.66,7.23,7.8,7.36,58,25,45,128,12,9,6,54,18,11,1.41,2.32,3.93,1,4,7,129.59,83,83.97,1.11,3.01,3.01,5.77,5.84,5.73,34.94,31.02,703,572
Martin Marincin,27071,625,7.95,0.48,0.53,0.44,0.51,0.42,0.52,100,26.1,0.87,1.52,7.71,0.86,15.81,12.23,0.86,0.89,0.88,2,4,22,17,28,67,7,1,2,0,3,0,21,12,21,38,8,16,0,25,7,15,38,1,0,0.77,0.1,0,1,0,0,68.98,39,40.4,11,0.3,0.41,0.03,1.15,1.18,1.16,625,60,93,95,377,77,87,84,377,0,0,64171,16,14,7,27,215.31,21.52,20.77,21.75,21.01,201,95,111,407,21,15,4,207,66,23,6.47,8.39,6.66,7,5,9,411.43,296,300.36,2.96,3.49,3.84,20.64,20.9,20.41,289.23,23.74,23.07,23.53,22.88,276,128,108,512,22,15,4,312,73,19,8.88,8.34,6.52,8,9,5,509.07,404,400.47,4.57,2.9,2.9,25.4,25.2,24.7,55.42,49.29,1083,1029
Auston Matthews,86745,1894,78.45,0.6,0.46,0.57,0.47,0.57,0.47,268,290.66,35.78,21.16,59.91,9.44,156.33,106.38,34.36,36.2,34.76,20,9,279,110,87,476,69,40,26,9,49,10,118,146,239,349,6,14,530,21,76,44,221,128,40,8.01,15.28,12.5,5,17,18,481.68,389,393.79,22,4.72,6.15,8.13,32.36,32.62,31.88,1894,386,118,319,1071,321,275,315,983,530,602,212756,14,44,22,61,927.53,98.84,94.56,99.4,95.09,894,376,415,1685,86,74,16,869,302,99,26.87,36.48,35.48,18,27,41,1699.16,1270,1281.2,14.47,17.93,19.12,94.19,94.47,91.83,706.63,65.37,63.44,65.17,63.27,690,285,291,1266,55,53,6,708,208,59,22.05,24.88,18.46,28,14,13,1253.73,975,965.01,9.49,11.46,11.46,63.41,63.4,62.47,168.79,195.09,3304,3702
Cedric Paquette,40102,950,12.81,0.42,0.52,0.44,0.53,0.44,0.52,553,72.88,8.34,5.41,15.94,2.27,38.97,28.07,7.76,8.32,7.74,3,3,68,31,33,132,10,4,5,2,17,2,36,35,64,95,19,50,200,144,17,8,68,23,8,2.74,2.75,2.85,1,1,2,131.37,99,98.65,6,1.18,1.5,2.45,7.07,7.07,6.93,950,85,191,175,499,160,150,142,498,200,234,171403,50,47,18,46,280.98,23.06,21.91,23.07,21.92,268,122,151,541,14,19,3,302,70,18,8.88,8.46,5.72,5,6,3,536.17,390,387.36,3.87,4.66,4.7,22.23,22.23,21.76,356.46,32.19,30.88,32.03,30.75,356,146,179,681,33,32,7,376,99,27,10.76,12,9.44,12,11,10,678.28,502,500.58,5.79,6.57,6.53,31.45,31.42,30.65,142.49,131.46,2718,2436
Deryk Engelland,89083,1943,17.23,0.35,0.54,0.4,0.55,0.4,0.54,337,96.84,3.51,5.04,25.55,3.18,58.13,45.59,3.44,3.54,3.46,6,6,107,34,77,218,16,4,7,1,30,1,40,59,103,137,24,75,1,135,19,49,131,9,1,2.24,1.01,0.26,2,1,1,217.14,141,141.12,38,1.02,1.46,0.28,4.24,4.25,4.17,1943,153,399,312,1079,292,287,288,1076,1,0,205753,75,71,22,134,550.54,43.74,43.01,43.86,43.13,569,206,272,1047,47,27,7,598,139,38,16.43,16.4,10.91,15,18,14,1046.98,775,775.51,7.22,5.33,5.6,45.36,45.46,44.99,855.31,82.18,78.89,82.4,79.1,852,333,401,1586,75,71,15,882,225,78,24.27,27.43,30.49,21,31,23,1586.49,1185,1187.64,14.33,19.29,20.55,75.97,76.08,74.53,173.45,147.72,3403,2797
Patrice Bergeron,92009,1939,87.61,0.66,0.51,0.62,0.51,0.63,0.51,197,281.85,30.27,20.15,62.7,9.65,158.22,112,28.65,30.38,28.75,21,11,302,91,87,480,53,21,17,4,73,12,131,139,281,372,12,24,1089,54,65,23,262,107,24,8.64,12.81,8.83,5,9,7,483.36,393,394.89,7,4.59,3.82,3.66,31.21,31.31,30.19,1939,368,333,329,909,201,176,327,1235,1089,723,195038,24,14,7,47,1027.57,111.61,103.76,112.05,104.18,1038,397,433,1868,102,70,22,1035,290,110,29.7,35.66,46.25,27,24,51,1883.72,1435,1445.25,16.75,18.99,19.76,108.59,109.03,104.28,605.44,57.8,55.61,58.04,55.84,604,243,294,1141,61,36,6,631,157,59,17.37,19.12,21.3,15,22,24,1136.92,847,845.74,9.81,7.86,8.33,59.28,59.4,58.09,133.15,129.98,2982,2878
Tommy Wingels,45288,1133,12.12,0.43,0.53,0.44,0.52,0.46,0.53,773,73.59,6.96,5.24,16.23,2.43,40.03,29.11,6.73,7.06,6.83,4,1,80,20,15,115,12,7,8,0,16,4,30,35,73,93,12,27,111,125,12,15,68,30,2,2.36,4.08,0.52,2,4,1,117.83,100,102.06,7,1.1,1.08,0.19,7.87,7.99,7.76,1133,109,86,150,788,166,142,137,688,111,149,216727,27,33,15,46,311.73,23.62,23.01,23.95,23.35,316,119,154,589,18,16,1,344,78,13,9.64,10.14,3.85,6,7,5,600.24,435,442.11,4.16,2.69,2.76,25.02,25.43,25.01,365.21,30.76,30.16,30.57,29.97,356,158,231,745,39,18,3,381,112,21,10.64,13.33,6.78,13,15,11,738.61,514,511.29,5.38,3.96,3.96,32.18,32.01,31.55,177.57,159.37,3641,3325
Ryan Strome,60476,1265,20.75,0.55,0.47,0.54,0.45,0.54,0.46,461,111.03,10.93,8.73,25.74,4.23,62.74,43.64,10.67,10.87,10.61,10,7,114,42,47,203,30,13,6,4,27,2,45,63,101,143,17,40,147,59,33,32,112,36,8,3.58,4.5,2.85,4,5,4,203.82,156,156.67,11,2.03,1.6,2.61,10.36,10.3,10.15,1265,234,110,205,716,188,172,171,734,147,197,190943,40,22,8,21,546.31,48.9,46.92,48.76,46.8,555,213,270,1038,47,42,11,583,144,41,16.13,17.14,15.63,18,11,18,1036.83,768,768.75,9.65,9.6,9.73,48.76,48.66,47.14,465.09,39.78,38.9,39.9,39.02,461,196,224,881,37,26,5,509,116,32,14.61,14.45,10.73,19,9,9,878.44,657,654.77,6.19,6.41,6.53,39.44,39.53,39.02,146.02,163.2,2838,3420
Gabriel Landeskog,80080,1704,36.84,0.46,0.45,0.54,0.47,0.52,0.46,217,156.67,17.82,11.73,31.76,5.28,88.09,63.33,17.26,17.71,17.15,7,8,166,52,44,262,33,18,12,2,32,9,64,83,148,200,23,58,61,142,63,36,153,49,16,4.77,5.9,7.15,8,6,4,256.14,218,213.92,14,2.67,2.13,2.2,18.3,18.14,17.67,1704,283,256,282,883,257,221,258,968,61,62,177060,58,58,24,40,672.55,60.54,57.75,60.05,57.29,677,278,337,1292,49,55,9,736,166,53,21.05,19.88,19.61,23,12,14,1266.25,955,940.6,11.49,11.79,12.05,59.98,59.48,57.96,618.86,69.83,65,70.54,65.67,651,229,243,1123,82,42,12,655,144,81,18.67,17.23,33.93,27,18,37,1150.87,880,897.48,9.58,9.88,10.25,69.15,69.88,66.83,105.31,130.87,2421,2774
Alex Killorn,87494,1833,40.59,0.52,0.52,0.54,0.5,0.53,0.5,359,175.2,18.23,12.2,37.07,5.4,97.9,72.2,17.72,18.34,17.79,11,6,177,66,54,297,36,19,12,5,36,9,77,90,158,224,30,66,4,99,33,43,165,64,14,5.34,7.8,5.08,5,8,6,297.77,243,243.58,25,2.69,2.4,2.46,18.45,18.44,18.12,1833,320,219,319,975,307,281,303,942,4,8,208194,66,58,26,25,739.93,70.41,68.26,70.49,68.32,733,314,365,1412,71,43,8,773,219,55,22.85,25.83,21.72,24,23,24,1408.25,1047,1045.64,11.79,8.12,8.12,74.08,73.98,72.16,667.16,66.14,63.94,66.29,64.1,687,246,271,1204,64,44,7,673,203,57,19.8,24.59,21.76,23,22,19,1205.58,933,935.2,10.36,10.08,10.41,66.1,66.28,64.99,167.68,157.28,3149,3154
Joel Edmundson,73562,1777,15.47,0.42,0.52,0.45,0.51,0.45,0.51,307,77.83,2.84,4.5,22.08,2.63,47.23,37.72,2.74,2.85,2.74,5,7,81,36,54,171,15,3,3,1,26,2,32,51,78,114,24,60,0,122,7,26,111,5,1,2.01,0.53,0.3,2,1,0,170.37,117,116.52,23,0.89,0.43,0.63,3.11,3.09,3.04,1777,192,245,265,1075,223,294,216,1044,0,0,176971,60,30,8,95,519.57,41.54,40.42,42.18,41.05,541,193,262,996,45,33,5,572,134,28,16.18,15.79,9.58,15,16,14,1006.2,734,742.93,7.05,5.57,5.29,43.31,43.99,43.38,651.36,56.23,53.65,56.04,53.46,641,268,316,1225,42,47,5,681,178,50,18.17,22.06,16,19,14,9,1214.42,909,902.46,9.63,9.92,10.04,55.82,55.61,54.24,132.03,120.45,2603,2496
Ivan Provorov,108132,2337,36.02,0.45,0.56,0.47,0.55,0.48,0.55,154,152.13,7.39,9.08,38.56,4.76,88.12,72.1,7.3,7.34,7.25,15,9,161,59,111,331,30,6,21,1,40,8,63,82,155,214,15,34,0,111,23,81,201,17,2,4.97,1.77,0.65,5,1,0,329.27,220,218.21,60,1.98,3.42,0.21,9.17,9.12,9.01,2337,223,372,381,1361,300,241,344,1452,0,0,192330,34,18,9,166,790.41,66.96,65.23,66.72,64.98,806,298,407,1511,60,63,12,847,207,50,24.33,24.97,17.66,19,19,22,1504.42,1104,1097.64,11.1,11.93,11.19,66.88,66.71,65.94,864.24,83.45,81.13,83.94,81.61,846,356,519,1721,89,69,12,882,251,69,25.83,30.96,26.66,22,35,32,1725.04,1202,1207.3,13.27,14.1,14.74,81.98,82.43,81.05,178.09,139.9,3451,2832
Jack Johnson,107366,2296,30.31,0.47,0.53,0.45,0.52,0.45,0.52,227,103.86,4.46,6.25,26.54,3.37,61.53,49.85,4.25,4.49,4.28,6,12,116,36,72,224,23,5,10,1,22,9,46,60,111,147,15,32,1,94,20,27,145,6,1,3.58,0.67,0.2,4,1,0,225.91,152,152.37,21,1.3,2.52,0.29,5.48,5.51,5.26,2296,229,464,382,1221,352,326,361,1257,1,0,190815,32,28,14,134,858.13,76.76,73.99,77.47,74.7,895,283,355,1533,78,68,13,866,241,71,24.86,30.07,21.83,31,25,22,1552.14,1178,1189.82,11.81,13.7,13.91,74.66,75.35,73.8,1022.36,87.57,84.79,87.68,84.88,1029,387,472,1888,69,73,8,1079,265,72,30.42,32.09,25.06,27,25,17,1869.87,1416,1406.48,15.93,15.97,16.73,86.78,86.81,84.93,158.04,139.61,3032,2757
Christoph Bertschy,2440,65,0.28,0.49,0.51,0.42,0.51,0.4,0.48,56,3.84,0.34,0.28,0.77,0.1,2.1,1.41,0.33,0.33,0.33,0,1,5,0,0,5,1,0,1,0,2,0,2,0,5,5,2,4,0,7,0,0,3,2,0,0.08,0.26,0,0,0,0,5.18,5,5.13,0,0.06,0.15,0,0.4,0.39,0.39,65,9,3,7,46,11,11,5,38,0,0,15797,4,0,0,3,12.95,0.97,0.95,0.98,0.95,15,2,8,25,1,1,0,11,6,0,0.21,0.77,0,0,1,0,25.87,17,17.32,0.17,0.15,0.15,0.99,1.01,1,17.53,1,0.99,0.98,0.98,20,5,10,35,1,2,0,22,3,0,0.57,0.43,0,1,0,0,34.15,25,24.53,0.22,0.1,0.1,1.12,1.11,1.1,9.67,9.33,248,242
Julian Melchiori,19837,411,2.33,0.44,0.54,0.44,0.49,0.46,0.51,69,14.88,0.36,0.88,3.9,0.45,9.47,7.95,0.35,0.36,0.36,1,1,15,8,10,33,2,0,0,0,8,1,8,6,15,23,4,8,0,30,4,18,23,0,0,0.36,0,0,0,0,0,32.81,23,22.91,17,0.18,0,0.06,0.47,0.47,0.46,411,28,63,82,238,55,54,48,254,0,0,45958,8,2,1,31,142.39,11.91,11.55,12.01,11.66,146,50,59,255,11,9,1,151,37,8,4.7,4.83,2.37,3,7,1,256.06,196,197.03,1.89,2.08,2.08,11.72,11.88,11.79,167.25,15.06,14.24,14.85,14.04,169,65,88,322,12,13,5,176,46,12,5.65,5.43,3.97,5,2,5,319.31,234,232.18,2.42,3.05,3.05,14.43,14.23,13.81,41.09,35.33,717,739
Henrik Sedin,93680,1928,35.44,0.5,0.42,0.56,0.45,0.54,0.44,236,94.91,11.76,6.91,19.31,3.11,50.4,37.52,11.32,11.7,11.26,13,22,99,30,31,160,50,15,5,3,22,4,33,50,84,114,13,28,611,15,29,52,80,33,16,2.8,3.89,5.06,1,10,4,157.53,129,127.17,16,1.58,1.81,2.81,10.53,10.51,10.29,1928,418,178,338,994,274,243,303,1108,611,635,205093,28,18,8,11,785.38,71.01,67.36,70.72,67.1,809,297,407,1513,65,36,11,835,204,67,22.83,24.35,23.82,16,29,20,1497.49,1106,1095.79,13.28,9.78,10.16,74.13,73.84,71.82,678.74,69.67,67.93,70.56,68.82,706,234,245,1185,76,39,15,673,203,64,20.82,24.55,24.3,23,29,24,1203.99,940,954.99,9.55,8.32,9.09,70.15,71.16,70,127.4,174.02,2727,3377
Austin Czarnik,38267,909,18.66,0.58,0.57,0.57,0.55,0.58,0.56,411,70.72,5.59,5.08,14.98,2.16,41.05,30.15,5.42,5.68,5.52,5,3,66,33,20,119,13,5,4,1,21,1,22,46,61,94,6,12,57,19,19,11,77,19,3,2.46,2.45,0.67,2,2,1,119.81,99,99.44,3,1.1,0.84,0.26,6.43,6.53,6.37,909,134,58,134,583,140,128,110,531,57,76,140071,12,26,13,25,334.53,27.26,26.23,27.34,26.31,320,144,168,632,19,12,4,364,80,20,9.89,9.83,7.54,7,6,6,634.41,464,465.43,4.96,2.31,2.31,29.92,30.01,29.17,239.26,20.14,19.66,20.05,19.57,245,94,136,475,23,13,2,252,66,21,6.42,7.79,5.92,7,12,4,469.94,339,337.14,3.45,2.73,3.08,20.52,20.4,20.12,124.26,92,2495,2012
Jake Muzzin,109688,2472,49.7,0.54,0.51,0.56,0.54,0.56,0.54,234,174.74,8.46,10.72,46.08,5.86,109.43,78.45,7.92,8.41,7.87,9,10,184,75,129,388,28,9,9,0,64,10,81,86,175,250,22,46,0,162,15,70,247,8,4,5.18,0.92,2.36,5,1,3,384.1,259,257.08,53,2.37,2.07,0.92,9.91,9.86,9.57,2472,345,354,331,1442,342,321,349,1460,0,0,189021,46,30,15,122,1032.66,90.71,87.03,90.32,86.65,979,461,513,1953,75,78,11,1091,275,74,30.32,33.59,26.81,33,19,23,1938.3,1440,1429.83,15.72,16.37,17.49,88.95,88.68,86.45,814.63,76.83,74.6,77.42,75.16,762,365,393,1520,90,48,15,831,225,71,24.57,27.11,25.16,32,30,28,1536.94,1127,1139.54,12.11,9.98,9.98,78.97,79.52,78.16,139.63,132.77,3058,2619
Robby Fabbri,47764,1101,29.14,0.5,0.48,0.56,0.48,0.56,0.49,311,93.52,9.82,6.35,20.35,2.98,50.06,36.44,9.62,9.81,9.61,12,6,91,35,34,160,29,11,5,0,20,2,36,52,80,115,12,27,13,64,20,8,82,38,6,2.84,4.33,2.65,1,6,4,159.02,126,125.55,3,1.37,0.82,0.47,10.73,10.71,10.57,1101,199,77,180,645,166,178,207,550,13,11,137598,27,33,15,14,419.39,33.99,33.06,33.96,33.02,402,183,202,787,44,19,3,457,108,20,13.35,12.6,8.04,18,16,10,780.43,585,582.44,6.3,2.44,2.51,37.79,37.68,37.06,338.58,33.92,32.77,34.45,33.3,338,125,143,606,42,22,5,332,97,34,9.62,11.81,12.47,13,14,15,615.4,463,469.49,4.7,4.85,4.98,33.64,34.16,33.44,92.23,98.16,1873,2003
Paul Martin,92208,1994,30.68,0.46,0.54,0.48,0.53,0.48,0.54,293,49.57,1.5,2.79,13.18,1.74,31.75,25.05,1.49,1.51,1.5,5,17,57,19,49,125,26,4,3,0,21,0,17,31,53,72,10,20,0,41,34,55,75,1,0,1.42,0.08,0,4,0,0,125.16,76,76.24,34,0.56,0.43,0.04,2.02,2.03,2.01,1994,221,228,315,1230,282,238,316,1158,0,0,197870,20,4,2,122,751.51,67.74,65.94,68.04,66.24,741,346,414,1501,62,57,12,818,208,61,23.68,25.54,18.53,29,19,14,1517.51,1087,1097.9,10.7,11.08,11.74,66.71,66.93,66.03,849.84,80.73,77.53,80.4,77.28,817,363,434,1614,69,63,13,857,251,72,24.75,30.83,25.16,23,21,25,1597.82,1180,1169.86,13.15,14.3,14.53,79.34,79.06,77.31,162.87,137.27,3274,2893
Tom Wilson,62784,1436,23.34,0.42,0.52,0.43,0.54,0.43,0.53,722,85.05,9.43,6.12,18.64,2.77,44.02,37.02,9.2,9.67,9.44,4,8,95,23,48,166,19,7,5,0,34,3,36,33,88,111,40,109,3,234,36,21,73,36,9,2.48,4.68,2.26,2,2,3,169.46,118,120.31,10,1.29,0.66,1.71,9.01,9.23,9.12,1436,123,284,257,772,224,213,236,763,3,7,232005,109,112,41,44,380.73,34.77,34.06,35.42,34.7,394,146,218,758,32,31,4,383,130,27,10.87,15.79,8.1,7,17,8,779.03,540,553.08,5.23,5.52,5.25,34.69,35.36,35.01,515.88,47.8,45.39,47.29,44.9,493,225,271,989,41,41,8,548,119,51,15.83,14.48,17.49,12,14,15,971.92,718,707.78,8.46,9.61,10,46.26,45.79,44.24,193.07,179,3851,3342
Jonas Brodin,79838,1694,27.53,0.53,0.55,0.5,0.51,0.5,0.5,249,83.83,3.29,5.15,22.3,2.92,51.71,37.64,3.15,3.38,3.23,8,14,85,38,63,186,25,3,5,0,28,3,33,51,82,120,10,20,0,20,16,29,120,0,3,2.33,0,0.96,2,0,1,188.71,123,125.07,19,1.09,1.03,0.59,3.79,3.83,3.74,1694,187,208,267,1032,219,250,234,991,0,0,167016,20,16,7,89,630.97,55.14,53.44,56.05,54.31,646,236,282,1164,65,47,12,670,170,42,18.31,20.8,16.02,21,23,21,1182.43,882,895.13,9.57,11.43,11.69,53.02,53.68,52.98,626.9,48.4,46.71,47.92,46.23,629,255,300,1184,54,41,8,707,135,42,18.82,16.15,13.44,24,17,13,1170.91,884,875.43,9.41,8.07,8.4,49.41,48.88,47.61,138.84,114.23,2627,2575
Jack Eichel,72908,1343,53.46,0.54,0.42,0.54,0.43,0.55,0.43,156,250.42,22.28,16.12,55.44,7.56,134.62,96.98,21.52,22.38,21.63,19,14,249,84,95,428,57,24,8,3,40,9,112,140,225,309,11,22,310,26,38,46,248,69,16,7.42,8.16,6.7,10,5,9,427.98,333,333.31,14,3.73,1.84,2.02,23.98,24.03,23.53,1343,263,127,223,730,173,189,267,714,310,486,149208,22,52,26,35,753.4,70.33,66.89,70.4,66.96,756,273,289,1318,75,51,11,732,238,59,21.23,27.89,21.21,27,24,24,1316.29,1029,1027.36,12.33,10.98,11.02,71.64,71.58,69.55,602.07,59.83,58.25,60.06,58.49,635,206,275,1116,59,43,9,613,173,55,18.88,20.35,20.61,13,24,22,1123.64,841,848.02,8.46,9.97,10.14,58.16,58.44,57.53,90.62,126.38,1993,2620
Travis Konecny,59180,1330,31.72,0.51,0.53,0.53,0.52,0.54,0.52,540,136.47,12.25,9.42,32.72,4.63,71.91,52.08,11.96,12.28,11.98,10,7,133,50,51,234,28,11,14,3,35,10,47,66,122,172,18,39,0,92,26,28,139,34,10,4.7,4.3,3.25,6,3,2,233.55,183,183.35,11,2.03,2.81,2.43,11.84,11.87,11.75,1330,197,113,204,816,235,207,219,669,0,5,197563,39,59,27,26,534.93,44.28,42.85,44.15,42.69,539,211,254,1004,43,53,11,582,133,35,16.83,16.32,11.14,15,17,11,997.12,750,745.7,7.81,8.96,8.6,43.49,43.28,42.79,465.15,43.01,42.06,43.57,42.63,482,154,250,886,41,33,6,464,130,42,14.27,16.26,12.48,11,20,10,892.67,636,641.47,6.21,7.18,7.81,41.39,42.02,41.58,164.44,148.01,3193,3000
Miikka Salomaki,3664,84,-0.63,0.31,0.58,0.34,0.53,0.29,0.52,43,3.75,0.25,0.28,1.08,0.19,1.88,1.32,0.22,0.25,0.23,0,0,3,2,3,8,0,0,1,0,1,1,0,2,3,5,1,2,0,14,1,0,4,1,0,0.08,0.17,0,0,0,0,8.47,5,5.2,0,0.06,0.35,0.17,0.14,0.14,0.14,84,9,14,10,51,13,15,10,46,0,0,14421,2,2,1,9,16.48,1.26,1.19,1.3,1.23,17,4,15,36,1,3,0,16,4,1,0.32,0.59,0.35,0,1,0,38.14,21,21.56,0.21,0.63,0.63,0.83,0.89,0.83,36.63,2.84,2.81,2.75,2.72,33,18,19,70,3,2,0,41,8,2,1.17,0.99,0.68,1,2,0,68.53,51,49.91,0.55,0.37,0.39,3,2.92,2.89,15.1,10.9,251,225
David Perron,85106,2019,45.9,0.55,0.49,0.53,0.48,0.53,0.49,376,156.01,15.67,10.96,34.67,5.11,87.08,61.5,15.25,15.89,15.46,16,12,151,64,45,260,46,18,9,3,36,8,71,73,133,197,27,54,32,87,48,21,159,42,14,5.03,5.2,5.44,5,5,8,260.8,215,215.11,10,2.39,1.77,1.85,16.22,16.35,16.15,2019,276,254,303,1186,272,277,320,1150,32,34,212773,54,52,26,28,674.06,63.69,61.92,64.09,62.29,693,255,331,1279,73,42,5,715,170,63,19.62,19.78,24.29,22,22,29,1282.84,948,951.61,10.21,7.82,7.75,66.15,66.47,65.38,615,52.06,50.42,52.11,50.45,590,264,265,1119,56,39,8,661,157,36,18.57,19.61,13.88,22,20,14,1114.91,854,852.45,8.83,6.69,6.79,54.11,54.08,53.33,144.82,153.74,2998,3245
Michael McCarron,18393,453,4.24,0.57,0.52,0.5,0.52,0.51,0.53,338,33.68,2.95,2.24,7.38,0.98,18.23,13.21,2.81,2.95,2.81,3,1,31,14,11,56,5,1,2,0,4,1,14,23,30,44,13,41,76,75,7,6,34,8,3,0.87,0.96,1.13,1,0,0,55.6,45,45.39,5,0.48,0.29,0.66,2.77,2.83,2.78,453,53,30,72,298,67,67,68,251,76,99,94564,41,35,10,11,141.93,13,12.22,13.03,12.31,126,66,62,254,9,12,0,148,27,17,3.83,3.24,5.94,6,0,3,251.41,192,192.51,2.02,2.63,2.63,12.4,12.54,12.34,132.62,9.81,9.75,9.86,9.8,142,46,62,250,11,2,1,147,35,6,4.07,4.31,1.43,3,6,2,250.52,188,188.54,1.77,0.24,0.24,11.35,11.4,11.34,74.05,67.34,1543,1400
Jake Gardiner,105945,2183,48.47,0.58,0.47,0.56,0.47,0.55,0.47,209,126.7,6.32,8.49,33.52,4.25,79.83,57.59,6.04,6.33,6.06,14,20,127,63,136,326,43,9,4,0,38,5,58,76,118,181,18,34,0,69,44,79,178,8,4,4.1,0.91,1.3,5,3,1,328.58,190,191.39,51,1.9,0.98,0.85,7.37,7.37,7.1,2183,331,228,345,1279,278,319,356,1230,0,0,193556,34,14,7,83,1069.44,105.69,101.5,106.04,101.84,1035,450,484,1969,109,60,17,1058,330,97,32.07,40.11,33.51,29,38,42,1983.49,1485,1495.42,16.07,13.89,14.59,107.18,107.47,104.66,867.31,76.82,73.98,76.76,73.97,835,361,340,1536,58,54,10,887,240,69,26.75,28.34,21.72,25,19,14,1532.73,1196,1191.31,11.45,12.77,13.12,75.15,75.31,73.65,161.94,183.65,3020,3432
Denis Malgin,30969,704,12.84,0.51,0.48,0.54,0.51,0.55,0.5,419,57.13,6.4,4.03,12.39,2.01,32.06,23.11,6.24,6.44,6.27,1,3,67,13,19,99,10,6,3,0,22,5,21,23,61,74,4,8,65,34,17,11,53,21,6,2.04,2.31,2.06,4,1,1,99.38,80,80.45,4,0.9,0.5,0.86,6.44,6.46,6.38,704,114,36,97,457,122,98,99,385,65,113,138125,8,29,13,15,271.9,22.53,21.94,22.61,22.03,281,102,104,487,18,15,1,298,73,12,8.87,8.55,5.11,7,6,5,485.99,383,383.57,3.88,3.16,3.25,23.16,23.25,22.78,230.33,21.39,20.83,21.63,21.05,240,79,95,414,17,25,6,227,71,21,7.04,8.46,5.88,7,7,3,418.12,319,320.88,3.1,5.25,5.46,19.03,19.17,18.98,105.24,115.94,2139,2050
Jiri Hudler,22752,552,9.03,0.5,0.48,0.55,0.5,0.55,0.5,311,27.54,2.34,2.21,5.75,0.92,16.2,10.58,2.25,2.36,2.28,5,3,27,11,17,55,11,3,4,0,3,1,14,13,24,35,2,4,3,9,12,7,26,10,2,0.75,0.94,0.65,1,1,1,54.47,38,37.78,0,0.49,1,0.51,2.32,2.34,2.31,552,93,40,59,360,81,86,74,311,3,2,92995,4,8,4,3,212.95,17.52,16.7,17.47,16.65,202,101,117,420,14,16,3,232,56,15,6.21,6.45,4.85,5,5,4,415.37,303,300.5,3.5,3.55,3.59,17.42,17.39,16.89,180.89,17.47,17.05,17.59,17.17,193,57,87,337,16,13,3,176,60,14,5,7.55,4.92,4,5,7,344.46,250,253.85,2.56,2.52,2.52,17.51,17.66,17.36,78.32,83.49,1530,1545
Matt Read,52146,1219,29.1,0.51,0.54,0.53,0.53,0.54,0.54,483,89.99,9.91,6,20.21,3,49.09,35.8,9.7,9.89,9.68,7,2,92,32,37,161,19,10,2,1,24,7,42,39,82,114,4,8,5,95,21,18,78,36,10,2.48,4.02,3.41,4,3,3,159.68,124,122.89,10,1.31,0.2,1.98,9.24,9.27,9.1,1219,144,124,202,749,209,137,169,704,5,10,178502,8,10,5,32,423.49,36.2,34.92,36.09,34.82,416,188,246,850,31,25,3,473,98,33,12.68,11.42,12.11,10,10,11,845.07,604,601.89,5.73,5.96,6.36,35.57,35.59,35.08,375.41,34.37,33.28,34.4,33.31,374,143,234,751,27,29,4,375,114,28,10.13,14.45,9.78,9,8,10,751.67,517,518.02,5.36,5.89,6.52,33.21,33.27,32.74,159.71,138.74,3069,2761
Hudson Fasching,6245,145,1.3,0.46,0.46,0.49,0.46,0.48,0.46,101,6.88,0.84,0.61,1.09,0.17,3.81,2.48,0.79,0.83,0.79,1,0,6,3,4,13,1,0,2,0,2,0,4,1,6,9,1,2,0,17,1,1,5,4,0,0.3,0.54,0,0,0,0,12.88,9,8.94,1,0.13,0.32,0,0.96,0.96,0.91,145,17,11,25,92,24,17,23,81,0,0,30355,2,4,2,2,48.14,3.39,3.28,3.39,3.29,47,20,20,87,1,2,0,50,16,1,1.45,1.73,0.2,0,1,0,87.48,67,67.22,0.67,0.32,0.32,3.74,3.76,3.68,52.87,4.03,3.88,3.97,3.82,57,15,17,89,2,5,1,57,13,2,1.74,1.52,0.77,1,0,1,88.4,72,71.13,0.72,1.02,1.02,3.73,3.65,3.56,22.97,27.41,445,523
Tyler Motte,22546,579,5.83,0.34,0.5,0.38,0.52,0.37,0.5,296,44.68,4,2.88,10.11,1.36,23.18,17.47,3.94,3.97,3.91,3,0,46,13,15,74,7,4,3,2,9,4,13,26,42,55,6,14,4,27,13,4,46,10,3,1.38,1.42,1.19,0,2,2,73.92,59,58.82,4,0.6,0.15,0.79,3.81,3.79,3.78,579,47,89,78,365,93,73,88,325,4,6,97981,14,10,5,24,131.86,11.24,10.97,11.24,10.97,137,43,79,259,11,11,5,141,27,12,4.15,3.48,3.62,4,4,3,258.1,180,179.35,1.78,2.56,2.56,10.47,10.48,10.39,220.11,21.34,20.72,21.39,20.77,217,86,113,416,17,24,2,224,59,20,5.82,7.29,8.24,5,5,7,416.11,303,303.29,3.42,5.44,5.44,19.32,19.34,18.94,73.45,73.33,1542,1419
Mark Pysyk,89989,1869,23.41,0.4,0.52,0.44,0.55,0.45,0.54,341,83.44,3.76,4.73,21.27,2.76,48.74,39.75,3.7,3.75,3.68,3,10,83,38,48,169,17,4,4,0,21,3,46,43,79,117,5,10,0,70,31,36,112,8,1,2.58,0.97,0.21,2,2,0,167.4,121,121.24,25,0.95,0.67,0.19,4.52,4.52,4.45,1869,132,321,239,1177,222,188,237,1222,0,1,206557,10,10,5,99,631.55,51.28,50.11,51.33,50.16,633,256,242,1131,51,39,11,693,156,40,20.43,18.36,12.49,19,21,11,1128.73,889,888.86,8.2,6.71,7.47,52,52.09,51.36,783.82,76.6,72.65,76.86,72.92,843,264,315,1422,73,67,19,822,209,76,23.51,24.62,28.45,20,23,30,1423.88,1107,1108.25,12.46,17.51,17.64,71.43,71.58,69.39,172.91,157.87,3478,2896
Shawn Thornton,22654,554,-2.05,0.35,0.5,0.41,0.52,0.43,0.51,567,44.17,3.05,2.71,10.06,1.43,25.26,19.5,2.94,3.06,2.96,0,2,42,20,18,80,4,2,4,1,6,2,15,33,40,60,16,47,5,51,8,8,51,9,2,1.42,1.04,0.58,0,1,1,81.2,62,62.7,6,0.57,0.41,0.34,3.27,3.32,3.29,554,49,41,100,364,92,106,72,284,5,10,156211,47,39,12,8,147.64,9.29,9.03,9.34,9.07,152,55,51,258,6,12,3,174,28,5,4.68,3.34,1.26,1,4,1,259,207,207.67,1.89,1.42,1.42,9.77,9.86,9.71,195.46,16.92,16.14,17.01,16.23,207,68,103,378,13,19,3,206,56,13,6.34,6.57,4,6,4,3,378.53,275,275.74,2.6,4.78,4.78,14.75,14.75,14.58,128.91,128.65,2505,2303
Brian Gionta,81698,1687,24.93,0.44,0.48,0.44,0.48,0.43,0.48,445,147.88,14.5,9.79,32.17,4.96,78.74,63.83,14.18,14.57,14.25,14,6,149,55,39,243,35,15,10,5,24,3,57,95,134,189,11,22,46,54,28,26,143,50,11,4.3,6.05,4.15,2,8,5,243.08,204,204.11,11,2.1,1.08,4.17,12.44,12.49,12.33,1687,189,240,300,958,268,280,260,879,46,60,217393,22,14,7,30,615.82,53.01,51.42,53.04,51.45,616,233,265,1114,46,44,13,627,177,45,17.21,20.88,14.92,14,20,12,1111.12,849,845.9,8.93,9.57,9.72,52.22,52.2,51.26,784.49,68.04,65.88,68.34,66.17,801,305,328,1434,61,44,13,849,201,56,23.47,24.23,20.33,18,21,22,1441.35,1106,1112.35,12.26,10.19,10.28,70.02,70.39,68.46,163.6,176.94,3302,3508
Colton Parayko,103018,2365,45.75,0.51,0.5,0.51,0.49,0.51,0.49,231,173.37,6.71,10.29,44.55,5.59,106.13,79.73,6.54,6.73,6.55,17,14,188,65,131,384,35,4,17,0,55,10,76,91,184,249,16,32,0,80,38,39,238,13,2,4.39,1.63,0.69,3,0,1,383.68,253,252.54,30,2.2,2.67,0.53,8.38,8.38,8.2,2365,280,313,366,1406,287,333,322,1423,0,0,191261,32,26,13,117,808.61,70.48,68.68,70.89,69.1,835,301,381,1517,81,50,11,863,219,54,22.61,26.28,21.59,22,32,27,1520.83,1136,1141.62,11.99,9.62,9.77,72.7,73.2,72,783.55,67.62,65.13,67.46,64.99,778,312,384,1474,69,46,9,833,199,58,22.85,24.54,20.22,26,23,20,1468,1090,1084.78,11.67,9.75,9.75,69.54,69.45,68.09,136.03,136.13,2725,2831
Claude Giroux,94019,2048,59.79,0.62,0.46,0.62,0.47,0.63,0.48,228,200.86,15.53,13.13,43.71,6.69,118.21,82.73,15.06,15.48,15,23,21,199,81,86,366,58,14,15,2,52,9,97,93,185,266,18,38,977,68,38,35,208,64,8,5.89,7.33,2.31,4,4,6,365.7,280,279,16,3.05,3.71,1.12,17.47,17.43,16.96,2048,423,249,397,979,243,254,371,1180,977,771,206443,38,48,23,28,1045.59,110.11,102.49,109.81,102.18,1015,457,523,1995,97,90,20,1044,309,119,29.39,36.4,44.33,22,29,46,1984.48,1472,1463.79,18.26,22.19,22.44,105.93,105.64,100.21,638.57,67.2,65.54,67.68,66.02,632,248,331,1211,68,55,9,632,182,66,19.27,22.48,25.45,14,27,27,1216.98,880,885.89,8.45,12.09,12.14,63.51,64.01,63.02,134.95,156.14,2967,3342
Jared Spurgeon,109591,2084,49.85,0.58,0.52,0.51,0.49,0.51,0.49,172,138.96,8.13,9.08,34.02,4.45,82.77,60.56,7.71,8.17,7.74,16,12,144,55,73,272,38,10,13,2,33,5,62,76,134,189,10,20,0,49,23,22,177,15,7,3.93,1.97,2.23,5,2,3,271.86,199,199.23,19,1.99,2.61,2,8.12,8.13,7.91,2084,312,365,380,1027,225,221,304,1334,0,0,166823,20,22,11,140,955.86,99.64,95.07,100.4,95.74,974,344,413,1731,105,95,23,951,261,106,28.55,32.21,38.87,29,31,45,1742.92,1318,1326.63,15.09,22.25,23.4,91.31,91.82,89.7,890.08,72.07,69.81,71.64,69.38,896,367,419,1682,71,57,11,991,212,60,25.51,24.63,21.93,29,21,21,1660.38,1263,1249.31,13.37,12.43,12.58,72.8,72.34,70.96,119.14,110.21,2516,2615
Oscar Klefbom,108611,2168,48.73,0.54,0.5,0.52,0.5,0.53,0.5,172,189.8,8.59,11.74,49.97,6.2,116.67,83.83,8.24,8.62,8.27,14,11,195,82,111,388,37,12,12,1,63,6,93,91,183,265,3,6,0,41,29,67,262,10,5,5.62,1.23,1.72,7,1,4,389.95,277,278.06,58,2.56,2.95,1.1,10.05,10.08,9.8,2168,291,288,327,1262,280,309,333,1246,0,0,186954,6,10,5,143,979.1,104.72,101.49,105.19,101.94,972,379,419,1770,109,70,20,973,269,109,28.1,32.72,43.9,27,38,44,1781.34,1351,1357.98,15.19,19.03,19.62,100.3,100.64,98.84,858.05,90.19,84.46,90.37,84.61,859,336,449,1644,85,73,14,846,263,86,25.53,32.09,32.58,24,37,24,1635.48,1195,1192.59,13.4,18.03,18.04,85.56,85.57,82.93,143.72,142.05,2869,2922
Jaycob Megna,920,18,0,0.41,0.43,0.43,0.46,0.32,0.49,6,0,0,0,0,0,0,0,0,0,0,0,0,0,0,1,1,0,0,0,0,0,0,0,0,0,0,0,0,0,0,0,0,0,0,0,0,0,0,0,0,0,1.13,0,0,0,0,0,0,0,0,0,18,2,2,2,12,1,3,3,11,0,0,2680,0,0,0,0,4.82,0.46,0.46,0.47,0.46,6,1,6,13,1,1,0,5,2,0,0.15,0.31,0,0,1,0,13.97,7,7.32,0.06,0.18,0.18,0.33,0.34,0.34,10.92,0.66,0.65,0.66,0.66,9,6,2,17,0,0,0,11,4,0,0.24,0.42,0,0,0,0,16.48,15,14.6,0.15,0,0,0.8,0.81,0.8,2.08,2.74,39,45
Sven Baertschi,64773,1461,29.36,0.52,0.42,0.5,0.47,0.5,0.46,426,106.38,13.52,8.93,22.13,3.59,61.47,39.36,13,13.55,13.02,8,9,114,35,36,185,35,18,11,6,22,3,42,53,96,131,3,8,1,52,39,23,89,48,12,3.18,5.81,4.52,3,7,8,184.26,149,148.5,14,2,2.79,2.67,12.85,12.78,12.61,1461,260,169,256,776,208,204,245,804,1,0,183115,8,24,12,29,530.18,52.68,50.72,52.53,50.56,532,207,236,975,53,40,19,537,153,49,15.84,18.98,17.86,12,17,24,963.06,739,730.98,8.77,10.14,11.14,50.3,49.98,49.14,520.81,49.13,47.51,49.52,47.89,526,199,232,957,52,35,9,543,132,50,16.14,16.18,16.81,17,18,17,971.71,725,735.28,7.38,8.1,9.3,47.21,47.61,46.58,113.01,153.86,2542,2837
Jeff Petry,106152,2177,50.85,0.54,0.49,0.54,0.5,0.53,0.5,236,172.85,8.16,10.33,45.76,5.66,103.72,77.37,8,8.12,7.95,11,9,172,79,110,361,28,8,11,1,34,8,83,107,164,243,11,22,0,171,19,102,231,15,5,4.89,1.66,1.62,5,2,1,358.91,251,249.63,89,2.21,2.29,0.28,10.1,10.04,9.85,2177,251,304,353,1269,282,341,365,1189,0,0,185890,22,14,7,145,947.41,86.74,82.87,87.11,83.23,921,387,487,1795,83,90,17,977,235,96,27.83,28.9,30,31,25,27,1799.2,1308,1311.07,14.37,18.75,18.94,82.17,82.45,80.71,827.86,73.84,71.34,74.04,71.54,859,289,391,1539,75,52,8,845,239,64,23.48,29.11,21.25,27,32,16,1542.43,1148,1152.23,12.54,8.99,8.99,77.39,77.47,75.66,129.69,134.92,2827,2827
Colin White,1645,34,0.05,0.2,0.57,0.55,0.61,0.52,0.64,12,1.18,0.03,0.09,0.27,0.06,0.98,0.58,0.03,0.03,0.03,0,0,1,1,0,2,0,0,0,0,1,0,1,0,1,2,0,0,7,0,1,0,2,0,0,0.03,0,0,0,0,0,2.03,2,2.03,0,0.02,0,0,0.05,0.05,0.05,34,6,3,6,19,5,4,7,18,7,14,5855,0,0,0,1,11.48,0.43,0.43,0.43,0.43,9,8,10,27,1,0,0,16,1,0,0.25,0.18,0,1,0,0,26.33,17,16.77,0.21,0,0,0.64,0.64,0.63,11.63,1.69,1.68,1.69,1.68,9,7,6,22,1,1,0,13,1,2,0.36,0.12,1.21,0,0,1,22.57,16,16.41,0.16,0.28,0.28,1.57,1.56,1.56,5.42,4.14,122,77
Phil Varone,3339,82,-1.25,0.37,0.52,0.42,0.48,0.41,0.49,76,2.47,0.24,0.19,0.48,0.1,1.85,1.14,0.24,0.24,0.24,0,0,1,3,1,5,0,0,0,0,0,0,1,3,1,4,1,2,15,3,3,4,3,1,0,0.09,0.15,0,0,0,0,4.89,4,3.95,3,0.04,0,0,0.28,0.28,0.28,82,14,7,14,47,11,18,13,40,15,12,22198,2,2,1,1,21.57,1.76,1.74,1.75,1.73,21,9,11,41,0,0,0,23,7,0,0.83,0.93,0,0,0,0,40.12,30,29.74,0.32,0,0,2.08,2.06,2.03,31.52,2.98,2.96,3.01,2.99,36,8,13,57,3,4,1,33,9,2,0.99,1.34,0.65,1,0,2,59.16,44,44.99,0.43,0.52,0.52,2.89,2.92,2.91,17.74,16.69,330,358
Scott Harrington,17169,404,2.85,0.45,0.49,0.46,0.5,0.46,0.5,124,17.18,0.89,1.01,4.84,0.53,10.2,7.53,0.87,0.87,0.85,0,2,16,9,10,35,3,1,0,0,7,0,5,12,15,24,4,10,0,21,4,5,21,4,0,0.43,0.45,0,1,0,0,34.55,25,24.59,3,0.21,0,0,1.1,1.08,1.05,404,37,47,55,265,50,95,54,205,0,0,62846,10,4,2,24,126.03,10.27,9.99,10.22,9.95,132,42,58,232,14,8,2,122,48,4,3.29,5.76,1.21,4,9,1,232.85,174,174.06,1.69,1.7,1.7,10.25,10.23,10.12,146.93,12.46,11.93,12.32,11.79,147,57,69,273,12,7,2,160,33,11,5.04,3.64,3.78,5,4,3,271.21,204,202.1,2.04,1.52,2.19,12.32,12.16,11.78,47.44,49.11,947,938
Justin Williams,73413,1521,54.66,0.57,0.48,0.58,0.49,0.58,0.49,496,170.55,18.83,12.25,36.63,5.59,90.87,68.83,18,19.13,18.29,8,16,166,67,55,288,47,23,14,4,38,2,81,75,143,210,24,48,64,28,36,42,147,62,24,4.59,7.44,6.81,8,9,6,294.21,233,237.62,19,2.75,3.47,3.94,17.65,17.88,17.38,1521,271,127,238,885,266,226,233,796,64,53,214176,48,30,15,41,701.92,66.65,63.68,67.61,64.62,705,271,317,1293,70,53,8,718,197,61,21.55,23.74,21.36,21,30,19,1318.73,976,993.48,11.04,10.77,11.11,66.59,67.43,65.46,501.15,50.07,48.66,49.61,48.18,484,212,228,924,37,30,7,495,154,47,14.18,18.18,17.72,7,13,17,903.69,696,682.52,6.91,7.99,7.66,49.32,48.71,48.04,155.76,168.85,3205,3301
Anton Blidh,10006,237,5.9,0.56,0.58,0.55,0.58,0.56,0.58,214,27.63,2.93,1.78,6.68,1.05,13.9,10.66,2.69,2.94,2.68,1,0,26,11,10,47,2,1,2,0,6,2,10,16,25,36,2,7,0,41,4,4,25,7,5,0.76,0.82,1.35,0,1,0,46.57,37,36.84,1,0.38,0.65,1.11,2.19,2.17,2.12,237,37,20,28,152,47,37,23,130,0,0,59054,7,10,5,4,90.68,7.85,7.42,7.84,7.4,87,38,42,167,3,8,1,94,22,9,2.6,2.67,2.58,0,2,1,165.92,125,124.57,1.25,1.89,2.08,7.02,7,6.88,69.46,6.26,6.05,6.25,6.05,66,31,38,135,6,3,1,69,22,6,1.83,2.8,1.62,2,3,1,134.1,97,96.69,1.01,0.69,0.69,6.57,6.63,6.48,52.28,37.62,1071,787
Rocco Grimaldi,2640,57,0.93,0.56,0.49,0.44,0.54,0.44,0.52,42,10.46,1.34,0.78,2.4,0.31,4.62,3.55,1.24,1.28,1.18,1,0,11,2,5,18,1,0,2,0,3,0,1,7,11,13,1,2,0,1,3,0,6,6,1,0.23,0.79,0.33,0,0,0,16.96,13,12.34,0,0.17,0.51,0.68,0.83,0.81,0.79,57,7,7,9,34,13,10,6,28,0,0,12177,2,6,3,4,23.47,2.25,2.1,2.13,1.99,24,7,11,42,1,4,0,21,9,1,0.77,1.16,0.33,1,0,0,39.23,31,29.13,0.37,0.83,0.83,1.79,1.71,1.65,27.79,1.76,1.67,1.84,1.75,28,11,14,53,4,1,1,31,7,1,0.65,0.81,0.3,2,1,1,56.37,39,41.27,0.35,0.3,0.3,1.82,1.92,1.86,8.18,8.48,196,167
Tanner Glass,7201,187,1.47,0.42,0.51,0.46,0.5,0.45,0.52,120,10.71,1.13,0.82,2.66,0.37,5.84,4.18,1.06,1.21,1.13,0,1,8,7,3,18,2,1,2,1,3,0,6,3,7,14,4,17,2,37,2,0,9,5,1,0.18,0.6,0.36,0,0,1,18.33,15,15.48,0,0.17,0.18,0.7,0.61,0.64,0.62,187,19,23,24,121,34,28,18,107,2,0,32935,17,15,3,4,49.86,3.42,3.31,3.54,3.42,44,26,23,93,2,7,1,55,14,1,1.55,1.52,0.36,1,0,1,94.47,70,71.8,0.67,0.87,0.87,3.22,3.29,3.25,59.86,4.67,4.56,4.57,4.46,58,26,26,110,3,5,1,62,19,3,1.7,2.19,0.78,0,3,0,106.9,84,81.92,0.84,1.04,1.04,4.48,4.37,4.28,25.77,24.73,486,490
Garrett Mitchell,528,13,0.04,0.58,0.42,0.55,0.6,0.6,0.63,12,0,0,0,0,0,0,0,0,0,0,0,0,0,0,0,0,0,0,0,0,0,0,0,0,0,0,0,0,0,2,0,0,0,0,0,0,0,0,0,0,0,0,0,0,0,0,0,0,0,0,0,13,1,0,1,11,0,0,1,12,0,1,3072,0,0,0,0,4.28,0.38,0.38,0.36,0.36,5,1,0,6,0,0,0,3,3,0,0.09,0.29,0,0,0,0,5.59,6,5.6,0.05,0,0,0.44,0.41,0.41,3.02,0.28,0.28,0.3,0.3,4,0,1,5,0,0,0,2,2,0,0.04,0.25,0,0,0,0,5.16,4,4.12,0.04,0,0,0.32,0.34,0.34,2.47,3.48,58,38
Ales Hemsky,12978,334,8,0.58,0.45,0.54,0.49,0.52,0.49,111,30.27,3.58,2.05,7.2,1.11,15.6,11.45,3.4,3.66,3.48,3,0,30,11,11,52,7,4,3,1,6,2,7,19,26,37,0,0,0,1,9,6,30,7,4,0.97,0.84,1.77,1,1,2,51.64,41,41.14,4,0.44,0.7,0.89,3.13,3.19,3.18,334,45,36,63,190,29,41,45,219,0,0,41342,0,2,1,4,106.84,11.39,10.52,11.55,10.66,106,44,61,211,7,10,2,109,27,14,3.03,3.16,5.2,2,2,3,208.95,150,148.97,1.72,3.49,3.56,9.55,9.61,9.33,94.91,8.09,7.83,8.16,7.9,93,45,44,182,6,7,1,108,22,8,3.13,2.5,2.46,2,1,3,182.1,138,138.49,1.3,1.89,1.89,7.49,7.54,7.45,29.69,36.08,663,689
Nazem Kadri,81570,1882,62.39,0.62,0.46,0.57,0.48,0.56,0.47,426,244.51,33.18,16.74,51.43,7.89,133.57,93.18,31.23,33.31,31.35,15,14,236,100,94,430,61,32,14,9,56,4,110,120,204,304,38,85,544,124,58,59,211,94,31,7.18,11.87,14.14,5,10,17,432.91,336,338.33,26,3.8,3.95,8.01,28.98,29.08,28.67,1882,282,237,383,980,319,242,341,980,544,590,217931,85,66,30,31,859.26,93.98,89.72,94.26,89.99,814,377,393,1584,86,51,15,826,286,79,24.62,35.55,33.82,23,25,38,1592.9,1191,1199.8,13.15,15,16.97,90.16,90.48,88.49,658.36,56.88,55.12,56.85,55.1,659,266,288,1213,64,33,10,695,186,44,21.13,21.72,14.03,28,22,14,1205.76,925,919.64,8.67,7.22,7.42,58.13,58.1,56.8,173.64,203.58,3405,3755
Cory Conacher,7631,194,4,0.62,0.56,0.52,0.5,0.51,0.53,107,15.93,2.41,1.11,3.47,0.55,9.12,6.34,2.28,2.47,2.33,3,0,16,7,3,26,4,1,1,0,6,1,7,7,15,22,2,4,1,1,6,8,17,1,5,0.71,0.09,1.61,0,0,1,26.15,23,23.27,3,0.24,0.26,0.53,2.12,2.16,2.13,194,35,13,48,98,42,34,27,91,1,1,32269,4,10,5,0,58.69,6.49,6.26,6.6,6.36,64,18,22,104,5,4,0,55,19,8,1.79,2.22,2.48,1,2,2,105.24,82,83.31,0.93,0.78,0.78,6.64,6.74,6.61,54.37,3.94,3.9,4.03,3.99,54,25,16,95,3,1,1,64,13,2,1.88,1.49,0.56,1,1,1,96.27,79,79.65,0.69,0.23,0.23,4.41,4.48,4.46,27.53,21.44,461,454
Alan Quine,45826,1061,13.63,0.46,0.51,0.46,0.48,0.47,0.49,572,72.73,7.33,5.06,17.13,2.49,38.43,28.57,7.14,7.43,7.23,6,7,82,17,26,125,18,5,5,1,21,0,22,46,77,94,4,8,264,77,17,18,65,28,6,2.08,3.19,2.06,2,0,3,127.07,99,100.89,6,1.1,0.59,0.56,7.87,7.99,7.8,1061,116,106,169,670,156,159,146,600,264,286,176181,8,8,4,29,383.58,31.78,31.07,32.22,31.5,397,134,186,717,36,27,6,417,83,31,11.39,10.41,9.99,18,6,12,726.88,531,540,5.39,5.7,5.89,31.28,31.73,31.35,433.34,36.67,35.74,36.51,35.57,443,165,219,827,37,29,13,468,113,27,13.75,13.9,9.01,11,16,10,818.35,608,600.72,6.14,7.44,7.89,34.92,34.58,34.09,141.63,134.9,2738,2920
Beau Bennett,52876,1152,25.47,0.56,0.44,0.57,0.45,0.56,0.45,521,109.03,9.28,6.64,24.97,3.57,58.78,43.76,8.85,9.16,8.73,7,4,101,46,38,185,19,8,1,2,26,7,41,64,93,139,10,20,3,77,19,16,109,28,10,3.03,3.21,3.05,3,3,2,182.86,147,145.42,5,1.42,0.2,2.41,8.3,8.23,8.13,1152,143,128,163,718,194,160,150,648,3,13,184327,20,18,9,13,474.21,40.45,37.55,40.1,37.21,471,185,196,852,28,28,3,507,113,36,14.32,13.22,12.92,16,5,7,840.34,656,648.99,6.82,7.31,7.89,39.39,38.95,37.09,365.71,31.39,30.53,31.47,30.61,379,127,144,650,26,26,7,378,106,22,11.74,13.36,6.29,3,16,7,657,506,509.88,4.78,5.27,5.91,30.26,30.36,30.03,122.8,158.54,2345,2880
Alexander Edler,99200,1931,24.01,0.43,0.49,0.48,0.49,0.46,0.48,82,135.76,5.44,7.69,34.52,4.44,78.71,63.21,5.32,5.4,5.28,7,8,138,56,115,309,21,6,4,0,44,4,58,78,132,188,19,36,2,106,17,37,184,5,5,3.24,0.81,1.39,3,2,1,302.2,194,190.22,28,1.72,0.57,0.34,6.81,6.77,6.63,1931,204,326,307,1094,260,226,307,1138,2,1,148827,36,18,9,138,775.08,67.88,65.04,67.7,64.85,792,284,384,1460,56,30,9,807,207,62,22.7,25.48,19.7,14,29,13,1435.13,1076,1061.1,11.85,7.83,8.29,71.43,71.1,69.53,889.78,91.42,88.83,92.32,89.72,929,314,358,1601,91,53,20,921,240,82,27.69,29.24,34.49,25,31,35,1625.47,1243,1262.18,13.99,14.96,15.36,90.03,90.97,89.12,95.75,101.35,2117,2173
Paul Thompson,9954,255,-0.38,0.34,0.48,0.4,0.53,0.42,0.52,230,18.45,1.09,1.01,4.47,0.58,9.82,8.03,1.09,1.08,1.07,1,2,19,6,5,30,3,0,1,0,3,0,8,13,19,25,8,22,0,48,4,2,22,3,0,0.7,0.39,0,0,0,0,29.53,25,24.59,1,0.21,0.04,0,1.31,1.29,1.29,255,28,17,38,172,36,52,45,122,0,1,67604,22,14,4,16,70.2,4.75,4.62,4.79,4.67,65,34,26,125,4,3,1,85,11,3,2.55,1.39,0.82,1,2,1,123.42,99,98.39,0.85,0.63,0.63,4.98,5,4.93,96.96,9.19,8.71,9.32,8.84,110,27,52,189,8,11,3,99,28,10,2.91,3.33,2.96,3,3,2,193.59,137,139.45,1.26,2.52,2.52,7.93,8.04,7.89,50.6,55.49,1092,979
Craig Smith,65132,1517,41.6,0.56,0.5,0.56,0.49,0.54,0.49,625,174.93,17.99,11.87,40.37,5.85,92.24,67.67,17.7,18.2,17.89,13,4,155,81,81,317,29,12,11,3,33,12,76,92,143,224,15,30,51,93,34,35,151,65,20,4.47,7.51,6.02,4,2,6,319.37,236,237.33,20,2.57,2.16,3.39,17.18,17.35,17.24,1517,282,131,242,862,260,238,229,790,51,68,223213,30,30,15,18,605.99,48.76,47.69,49.17,48.06,614,231,341,1186,48,38,6,665,133,47,17.9,15.7,15.16,21,12,15,1188.9,845,847.28,8.48,7.21,7.55,49.7,49.97,49.28,517.3,38.98,37.88,38.9,37.84,520,196,205,921,35,27,6,567,120,29,16.43,14.37,8.18,12,17,6,920.25,716,717.29,6.79,6.13,6.34,39.41,39.4,38.88,170.12,170.4,3419,3499
Olli Maatta,59611,1386,16.2,0.48,0.55,0.45,0.53,0.46,0.55,227,58.51,1.71,3.06,15.95,1.89,35.62,29.77,1.69,1.73,1.7,4,2,66,22,41,129,7,1,0,0,18,5,29,35,65,87,6,12,0,72,11,30,86,2,0,1.53,0.18,0,1,0,0,129.7,88,88.04,17,0.61,0,0.03,2.3,2.31,2.28,1386,138,221,208,819,190,188,205,803,0,0,141015,12,12,6,102,478.55,43.23,41.99,43.66,42.4,511,148,227,886,46,36,11,486,133,40,14.65,16.81,11.77,14,22,10,898.3,659,667.32,6.76,8.67,9,40.99,41.38,40.72,562.63,46.38,44.76,46.55,44.91,579,208,303,1090,39,49,7,600,151,36,15.79,18.54,12.05,12,20,7,1085.88,787,784.92,8.74,9.31,10.14,44.99,45.07,44.06,133.84,110.62,2421,2120
Vinnie Hinostroza,35216,766,13.2,0.48,0.48,0.48,0.5,0.47,0.49,428,75.02,7.97,5.17,17.49,2.46,38.24,28.66,7.72,8.03,7.77,4,4,76,24,32,132,14,6,7,1,13,3,32,39,70,94,7,17,68,31,27,15,68,24,8,2.46,3.27,2.24,1,5,0,133.31,100,101.39,9,1.09,1.99,2.3,6.77,6.84,6.75,766,97,69,137,463,123,105,111,427,68,103,142505,17,25,10,19,273.61,23.35,22.74,23.55,22.92,283,94,141,518,18,17,1,286,74,17,8.77,9.59,4.99,5,13,0,520.9,377,379.93,3.85,4.02,4.02,23.17,23.32,22.97,307.14,25.5,24.42,25.56,24.44,319,113,135,567,19,21,5,340,71,21,10.11,8.26,7.13,8,4,7,565.14,432,429.55,4.19,5.25,5.29,24.4,24.35,23.92,104.09,112.82,2201,2192
Christian Dvorak,70925,1493,20.53,0.42,0.43,0.45,0.45,0.43,0.45,416,98.84,10.53,7.57,21.2,3.26,53.89,38.55,10.32,10.51,10.29,10,8,84,51,25,160,33,15,9,1,23,1,28,59,69,120,11,22,456,70,13,15,79,48,8,3.1,5.49,1.94,5,7,3,159.1,135,134.73,6,1.67,1.61,2.07,10.14,10.12,10,1493,217,157,214,905,189,281,229,794,456,523,206119,22,34,16,54,535.11,45.82,44.59,45.48,44.28,505,239,275,1019,52,38,8,552,157,35,16.01,18.9,10.91,20,20,12,1006.32,744,737.25,7.97,8.07,8.15,45.64,45.42,44.86,694.16,63.22,59.83,64.08,60.63,654,318,288,1260,51,52,6,748,166,58,21.93,19.66,21.64,19,14,18,1279.26,972,987.28,10.35,10.67,11.11,62.46,63.16,61.13,139.93,187.05,2940,3572
Kevin Labanc,44222,1034,19.4,0.54,0.49,0.52,0.5,0.54,0.5,433,75.29,8.54,5.65,16.15,2.55,40.95,32.16,8.27,8.65,8.38,10,1,68,38,41,147,19,8,2,1,12,6,36,42,60,98,11,22,2,18,15,25,68,29,9,2.52,3.54,2.48,2,5,1,149.34,106,107.37,8,1.24,0.45,1.61,8.17,8.27,8.11,1034,129,79,164,662,156,128,131,619,2,2,152107,22,12,6,14,375.79,32.49,31.5,32.75,31.77,365,175,191,731,34,23,4,404,111,25,11.3,13.8,7.39,15,13,6,741.71,540,547.25,5.8,4.23,5.04,33.25,33.53,32.9,325.69,28.09,27.17,27.96,27.04,316,135,211,662,22,28,6,339,88,24,9.81,10.81,7.47,10,2,10,649.18,451,444.56,4.5,6,6.19,26.39,26.17,25.76,119.82,122.9,2382,2403
Jordan Weal,19749,453,15.82,0.6,0.53,0.58,0.5,0.59,0.51,171,46.52,5.75,3.91,9.57,1.5,24.96,16.3,5.29,5.86,5.38,2,2,49,13,11,73,12,8,7,2,12,1,14,20,41,54,5,10,14,7,14,6,33,22,7,1.13,2.63,1.99,2,2,4,74.72,62,62.61,2,0.87,1.47,1.26,5.35,5.43,5.3,453,71,37,68,277,84,59,78,232,14,14,64258,10,4,2,8,199.9,17.67,16.57,17.94,16.81,208,66,89,363,17,24,4,198,60,16,5.77,6.94,4.96,7,4,6,369.21,274,276.13,3.13,3.91,3.91,16.89,17.08,16.67,134.38,11.88,11.64,11.74,11.5,131,57,74,262,11,11,2,140,38,10,4.02,4.61,3.24,4,5,2,256.31,188,186.39,1.75,2.36,2.36,11.26,11.14,11.01,53.79,48.52,999,1007
Jarome Iginla,72057,1546,26.47,0.51,0.45,0.56,0.48,0.54,0.47,518,150.13,16.75,11.11,32.74,5.09,88.18,55.12,15.46,16.54,15.27,10,3,154,55,54,263,27,14,11,3,35,7,69,73,140,195,24,60,16,114,24,26,146,44,19,4.94,5.39,6.42,3,3,8,257.84,209,205.16,8,2.58,2.62,3.89,15.45,15.31,14.54,1546,298,154,236,858,266,244,235,801,16,14,214469,60,50,19,21,652.23,60.75,57.57,60.15,57.01,649,269,319,1237,45,51,9,696,165,57,20.07,20.36,20.32,15,12,18,1213.15,918,903.85,10.87,13.01,13.12,58.49,58.08,55.91,547.28,58.01,56.47,59.15,57.57,559,214,209,982,57,53,11,570,143,60,16.92,17.13,23.98,18,19,20,1010.71,773,792.14,7.53,11.19,11.54,54,55.05,54.44,137.7,169.95,3087,3406
Kris Versteeg,60971,1281,33.84,0.54,0.47,0.56,0.48,0.54,0.49,457,126.58,11.33,8.71,28.67,4.03,76.18,49.08,11.02,11.33,11.02,10,12,136,42,76,254,37,15,7,2,36,2,53,65,121,163,15,36,53,5,38,31,140,28,10,4.23,3.16,3.94,6,5,4,254.5,178,178.3,10,2.03,0.58,0.45,12.92,12.92,12.57,1281,303,105,223,650,174,204,192,711,53,49,190547,36,44,19,28,508.73,46.38,44.46,46.43,44.51,529,189,279,997,50,34,11,541,134,43,15.22,16.31,14.85,17,17,16,996.63,718,717.54,8.79,7.48,7.71,47.47,47.61,46.24,433.59,39.54,37.98,39.81,38.24,434,173,182,789,32,38,7,456,116,35,12.92,14.23,12.39,13,9,10,791.62,607,610.35,5.86,8.99,9.24,36.16,36.42,35.99,141.52,160.6,2780,2960
Derek Stepan,89202,2032,57.43,0.56,0.49,0.55,0.47,0.56,0.47,200,190.27,15.56,11.67,43.49,6.24,102.27,82.77,15.06,15.6,15.11,23,14,207,55,70,332,54,17,13,4,47,4,83,98,190,245,8,16,711,26,50,56,197,52,13,5.01,6.05,4.51,4,7,6,330.81,262,261.1,21,2.58,2.52,2.18,15.96,15.97,15.67,2032,402,320,342,968,292,241,316,1183,711,791,201752,16,14,7,45,825.59,78.59,74.9,78.7,75.04,844,311,374,1529,82,71,19,866,206,83,23.08,25,30.51,24,29,29,1527.02,1155,1153.49,13.16,16.06,16.16,75.6,75.81,73.98,644.61,61.17,58.61,60.98,58.43,638,269,365,1272,54,38,8,683,164,60,18.72,19.88,22.58,17,17,20,1269.2,907,905.29,9.39,11.17,11.25,59.31,59.15,58.14,149.51,154.3,2894,3297
Artturi Lehkonen,60702,1488,38.05,0.55,0.49,0.53,0.51,0.52,0.51,550,157.97,16.3,11.36,34.63,4.96,79.23,61.51,15.64,16.45,15.79,3,7,158,50,71,279,28,18,16,7,29,6,62,77,140,190,4,8,2,72,25,20,144,49,15,4.53,5.93,5.85,7,5,6,280.99,208,209.67,17,2.41,2.01,4.64,14.07,14.23,14.01,1488,179,181,246,882,226,203,234,825,2,2,205961,8,16,8,25,522.52,45.81,44.25,46.13,44.56,520,196,293,1009,46,43,11,543,134,39,15.87,16.41,13.53,18,14,14,1007.89,716,717.54,7.83,8.8,8.8,44.84,45.04,44.25,469.57,37.53,36.55,37.6,36.63,492,166,224,882,40,30,7,510,117,31,13.78,14.19,9.55,14,18,8,883.48,658,658.68,6.55,6.19,6.32,37.75,37.84,37.12,151.82,155.86,3203,3088
Jeff Carter,88717,1920,76.6,0.55,0.51,0.59,0.53,0.58,0.53,227,262.38,28.33,17.82,56.81,8.39,142.52,104.13,27.43,28.52,27.59,22,12,250,108,110,468,66,32,29,8,57,13,103,124,218,326,19,41,735,86,24,46,243,90,25,6.97,10.95,10.41,9,9,14,467.02,358,357.38,19,4.05,5.45,5.76,26.64,26.67,26.2,1920,373,246,294,1007,274,214,294,1138,735,680,209992,41,25,11,37,917.86,86.51,82.96,86.25,82.7,885,389,456,1730,85,76,14,931,258,85,24.94,30.95,30.62,29,25,31,1715.59,1274,1263.66,14.95,16.39,17.34,84.12,83.88,82.06,669.12,69.66,66.54,70.1,66.98,644,279,301,1224,68,61,13,660,194,69,19.28,23.47,26.91,20,20,28,1236.53,923,932.38,10.31,14.13,14.5,65.47,65.84,64.69,143.83,139.95,3281,2915
Logan Couture,76065,1757,51.7,0.56,0.5,0.55,0.5,0.56,0.51,266,171.21,19.78,13.08,35.82,5.77,100.24,65.3,19.28,19.95,19.45,20,6,172,68,83,323,51,25,16,3,44,10,64,81,147,215,5,12,291,56,37,75,161,59,20,5.45,7.04,7.28,6,10,9,325.5,240,241.79,18,3.06,2.19,2.61,20.22,20.34,20,1757,321,167,251,1018,200,177,249,1131,291,451,184959,12,20,9,65,718.03,74.81,72.38,75.2,72.77,699,316,378,1393,73,56,11,727,212,76,21.12,26.1,27.59,21,25,27,1404.74,1015,1022.96,12.62,11.98,12.54,74.88,75.17,73.75,577.68,58.64,56.85,58.6,56.8,562,244,351,1157,45,48,11,607,139,60,17.44,17.23,23.97,12,9,24,1145.3,806,800.64,8.54,10.12,10.42,56.76,56.58,55.79,134.02,135.3,2910,2869
Taylor Beck,2643,70,-1.03,0.21,0.43,0.43,0.47,0.38,0.49,58,3.65,0.29,0.23,0.78,0.11,2.05,1.55,0.29,0.28,0.28,0,0,5,0,6,11,0,0,0,0,1,2,1,1,5,5,2,4,0,5,1,2,3,2,0,0.12,0.17,0,0,0,0,10.88,5,5.04,0,0.05,0,0,0.33,0.33,0.33,70,7,8,6,49,13,13,8,36,0,1,15859,4,0,0,0,14.25,0.74,0.74,0.73,0.73,15,5,13,33,0,0,0,17,3,0,0.47,0.27,0,0,0,0,32.66,20,19.89,0.17,0,0,0.91,0.9,0.9,23.3,2.71,2.53,2.76,2.58,23,9,12,44,3,5,2,18,11,3,0.51,1.42,0.78,0,2,1,44.91,32,32.51,0.35,0.84,0.84,2.21,2.24,2.22,7.87,10.53,210,239
Matt Stajan,61631,1473,19.45,0.39,0.51,0.43,0.52,0.43,0.52,715,64.36,6.98,4.57,13.45,2.2,36.28,28.53,6.82,6.94,6.79,10,7,59,33,16,108,23,6,6,1,19,4,22,35,53,86,20,40,385,60,30,22,62,25,5,2.38,3.23,1.37,1,4,1,107.56,92,91.68,10,0.97,1.2,1.16,6.79,6.75,6.7,1473,115,237,211,910,225,223,251,774,385,383,233205,40,26,13,39,378.81,30.43,29.8,30.43,29.82,375,160,191,726,31,21,4,411,101,23,11.58,12.02,6.82,9,14,8,726.34,535,535.65,5.15,4.44,4.44,31.14,31.17,30.94,504.53,47.44,45.74,47.4,45.72,491,214,273,978,49,40,7,543,113,49,14.67,13.73,19.05,17,14,18,977.38,705,704.69,8.07,10.07,10.07,45.44,45.52,44.94,184.92,181.19,3719,3393
Matt Calvert,52054,1230,11.93,0.42,0.52,0.41,0.51,0.41,0.51,516,95.72,12.27,6.33,19,2.94,46.29,39.17,11.96,12.34,12.03,2,3,92,34,28,154,15,10,5,1,25,6,28,52,82,116,16,38,2,61,23,15,74,39,13,2.7,5.15,4.42,1,5,4,156.47,126,127.18,3,1.34,1.02,0.88,12.73,12.83,12.59,1230,123,239,182,686,175,183,174,698,2,14,184394,38,30,12,34,355.78,33.42,32.4,33.62,32.6,355,133,155,643,30,18,1,357,100,31,10.79,12.54,10.09,15,9,6,652.1,488,494.35,4.81,4,4,34.24,34.56,33.8,494.81,45.41,43.46,45.5,43.55,477,211,220,908,46,36,7,505,140,43,14.22,16.9,14.29,15,17,14,902.08,688,684.1,7.89,8.07,8.5,44.79,44.77,43.41,149.69,138.06,2949,2834
Philip Larsen,25675,546,5.3,0.47,0.43,0.53,0.46,0.51,0.45,130,32.86,1.88,2.54,7.39,0.97,22.27,13.95,1.85,1.83,1.81,4,1,32,17,38,87,6,1,2,0,4,1,22,19,31,48,2,4,0,12,4,14,43,5,1,0.9,0.61,0.37,1,0,0,84.86,49,47.69,13,0.58,0.76,0,2.46,2.4,2.37,546,94,50,89,313,72,75,76,323,0,0,69108,4,0,0,22,214.15,19.04,18.37,18.69,18.03,217,83,118,418,13,6,2,233,53,14,6.65,6.63,5.76,3,6,4,403.94,300,290.41,3.5,1.67,1.67,20.87,20.44,19.75,207.63,21.72,20.77,22.45,21.49,218,66,82,366,18,11,4,206,55,23,6.37,7.29,8.06,3,7,8,386.4,284,298.18,2.89,3.01,3.71,20.91,21.69,21.12,43.04,57.44,940,1083
Dylan McIlrath,3426,76,0.02,0.34,0.54,0.42,0.54,0.39,0.54,36,4.02,0.07,0.19,1.18,0.14,2.48,1.94,0.07,0.07,0.07,0,0,3,3,5,11,1,1,0,0,0,1,1,3,2,5,4,14,0,15,1,3,6,0,0,0.07,0,0,1,0,0,10.28,6,5.88,3,0.04,0,0,0.11,0.11,0.11,76,10,4,11,51,9,9,9,49,0,0,18771,14,12,3,4,19.33,1.36,1.32,1.36,1.32,15,13,10,38,1,1,0,20,8,0,0.42,0.94,0,1,0,0,36.59,28,27.75,0.23,0.15,0.15,1.43,1.43,1.4,31.37,2.59,2.55,2.6,2.56,29,14,10,53,3,2,0,32,8,3,0.92,0.89,0.77,0,2,1,53.68,43,43.1,0.41,0.53,0.53,2.47,2.48,2.46,19.9,17.29,314,271
Tyler Seguin,90826,1990,74.81,0.57,0.43,0.59,0.47,0.59,0.47,245,289.65,29.21,20.05,63.93,9.47,168.04,111.35,28.13,29.03,27.94,27,19,302,101,105,508,72,26,24,5,56,8,125,164,276,377,11,22,401,60,37,39,306,72,25,9.99,8.41,10.81,7,5,14,504.34,403,400.33,10,4.63,6.75,4.32,29.53,29.39,28.58,1990,395,225,318,1052,255,293,343,1099,401,385,206781,22,28,14,26,954.7,98.96,94.6,98.68,94.32,923,414,455,1792,100,76,17,982,259,96,30.11,30.58,38.28,38,26,36,1779.33,1337,1329.29,16.2,17.67,18.06,97.1,96.8,93.79,679.19,73.37,70.65,74.02,71.29,646,290,334,1270,76,64,15,659,186,91,19.34,23.05,30.97,26,23,27,1285.66,936,945.47,9.62,14.08,14.2,68.78,69.33,67.94,141.88,187.57,3098,3554
Colin McDonald,1624,37,1.36,0.52,0.57,0.52,0.54,0.49,0.54,33,4.83,0.54,0.39,0.96,0.13,2.35,1.63,0.53,0.56,0.55,0,0,5,1,0,6,1,1,0,0,0,0,0,5,4,5,0,0,0,9,0,0,4,1,1,0.2,0.13,0.21,0,0,1,6.28,6,6.22,0,0.08,0,0,0.62,0.64,0.63,37,5,2,5,25,2,4,7,24,0,1,9235,0,0,0,0,12.51,1.15,1.14,1.2,1.18,13,4,6,23,1,0,0,12,4,1,0.52,0.42,0.21,0,0,1,23.82,17,17.69,0.19,0,0,1.34,1.39,1.38,13.14,1.07,1.05,1.04,1.02,13,5,3,21,0,1,0,13,5,0,0.29,0.77,0,0,0,0,20.16,18,17.71,0.19,0.18,0.18,1.07,1.04,1.03,9.23,6.93,140,119
Frank Corrado,2585,67,-0.27,0.33,0.48,0.49,0.5,0.4,0.49,24,5.94,0.24,0.33,1.77,0.2,3.73,2.74,0.23,0.23,0.23,0,0,3,6,2,11,0,0,0,0,1,0,4,4,3,9,4,8,0,4,0,2,8,1,0,0.15,0.09,0,0,0,0,11.04,9,8.99,2,0.07,0,0,0.3,0.3,0.3,67,12,4,7,44,7,12,10,38,0,0,12115,8,4,2,2,19.68,1.3,1.28,1.3,1.29,18,10,17,45,1,1,0,24,4,0,0.79,0.51,0,0,1,0,45.12,28,28.25,0.27,0.18,0.18,1.39,1.41,1.4,29.84,2.65,2.55,2.63,2.53,31,11,4,46,2,3,0,31,9,2,0.96,1.1,0.58,1,1,0,46.51,42,42.24,0.39,0.69,0.69,2.34,2.36,2.33,10.87,11.69,197,200
Travis Zajac,94654,1972,44.11,0.48,0.44,0.5,0.45,0.5,0.46,181,116.3,15.24,8.75,23.86,3.8,63.57,45.79,14.6,15.27,14.62,21,10,126,35,34,195,45,14,11,3,19,5,58,54,112,147,16,33,884,81,44,25,100,50,11,3.64,6.34,5.26,4,4,6,194.19,161,160.68,10,2,2.59,3.26,13.99,14.01,13.61,1972,331,394,353,894,194,251,325,1202,884,733,197402,33,25,11,26,780.87,78.55,75.46,78.27,75.16,804,266,345,1415,79,58,13,757,248,65,22.46,30.88,25.22,24,25,30,1405.73,1070,1063.73,12.18,15.03,15.81,74.93,74.61,73.01,787.66,84.79,81.56,85.18,81.95,792,294,309,1395,82,58,16,774,229,83,23.51,27.77,33.51,19,26,37,1409.22,1086,1095.02,12.19,12.75,14.36,82.62,83.13,80.98,122.43,153.35,2526,3062
Erik Condra,7519,174,0.21,0.38,0.53,0.47,0.52,0.45,0.51,141,7.89,0.76,0.61,2,0.29,4.21,3.11,0.72,0.77,0.73,0,0,8,3,4,15,0,0,1,0,4,0,2,4,8,11,2,4,1,5,3,2,7,3,1,0.19,0.36,0.22,0,0,0,14.96,11,11.05,1,0.13,0.22,0.22,0.68,0.68,0.67,174,25,20,39,90,34,36,25,79,1,0,40044,4,6,3,7,54.98,4.04,3.9,4.14,4,54,24,31,109,2,3,0,61,15,2,1.64,1.85,0.55,0,2,0,110.41,78,79.39,0.76,0.42,0.42,4.38,4.5,4.4,67.36,6.68,6.58,6.65,6.55,66,30,28,124,6,7,1,68,22,6,2.1,2.51,2.08,3,1,2,123.2,96,94.96,0.95,1.14,1.14,6.49,6.44,6.39,32.13,27.93,626,585
Marc Staal,81613,1878,8.14,0.44,0.55,0.44,0.52,0.44,0.53,264,72.16,3.24,3.9,17.34,2.29,39.95,35.29,3.19,3.28,3.23,4,2,68,34,42,144,9,3,2,0,16,0,31,50,65,99,17,34,0,88,22,46,91,11,0,1.83,1.41,0,2,1,0,143.65,102,102.25,35,0.78,0.59,0.24,3.78,3.84,3.78,1878,169,260,289,1160,296,269,280,1033,0,1,176825,34,22,11,94,604.61,53.34,52.19,53.93,52.76,594,239,261,1094,56,27,8,624,168,41,17.76,20.75,14.84,18,20,18,1100.39,833,837.8,7.96,6.29,6.92,54.38,54.93,54.18,747.09,66.72,63.47,66.63,63.4,747,297,356,1400,67,52,13,788,194,62,21.39,23.08,22.25,19,23,25,1393.51,1044,1039.91,11.03,13.19,13.29,64.47,64.4,62.98,150.58,121.83,2805,2638
Lance Bouma,41528,1044,7.48,0.34,0.5,0.4,0.52,0.42,0.52,628,57.82,5.75,3.94,11.92,1.78,29.6,25.02,5.7,5.71,5.66,1,3,53,25,16,94,7,3,1,0,15,4,27,28,50,75,13,35,4,127,17,9,51,22,5,1.78,2.75,1.22,1,1,1,95.29,78,78.64,3,0.84,0.08,0.58,6,6,5.98,1044,71,166,154,653,170,164,165,545,4,8,180546,35,37,14,44,232.92,16.29,15.95,16.23,15.9,233,94,122,449,18,11,4,257,59,11,6.46,7.11,2.73,6,9,3,452.05,327,328.72,3.03,2.04,2.04,17.27,17.27,17.14,327.56,31.86,31,31.89,31.05,325,135,214,674,35,25,5,352,77,31,9.75,9.34,12.77,12,11,12,673.49,460,460.63,5.27,6.39,6.39,30.73,30.83,30.47,140.99,143.45,2887,2631
Brandon Carlo,102402,2080,24.85,0.49,0.6,0.47,0.58,0.48,0.59,229,87.81,3.06,4.85,23.53,2.92,51.62,44.01,2.98,3.13,3.05,4,6,88,42,49,179,16,6,4,0,29,2,40,49,82,124,28,59,0,87,21,42,124,5,1,2.2,0.58,0.27,5,1,0,180.87,130,132.3,33,0.98,0.61,0.35,3.69,3.77,3.71,2080,140,309,313,1318,338,268,305,1169,0,0,195445,59,17,6,115,833.27,74.06,71.92,74.53,72.39,852,293,348,1493,78,46,15,845,229,71,23.53,27.37,23.16,25,25,28,1508.2,1145,1155.67,11.22,10.85,11.34,73.95,74.42,73.33,889.73,77.96,74.95,78.06,75.04,897,347,406,1650,82,61,14,932,235,77,24.96,28.78,24.22,27,31,24,1635.27,1244,1236.64,13.85,14.52,15.51,76.31,76.27,74.72,180.24,118.85,3521,2540
Mitch Callahan,1635,42,0.35,0.56,0.59,0.53,0.54,0.54,0.54,46,2.07,0.28,0.13,0.49,0.07,1.15,0.89,0.28,0.27,0.27,0,0,2,1,3,6,0,0,0,0,0,1,0,2,2,3,0,0,0,3,1,0,2,0,1,0.03,0,0.25,0,0,0,5.84,3,2.9,0,0.03,0,0,0.3,0.29,0.29,42,3,7,9,23,6,4,6,26,0,0,13301,0,0,0,2,9.73,0.72,0.72,0.67,0.67,7,6,5,18,0,0,0,11,0,2,0.26,0,0.46,0,0,0,17.21,13,12.29,0.11,0,0,0.83,0.78,0.78,7.97,0.56,0.56,0.57,0.57,8,3,5,16,0,0,0,8,3,0,0.18,0.39,0,0,0,0,16,11,11.17,0.11,0,0,0.67,0.69,0.69,10.9,7.49,213,182
Micheal Haley,31939,809,10.48,0.52,0.51,0.48,0.53,0.5,0.53,670,45.45,5.04,3.2,10.4,1.43,26.14,17.78,4.87,4.95,4.79,7,3,38,26,22,86,12,2,7,0,10,0,23,22,36,62,31,118,66,129,18,19,43,15,6,1.55,1.87,1.61,1,0,1,86.04,64,63.97,3,0.66,1.52,0.95,4.75,4.72,4.69,809,85,55,113,556,134,92,109,474,66,83,178449,118,102,27,23,235.25,20.42,19.84,20.56,19.98,245,93,125,463,22,18,2,262,58,18,7.52,7.34,5.57,8,8,6,469.19,338,341.82,3.19,3.89,3.89,19.72,19.87,19.58,241.45,19.23,18.63,19.06,18.48,237,97,164,498,16,19,3,253,62,19,6.62,7.53,5.08,6,6,4,490.87,334,329.79,3.31,3.51,3.67,18.87,18.7,18.4,147.74,139.43,3063,2766
Fedor Tyutin,76901,1723,3.15,0.35,0.48,0.41,0.51,0.4,0.5,269,42.75,1.44,2.37,10.64,1.36,24.65,22.54,1.43,1.43,1.41,1,11,46,17,31,94,13,1,0,0,12,3,18,29,45,62,19,38,0,115,15,18,61,2,0,1.23,0.22,0,1,0,0,91.21,63,61.52,13,0.48,0,0,1.92,1.89,1.87,1723,107,296,315,1005,215,212,204,1092,0,0,169431,38,10,5,88,456.37,35.43,34.67,35.09,34.34,467,178,244,889,33,18,1,507,122,16,13.84,15.14,6.45,13,16,4,869.02,645,634.37,6.19,3.43,3.19,38.43,38.12,37.47,690.03,65.63,60.58,66.42,61.34,694,275,307,1276,84,54,12,746,155,68,20.26,19.29,26.08,31,24,29,1304.76,969,987.28,10.87,13.15,13.15,63.34,64.21,61.15,120.43,132.08,2662,2547
Tyler Wotherspoon,2616,62,-0.15,0.48,0.7,0.46,0.68,0.5,0.69,24,3.34,0.15,0.21,0.79,0.1,2.16,1.58,0.15,0.15,0.15,0,0,4,1,3,8,0,0,0,0,0,0,3,2,4,5,0,0,0,3,1,4,4,1,0,0.06,0.09,0,0,0,0,7.66,5,4.92,4,0.04,0,0,0.19,0.19,0.19,62,7,5,11,39,9,11,8,34,0,0,11784,0,0,0,2,18.92,1.41,1.41,1.39,1.39,22,6,5,33,0,0,0,21,7,0,0.64,0.77,0,0,0,0,33.08,28,28.04,0.26,0,0,1.67,1.65,1.64,20.59,1.5,1.5,1.5,1.5,18,10,10,38,2,0,0,21,6,1,0.57,0.69,0.24,1,1,0,37.89,28,28.01,0.25,0,0,1.76,1.75,1.75,13.78,5.92,224,106
Benoit Pouliot,55629,1339,14.19,0.46,0.53,0.48,0.51,0.49,0.52,493,79.94,8.77,5.5,17.69,2.66,45.09,33.29,8.43,8.77,8.43,5,1,77,36,33,146,14,8,6,2,17,4,32,46,69,105,17,34,7,39,39,48,79,25,9,2.8,3.22,2.76,3,3,2,145.17,113,112.75,19,1.18,1.35,1.51,8.45,8.44,8.28,1339,200,151,216,772,191,191,193,764,7,20,185579,34,26,13,39,423.62,35.98,34.83,35.72,34.57,441,150,212,803,27,30,6,455,104,32,13.42,12.62,9.94,9,11,7,799.26,591,588.26,6.02,6.19,6.27,35.74,35.48,34.93,440.47,42.97,40.85,43.36,41.19,443,168,264,875,36,42,12,435,134,42,12.54,16.5,13.93,9,14,13,873.87,611,613.14,6.61,9.98,9.97,39.61,39.92,39,168.07,150.24,3015,2852
Joonas Donskoi,49791,1186,25.17,0.56,0.5,0.57,0.5,0.57,0.51,482,99.87,11.9,7.91,22.34,3.39,53.3,36.17,11.54,11.86,11.5,5,6,95,40,34,169,17,6,13,1,19,7,44,46,89,129,5,10,8,27,30,34,82,40,13,3.44,4.96,3.49,1,3,2,170.15,135,135.43,8,1.74,3.25,2.29,11.35,11.34,11.15,1186,168,85,191,742,176,134,157,719,8,8,167304,10,30,16,27,433.88,42.6,41.13,42.81,41.34,426,185,234,845,28,41,5,441,124,46,13.29,15.12,14.19,7,9,12,853.54,611,617.1,6.94,8.69,9.19,40.35,40.59,39.8,340.92,33.73,32.45,33.65,32.36,316,149,184,649,28,30,10,341,88,36,10.34,11.32,12.07,9,9,10,640.8,465,460.31,4.79,7.91,7.99,30.54,30.31,29.79,129.8,127.62,2691,2726
Chris Butler,1288,26,-0.28,0.48,0.73,0.34,0.54,0.28,0.52,2,0.61,0.02,0.05,0.14,0.02,0.45,0.33,0.02,0.02,0.02,0,0,1,0,2,3,0,0,0,0,0,0,1,0,1,1,0,0,0,0,0,1,1,0,0,0.02,0,0,0,0,0,3.02,1,1.04,1,0.01,0,0,0.03,0.03,0.03,26,1,6,1,18,4,1,5,16,0,0,2312,0,0,0,2,5.33,0.77,0.77,0.77,0.77,5,3,5,13,1,0,0,7,0,1,0.27,0,0.5,1,0,0,13.03,8,8.13,0.07,0,0,0.84,0.83,0.83,15.11,0.85,0.84,0.88,0.87,15,6,4,25,1,1,0,17,4,0,0.36,0.49,0,1,0,0,25.61,21,21.5,0.2,0.12,0.12,0.94,0.96,0.95,2.17,0.79,38,32
Dennis Rasmussen,48254,1256,12.22,0.44,0.51,0.42,0.52,0.43,0.51,608,69.08,7.57,4.65,15.63,2.17,33.66,27.32,7.32,7.57,7.31,4,0,77,14,23,114,8,4,5,2,28,2,24,28,73,87,6,12,165,61,25,19,59,19,13,1.66,2.35,3.56,1,2,1,114.56,91,91.48,14,0.97,1.11,2.19,6.35,6.34,6.25,1256,109,277,163,707,196,133,164,763,165,205,199480,12,26,13,49,320.68,27.02,26.09,27.14,26.18,338,105,174,617,18,26,2,344,64,35,9.29,7.92,9.81,10,6,2,622.67,443,446.79,4.36,4.89,6,25.38,25.45,25.06,416.57,34.86,33.59,34.66,33.39,442,146,275,863,33,25,6,457,105,26,12.7,12.79,9.39,12,12,9,854.44,588,582.44,6.5,5.72,6.65,34.71,34.48,33.63,163.29,153.91,3250,2965
Frederik Gauthier,12213,349,2.93,0.37,0.53,0.41,0.5,0.41,0.5,224,15.56,1.57,1.03,3.19,0.45,7.61,6.15,1.55,1.56,1.54,0,1,15,5,5,25,3,2,0,0,2,2,8,6,13,18,5,13,120,17,5,3,12,7,1,0.31,0.91,0.35,1,1,0,25.69,20,20.56,3,0.22,0,0.35,1.43,1.45,1.45,349,19,84,54,192,58,42,50,199,120,115,64961,13,7,2,17,76.18,5.22,5.13,5.27,5.19,70,34,40,144,7,3,0,83,18,3,2.05,2.41,0.76,3,4,0,148.28,104,106.94,0.92,0.53,0.74,5.4,5.49,5.45,106.75,9.06,8.85,8.88,8.68,106,45,57,208,9,6,3,122,22,7,3.64,2.48,2.95,1,5,3,201.92,151,146.55,1.64,0.92,1.33,9.37,9.17,8.96,63.31,55.67,1084,1069
Luke Glendening,57343,1459,8.21,0.35,0.5,0.36,0.52,0.38,0.51,638,77.24,9.23,5.33,16.23,2.45,40.06,33.7,9.1,9.21,9.08,9,2,76,31,15,122,14,3,3,0,17,2,37,45,73,104,13,26,307,150,19,12,70,26,11,2.13,3.3,3.8,2,0,1,122.04,107,107.12,6,1.13,0.99,1.4,8.96,9,8.94,1459,134,358,234,733,193,151,220,895,307,261,214269,26,18,9,62,341.43,27.45,26.64,27.25,26.43,333,138,131,602,19,16,2,361,81,29,8.61,9.77,9.07,9,4,6,598.69,471,468.89,4.43,4.34,4.56,27.32,27.15,26.9,561.03,51.11,48.37,51.27,48.52,539,246,283,1068,47,36,11,589,143,53,15.75,17.54,17.83,16,10,21,1069.83,785,786.38,9.45,9.36,10.57,50,50.15,48.39,156.41,155.27,3239,3038
Mike Hoffman,78113,1585,62.68,0.6,0.46,0.58,0.44,0.58,0.45,316,223.22,19.7,15.03,52.13,7.33,131.73,86.08,19.21,19.69,19.21,24,11,224,88,103,415,61,26,18,2,59,9,96,104,198,286,19,41,12,41,45,54,238,58,16,6.75,6.54,6.41,12,8,6,414.87,312,313.03,17,3.51,3.46,2.07,21.14,21.21,20.81,1585,355,172,269,789,199,218,255,913,12,9,192724,41,16,8,21,756.16,69.67,66.55,70.01,66.89,760,311,357,1428,89,57,11,841,169,61,23.46,20.5,25.71,35,25,29,1431.42,1071,1074.76,12.23,11.74,13.03,68.86,69.27,67.9,549.55,45.94,44.95,46.09,45.09,545,224,257,1026,40,36,5,584,147,38,17.14,18.04,10.76,20,12,8,1029.7,769,772.2,7.62,6.76,6.76,46.81,46.86,46.3,123.27,144.48,2686,3356
Nick Holden,97868,2207,25.86,0.46,0.54,0.46,0.51,0.46,0.52,216,96.08,5.48,6.03,24.43,3.17,59.12,43.78,5.27,5.57,5.36,9,14,81,61,79,221,34,11,2,0,23,1,51,54,70,131,16,35,0,160,23,60,127,11,4,2.8,1.28,1.41,7,2,2,220.72,142,142.77,51,1.26,0.35,0.4,6.34,6.42,6.21,2207,213,340,353,1301,301,258,322,1326,0,1,189486,35,23,9,88,736.74,68.15,66.55,68.79,67.16,726,287,326,1339,82,36,10,753,204,56,22.12,24.73,21.3,27,26,29,1345.21,1013,1018.98,9.98,8.45,9.08,69.05,69.72,68.77,862.01,79.97,76.23,79.83,76.11,865,340,385,1590,76,70,17,887,240,78,24.54,28.71,26.71,20,24,32,1580.96,1205,1198.78,12.96,17.44,17.66,75.26,75.13,73.59,158.39,132.77,3039,2927
Chris Thorburn,26788,735,0.6,0.4,0.52,0.41,0.49,0.41,0.5,745,33.09,2.99,2.12,7.35,1.03,17.5,14.02,2.94,2.97,2.92,1,0,36,9,18,63,4,3,0,0,7,0,16,19,33,42,28,95,13,90,4,4,30,12,3,0.79,1.28,0.92,1,1,1,62.6,45,44.91,2,0.45,0,0.35,3.08,3.07,3.03,735,69,60,103,503,90,118,95,432,13,13,205780,95,77,19,25,150.09,11.95,11.73,12.06,11.83,168,41,96,305,10,7,1,155,47,7,4.53,5.38,2.04,5,3,2,306.66,209,210.07,2,1.51,1.65,12.23,12.32,12.2,211.99,18.11,17.45,18.01,17.34,221,76,140,437,21,14,4,233,48,16,7.14,5.64,5.33,8,8,5,437.62,297,296.77,3.12,2.89,2.89,18.27,18.17,17.8,173.61,162.26,3089,3212
Jonny Brodzinski,4423,98,4.47,0.62,0.54,0.63,0.5,0.65,0.5,58,17.12,1.51,1.29,3.91,0.57,9.65,6.06,1.39,1.45,1.32,1,1,17,6,7,30,2,0,2,0,2,1,9,9,17,23,1,2,0,10,2,1,18,3,2,0.67,0.37,0.47,0,0,0,29.23,23,22.26,1,0.29,0.34,0.47,1.33,1.28,1.2,98,14,13,9,62,16,12,11,59,0,0,17204,2,2,1,4,49.8,5.03,4.72,4.91,4.61,47,21,17,85,3,9,1,50,11,7,1.71,1.46,1.87,0,2,1,83.27,68,66.81,0.79,1.81,1.72,4.1,4.02,3.86,26.83,3.04,2.97,3.13,3.06,27,10,13,50,1,3,0,24,11,2,0.55,1.7,0.78,0,0,1,50.94,37,37.64,0.35,0.46,0.46,2.92,2.99,2.97,15.22,13.14,260,263
Darren Helm,46108,1089,17.87,0.42,0.48,0.46,0.49,0.46,0.49,327,96.03,10.13,6.28,19.99,3.24,49.1,40.27,9.96,10.09,9.92,3,6,98,31,37,166,17,8,4,0,28,3,37,49,90,121,8,20,216,71,17,20,87,30,12,2.85,3.48,3.8,1,4,3,165.8,129,129.11,15,1.39,0.46,1.71,9.81,9.82,9.72,1089,141,146,178,624,171,136,168,614,216,204,136946,20,34,17,18,347.19,28.24,27.65,28.21,27.62,350,134,158,642,32,11,1,375,84,25,10.46,9.89,7.89,13,11,8,637.54,484,481.84,4.97,2.25,3.11,30.11,30.1,29.65,413.34,38.56,37.04,38.69,37.17,417,159,167,743,40,32,6,425,117,34,12.61,14.06,11.88,13,17,10,749.57,576,579.98,6.61,7.83,8.09,37.08,37.22,36.15,95.38,104.53,1931,2019
Julius Honka,16194,346,8.85,0.53,0.47,0.59,0.48,0.61,0.49,78,30.54,1.33,1.71,7.9,0.99,18.07,14,1.24,1.32,1.22,4,0,34,10,17,61,5,1,3,0,9,3,12,16,33,43,2,4,0,9,6,9,43,0,1,0.99,0,0.34,1,0,0,60.55,44,43.55,5,0.37,0.79,0.34,1.36,1.35,1.27,346,40,34,48,224,37,41,52,216,0,0,42218,4,4,2,15,163.28,13.16,12.73,13.13,12.7,160,69,68,297,12,15,3,179,34,16,4.8,4.02,4.34,5,5,2,297.12,229,228.8,2.41,2.9,3.13,12.44,12.45,12.25,105.85,11.55,11.14,11.58,11.18,111,35,62,208,15,7,2,96,39,11,2.42,5.08,4.04,4,6,5,209.9,146,146.47,1.44,1.17,1.17,11.81,11.87,11.57,30.93,35.29,636,687
Sonny Milano,2804,63,-0.35,0.49,0.44,0.5,0.47,0.48,0.47,42,3.4,0.49,0.36,0.91,0.12,1.26,0.86,0.43,0.49,0.43,0,0,2,2,2,6,0,0,2,0,0,0,1,1,2,4,0,0,0,3,1,3,2,1,1,0.09,0.2,0.21,0,0,0,6.03,4,3.91,1,0.08,0.38,0.41,0.17,0.17,0.16,63,7,2,7,47,11,8,10,34,0,0,11677,0,0,0,2,21.81,1.81,1.66,1.81,1.66,19,10,10,39,1,3,0,24,3,2,0.82,0.52,0.46,1,0,0,38.22,29,28.76,0.33,0.59,0.84,1.3,1.31,1.28,23.14,1.88,1.87,1.88,1.87,19,12,8,39,4,2,0,23,7,1,0.85,0.77,0.27,2,1,1,40.09,31,31.34,0.28,0.17,0.17,1.98,1.98,1.97,6.56,8.34,164,185
Curtis McKenzie,34509,863,17.75,0.46,0.49,0.47,0.52,0.47,0.52,545,70.64,7.99,4.82,15.82,2.2,34.81,28.35,7.79,8.12,7.9,5,5,66,28,22,116,16,6,6,2,10,5,29,38,60,88,19,62,3,103,12,10,56,24,14,1.33,2.82,3.85,0,2,4,116.71,94,94.71,4,1.03,1.43,1.79,7.23,7.35,7.22,863,74,99,120,570,141,133,141,448,3,3,157613,62,72,23,31,280.9,25.17,24.43,25.32,24.54,262,123,150,535,24,22,7,280,78,27,8.04,9.54,7.6,7,10,7,534.31,385,384.38,3.93,5.2,5.41,23.7,23.72,23.42,320.01,30.06,28.01,30.02,28,301,138,175,614,25,35,6,321,86,32,8.65,11.01,10.4,6,10,9,613.3,439,439.48,4.93,8.22,8.16,26.83,26.88,26.34,128.98,131.65,2665,2440
Kris Russell,85253,1833,17.13,0.42,0.56,0.42,0.53,0.45,0.54,181,69.67,3.02,4.2,19.03,2.33,42.49,30.93,2.92,3.02,2.91,2,10,67,35,59,161,13,1,3,0,23,3,39,33,66,101,10,23,0,67,36,59,95,6,1,1.96,0.84,0.22,1,0,0,160.02,102,101.84,54,0.86,0.4,0.03,3.85,3.85,3.72,1833,165,314,311,1043,238,248,220,1127,0,0,159312,23,29,13,212,589.32,51.7,49.79,51.79,49.91,596,225,285,1106,44,44,10,599,180,42,17.96,21.98,11.75,13,21,10,1115.07,821,827.45,8.29,8.51,9.02,50.97,51.2,50.36,731.35,72.37,68.06,72.55,68.18,710,308,494,1512,54,65,9,729,221,68,22.97,26.16,23.25,11,25,18,1501.81,1018,1013.92,11.88,15.19,15.19,69.07,69.08,66.82,153.82,122.47,2693,2343
Trevor Lewis,70224,1567,38.6,0.48,0.53,0.52,0.56,0.53,0.55,543,155.68,13.76,10.31,35.95,4.9,79.17,64.91,13.26,13.64,13.15,8,4,145,64,39,248,24,12,13,3,32,9,55,88,133,197,15,30,44,174,18,12,157,37,15,5.13,4.55,4.08,3,5,4,244.77,209,206.52,7,2.18,2.56,4.26,11.67,11.6,11.35,1567,187,188,231,961,280,211,202,874,44,66,228485,30,26,13,30,567.03,43.74,42.37,43.47,42.12,551,234,251,1036,37,43,4,618,131,36,17.67,15.82,10.25,16,14,7,1027.49,785,779.05,7.62,8.54,8.54,42.82,42.69,41.89,508.01,47.23,45.69,47.66,46.11,492,204,262,958,48,25,5,523,138,35,16.66,16.91,13.67,22,13,13,969.16,696,705.75,7.36,6.43,6.43,48.16,48.59,47.8,186.59,162.38,3975,3181
David Savard,96940,2056,36.58,0.47,0.54,0.46,0.52,0.47,0.52,184,138.33,6.82,7.99,37.5,4.57,81.39,61.73,6.26,6.85,6.28,8,9,135,65,64,264,23,6,6,1,36,3,59,90,129,194,21,44,0,127,22,44,185,10,5,4.07,1.18,1.57,5,1,0,264.92,200,200.5,32,1.63,0.89,1.37,7.08,7.1,6.57,2056,199,405,322,1130,338,304,331,1083,0,0,171975,44,12,6,126,808.2,70.92,68.09,71.68,68.84,823,286,336,1445,76,62,11,830,215,64,23.37,26.74,20.8,30,27,19,1467.22,1109,1122.16,10.9,12.09,12.3,69.53,70.27,68.41,902.48,78.69,75.8,78.96,76.04,909,336,426,1671,56,67,7,929,244,72,25.9,29.31,23.49,20,24,12,1655.56,1245,1237.66,14.01,13.62,14.19,78.51,78.58,76.7,144.67,123.34,2717,2538
Kyle Palmieri,83275,1768,53,0.52,0.43,0.52,0.45,0.51,0.45,342,206.63,22.12,13.78,43.97,6.49,114.15,75.48,20.2,21.91,20,13,14,192,84,96,372,53,26,15,3,48,11,81,95,166,250,15,36,12,124,29,34,181,75,20,5.31,8.67,8.14,6,10,10,369,276,273.09,10,3.21,4.58,2.81,22.51,22.36,20.68,1768,315,236,313,904,192,244,286,1046,12,17,208481,36,66,30,36,699.99,72.73,69.25,72.57,69.1,699,264,327,1290,78,40,10,668,231,64,19.25,27.67,25.81,19,26,33,1283.34,963,958.26,11.23,9.57,9.95,74,73.83,70.91,667.73,66.68,64.71,66.96,65.01,672,245,272,1189,57,52,11,675,182,60,19.98,22.21,24.49,12,22,23,1200.17,917,924.89,9.25,9.6,10.27,65.65,66.12,64.97,128.93,169.36,2647,3224
John Mitchell,48401,1109,7.02,0.42,0.45,0.48,0.48,0.46,0.48,566,60.11,5.09,4.03,13.16,1.92,34.52,25.28,4.97,5,4.89,1,3,56,28,41,125,7,3,1,0,18,2,25,35,53,81,16,35,294,86,29,17,63,19,2,2.22,2.27,0.6,3,0,0,122.64,84,82.6,5,0.84,0.3,0.89,5.03,5.01,4.97,1109,154,145,148,662,187,205,151,566,294,237,183209,35,15,5,43,319.99,25.48,24.83,25.05,24.4,308,147,210,665,14,16,2,379,57,19,10.63,7.14,7.7,11,0,3,645.59,455,444.61,4.24,4.25,4.28,25.44,25.13,24.67,383.73,35.82,33.65,36.62,34.42,393,148,175,716,31,29,4,410,92,39,11.1,10.99,13.72,9,11,11,743.18,541,559.24,5.55,6.91,6.99,34.37,35.19,34.47,122.66,152.76,2699,2892
Justin Bailey,20414,468,2.89,0.41,0.46,0.43,0.47,0.44,0.47,319,35.61,2.32,2.23,8.73,1.09,20.06,14.58,2.25,2.38,2.31,1,1,36,13,26,75,4,2,3,0,5,0,19,20,34,47,2,4,0,27,8,10,39,8,2,1.01,0.84,0.47,0,2,0,77.3,49,50.46,4,0.46,0.56,0.47,2.3,2.37,2.34,468,56,44,88,280,77,80,50,261,0,1,95672,4,18,9,14,153.31,11.05,10.77,11.04,10.77,153,60,70,283,11,6,1,168,38,7,4.76,4.56,1.73,3,5,3,286.27,213,214.51,2.07,1.32,1.32,11.8,11.82,11.61,197.72,15.71,15.16,15.64,15.1,209,67,95,371,11,19,3,216,42,18,6.15,5.1,4.46,4,2,5,370.92,276,276.31,2.66,3.72,3.82,14.55,14.46,14.3,71.2,82.42,1432,1620
Fredrik Claesson,25991,615,13.18,0.52,0.5,0.53,0.49,0.51,0.5,177,25.98,1.41,1.57,6.75,0.84,15.21,11.23,1.38,1.42,1.39,3,5,25,12,35,72,11,3,3,0,6,2,11,12,22,34,2,4,0,55,4,15,33,4,0,0.86,0.55,0,3,0,0,72.48,37,37.25,12,0.33,0.89,0.06,1.68,1.69,1.66,615,80,63,73,399,91,98,74,352,0,0,95210,4,2,1,24,218.67,17.37,16.88,17.65,17.14,224,79,124,427,15,11,2,232,61,10,6.7,7.2,3.48,9,2,4,431.22,303,305.8,2.84,2.95,2.95,17.27,17.44,17.13,203.14,15.79,15.43,15.79,15.43,185,101,100,386,14,12,2,228,49,9,6.59,5.99,3.21,5,6,3,382.51,286,285.27,2.8,2.04,2.04,16.55,16.47,16.22,66.59,65.66,1491,1554
Colton Sissons,38708,981,6.95,0.43,0.53,0.41,0.52,0.41,0.52,574,42.1,7.27,3.19,8.69,1.35,20.41,15.1,7.01,7.37,7.1,2,0,42,14,17,73,10,8,3,3,8,1,20,16,34,48,5,12,192,104,12,11,32,11,13,1.45,1.22,4.6,2,0,6,73.86,56,56.69,6,0.68,0.53,1.5,6.45,6.46,6.37,981,71,199,168,543,181,129,131,540,192,192,172824,12,15,6,24,245.28,22.47,21.83,22.87,22.19,250,85,119,454,24,19,6,261,47,27,7.67,5.71,9.09,8,4,12,460.13,335,339.12,3.32,4.27,4.27,21.52,21.83,21.56,337.9,29.4,27.76,29.23,27.62,337,136,181,654,18,33,8,368,79,26,10.91,9.68,8.81,1,9,8,649.09,473,470.63,5.06,7.36,7.44,27.03,26.94,26.37,136.63,120.9,2842,2573
Chris VandeVelde,56187,1372,14.54,0.37,0.55,0.38,0.55,0.38,0.56,770,64.1,7.04,3.89,15.54,2.27,32.99,26.27,6.93,6.99,6.87,3,6,69,19,33,121,15,6,6,1,12,1,29,34,63,82,8,16,22,114,14,12,64,14,10,2.11,1.74,3.18,1,1,4,121.11,88,87.85,7,0.82,1.08,2,5.87,5.86,5.78,1372,119,226,195,832,184,172,193,823,22,20,240375,16,26,13,60,313.11,26.45,25.65,26.35,25.57,313,127,175,615,18,28,3,345,71,24,9.49,8.75,8.22,6,5,7,613.26,440,440.48,3.9,5.88,5.88,24.47,24.47,24.15,506.42,45.17,43.32,45.31,43.46,484,223,306,1013,44,40,11,531,135,41,15.09,16.51,13.56,13,13,18,1012.53,707,707.75,8.46,8.73,8.78,44.84,44.94,43.64,214.68,175.16,4270,3479
Cody Goloubef,32113,729,1.07,0.38,0.45,0.45,0.49,0.44,0.48,150,22.66,0.62,1.22,5.32,0.75,14.21,12.88,0.6,0.61,0.58,2,2,29,6,18,53,4,0,3,0,7,1,4,20,29,35,11,25,0,30,5,6,35,0,0,0.62,0,0,0,0,0,51.32,35,33.89,6,0.24,0.38,0,0.87,0.85,0.81,729,52,120,102,455,122,109,94,404,0,0,83512,25,11,4,31,220.35,15.4,15.1,15.17,14.89,230,85,118,433,15,9,1,269,38,8,8.2,4.78,2.42,12,1,2,421.06,315,308.35,2.89,1.19,1.19,17.1,16.83,16.58,281.35,24.91,23.68,25.23,23.99,288,108,137,533,31,25,6,299,74,23,8.53,8.9,7.48,15,9,7,547.74,396,404.13,4.31,6.54,6.45,22.75,23.12,22.55,58.59,71.21,1217,1250
Ian McCoshen,2386,52,0.75,0.54,0.48,0.52,0.48,0.52,0.48,19,0,0,0,0,0,0,0,0,0,0,0,1,0,0,1,1,1,0,0,0,0,0,0,0,0,0,0,0,0,3,0,0,0,0,0,0,0,0,0,0,0,0.97,0,0,0,0,0,0,0,0,0,52,6,3,10,33,3,7,7,35,0,0,8414,0,0,0,2,17.81,1.69,1.63,1.73,1.67,15,9,6,30,1,4,0,15,8,1,0.54,0.91,0.24,0,1,0,30.19,24,24.03,0.25,0.54,0.54,1.4,1.43,1.42,16,1.43,1.4,1.45,1.42,18,4,6,28,1,2,0,14,8,0,0.49,0.94,0,0,1,0,28.09,22,22.07,0.22,0.32,0.32,1.33,1.35,1.35,7.96,8.49,123,131
Josh Leivo,9808,246,11.23,0.66,0.45,0.61,0.5,0.64,0.48,122,29.05,3.42,2.02,6.15,1.03,16.51,10.86,3.18,3.39,3.16,6,2,27,13,7,47,10,2,1,1,5,1,20,11,25,38,2,4,1,5,11,2,22,16,2,0.82,2.02,0.58,0,1,1,46.47,40,39.72,1,0.44,0.25,0.49,3.37,3.34,3.21,246,45,27,41,133,42,30,49,125,1,1,37527,4,8,4,4,114.72,12.26,11.38,11.96,11.1,114,43,31,188,11,9,2,96,50,11,2.93,6.04,3.29,3,4,4,183.53,157,153.51,1.77,1.95,1.98,12.04,11.76,11.26,64.19,6.38,5.98,6.48,6.09,68,22,32,122,6,6,2,69,15,6,1.8,1.85,2.73,3,1,2,124.5,90,91.78,0.77,0.78,0.78,6.37,6.53,6.22,32.04,39.21,643,634
Roman Polak,80643,1817,12.69,0.4,0.55,0.41,0.54,0.42,0.53,338,69.93,2.42,3.57,18.83,2.36,40.94,33.88,2.39,2.4,2.37,2,5,64,38,63,165,11,4,5,0,23,2,19,49,60,98,23,55,0,232,16,49,98,3,1,1.76,0.29,0.38,4,0,0,164.04,102,101.98,43,0.72,0.66,0.45,2.69,2.68,2.64,1817,134,289,276,1118,241,292,248,1036,0,1,193161,55,20,7,133,607.56,53.56,52.1,54.03,52.54,579,259,249,1087,45,37,5,614,182,42,18.66,22.41,12.5,13,20,12,1094.78,838,845.82,7.9,7.82,7.84,53.61,54.02,53.15,832.5,81.8,79.07,81.74,79.02,790,365,405,1560,58,57,12,864,206,85,24.2,24.68,32.92,17,13,28,1549.09,1155,1147.3,13.06,14.21,15.14,79.72,79.7,78.11,192.48,155.71,3473,2983
Max Domi,57959,1187,25.7,0.5,0.38,0.51,0.41,0.5,0.41,235,105.88,11.29,7.54,23.29,3.48,59.35,40.04,10.64,11.25,10.6,19,10,104,41,60,205,37,8,6,2,34,7,35,56,96,137,17,40,5,28,27,35,101,36,8,3.41,4.89,2.98,3,5,0,203.95,145,144.56,10,1.71,0.96,1.92,11.09,11.08,10.82,1187,227,130,192,638,140,195,166,686,5,5,149976,40,38,16,21,501.67,47.2,45.59,47.25,45.64,490,207,245,942,54,33,7,497,164,36,13.68,20.02,13.49,16,25,13,936.31,697,693.35,8.1,6.37,6.3,49,49.1,48.15,507.12,47.17,45.31,47.48,45.6,507,197,201,905,48,38,4,510,149,45,15.56,17.94,13.66,19,16,13,916.01,704,712.77,7.43,7.98,8.07,46.53,46.81,45.54,86.33,142.66,1948,2792
Nikita Zadorov,62567,1400,4.37,0.42,0.45,0.44,0.49,0.44,0.48,206,66.74,2.95,4.03,17,2.24,42.2,31.58,2.91,2.91,2.87,7,3,59,41,53,153,10,0,4,0,15,2,38,41,59,100,32,73,0,148,11,22,93,6,1,1.82,0.62,0.52,0,0,0,148.52,100,97.77,21,0.83,1.15,0.16,3.62,3.57,3.51,1400,120,190,221,869,169,216,201,814,0,0,136665,73,37,14,68,433.26,33.22,31.88,32.93,31.59,427,187,212,826,25,29,5,491,98,25,13.48,11.31,8.43,10,6,9,809.49,614,603.44,5.86,5.69,5.88,33.2,32.87,31.9,545.62,46.68,44.54,47.42,45.21,581,194,257,1032,56,42,9,590,139,46,16.15,16.03,14.5,18,23,15,1055.83,775,788.64,8.51,8.98,8.99,46.19,46.74,45.7,91.89,114.28,1998,2084
Kevin Fiala,43780,1016,26.85,0.6,0.48,0.57,0.49,0.56,0.48,425,109.07,11.9,8.1,23.28,3.25,58.3,41.17,11.36,12.01,11.47,3,2,114,32,37,183,16,11,9,2,26,6,46,48,103,135,9,18,0,44,39,27,102,29,15,3.76,3.77,4.36,3,3,5,184.31,146,146.56,12,1.76,1.99,2.67,10.97,11.04,10.91,1016,182,93,162,579,202,162,136,516,0,0,153679,18,16,8,14,419.83,35.44,34.08,35.68,34.3,418,163,195,776,23,30,6,449,89,43,12.42,10.57,12.45,9,5,9,777.6,581,582.02,6.09,6.43,6.76,34.77,34.88,34.4,319.4,23.99,23.42,24.01,23.44,310,139,144,593,20,15,3,364,71,14,10.16,8.56,5.27,4,12,4,593.12,449,449.22,4.18,3.42,3.42,24.75,24.82,24.59,108.53,119.22,2357,2451
Vladimir Tarasenko,90872,2064,84.4,0.57,0.47,0.57,0.46,0.58,0.46,283,290.97,26.7,20.43,63.64,8.89,166.05,112.29,25.71,26.85,25.86,18,18,286,112,128,526,75,39,14,6,68,12,123,142,247,359,6,12,5,50,29,31,303,77,18,10.38,8.74,7.59,16,15,8,529.88,398,401.44,10,4.55,3.17,3.92,27.33,27.5,26.94,2064,467,130,371,1096,211,302,326,1225,5,5,207007,12,38,19,31,872.31,84.83,81.69,85.45,82.3,887,321,411,1619,98,59,12,908,228,72,27.04,27.1,30.69,32,36,30,1628.55,1208,1216.23,14.27,12.43,12.52,86.56,87.14,85.56,641.73,64.16,62.22,64.15,62.24,647,234,325,1206,65,37,8,635,190,56,17.97,23.68,22.52,11,26,28,1201.4,881,879.43,8.88,8.77,8.77,64.27,64.24,63.1,123.69,141.65,2658,3158
Brian Flynn,36921,966,10.62,0.43,0.52,0.42,0.53,0.44,0.52,477,49.37,3.79,3.13,11.23,1.58,26.22,21.05,3.6,3.76,3.58,3,1,47,20,25,92,10,6,6,3,14,2,15,24,41,61,2,4,69,20,13,15,54,10,3,1.75,1.22,0.81,3,1,2,92.66,67,67.45,10,0.65,1.27,0.95,3.5,3.49,3.45,966,81,214,143,528,139,109,135,583,69,80,148751,4,8,4,29,234.33,18.35,17.28,18.32,17.32,217,106,122,445,20,17,6,260,47,16,6.91,5.94,5.49,9,3,8,448.09,323,325,3.13,3.98,3.98,17.49,17.63,17.37,296.57,24.43,23.65,24.5,23.71,307,108,200,615,26,19,7,332,65,18,9.53,7.82,7.08,11,6,9,614.65,415,414.9,4.76,5.1,5.1,24.1,24.13,23.62,115.68,105.68,2425,2171
Max Pacioretty,93198,2005,80.99,0.57,0.47,0.57,0.48,0.57,0.48,146,281.92,28.29,18.64,62.69,8.94,152.66,113.77,26.96,28.46,27.12,18,14,268,117,115,500,67,35,27,2,56,10,114,143,233,350,19,38,27,63,44,47,278,78,29,7.69,9.52,11.08,14,10,11,504.42,385,387.71,25,4.2,5.62,3.74,28.75,28.89,28.13,2005,407,202,357,1039,260,321,358,1066,27,23,202342,38,32,16,35,911.79,85.67,82.1,86.22,82.62,880,382,449,1711,92,65,7,942,236,84,26.39,28.97,30.32,31,31,30,1719.27,1262,1267.18,14.25,13.91,13.91,86.01,86.45,84.42,682.25,65.83,64.09,66.1,64.33,702,246,321,1269,61,35,3,714,174,60,21.84,22.2,21.8,25,23,13,1273.01,948,952.8,9.91,7.32,7.32,68.43,68.7,67.78,132.98,147.55,2976,3171
Matthew Tkachuk,66854,1468,58.68,0.61,0.45,0.6,0.47,0.6,0.46,523,142.43,17.14,11.31,31.02,4.82,74.17,53.54,16.73,17.39,16.97,25,10,142,50,40,232,48,13,17,0,31,3,59,69,129,179,36,83,8,65,40,27,113,60,19,3.41,7.16,6.56,3,6,4,235.03,192,194.96,6,2.48,4.03,4.2,15.42,15.6,15.38,1468,192,226,294,756,283,170,223,792,8,15,209682,83,103,47,22,668.34,66.33,64.55,66.77,65,670,261,331,1262,70,50,13,675,186,70,18.25,21.73,26.35,21,21,28,1266.37,931,934.94,10.21,13.15,13.71,62.82,63.12,62.21,455.62,42.91,41.32,43.13,41.5,431,200,216,847,36,37,5,461,132,38,13.6,16.8,12.51,9,20,7,843.85,631,630.98,6.34,7.51,8.77,40.49,40.57,39.93,136.32,168.1,2890,3257
William Karlsson,65063,1587,22.55,0.44,0.53,0.43,0.51,0.43,0.52,649,95.9,10.61,6.58,20.78,3.12,50.81,38.1,10.22,10.77,10.39,13,6,96,34,39,169,25,6,6,0,21,6,33,58,90,124,4,10,435,35,33,20,87,31,12,3.03,3.9,3.68,5,1,0,173.26,130,133.49,7,1.39,1.06,2.17,9.83,9.97,9.73,1587,176,301,215,895,230,235,228,894,435,525,229285,10,20,10,24,470.66,41.58,40.35,42.02,40.8,491,153,191,835,43,39,7,478,130,36,13.74,16.52,11.32,22,14,7,848.21,644,652.92,6.42,7.25,7.11,40.88,41.32,40.58,614.85,53.13,50.82,52.92,50.62,605,250,250,1105,46,59,11,653,147,55,18.11,17.19,17.81,13,17,16,1091.98,855,845.74,9.74,12.6,13.42,49.44,49.2,47.77,191.29,171.11,3672,3475
Lars Eller,66729,1482,36.97,0.45,0.52,0.48,0.53,0.48,0.52,600,119.16,12.56,8.37,24.89,3.79,63.67,52.72,12.27,12.79,12.49,6,7,113,53,56,222,25,12,8,2,23,3,53,67,101,154,18,36,414,71,31,32,113,44,9,3.96,5.62,2.98,2,7,3,226.74,166,169.79,12,1.82,1.79,1.46,12.92,13.13,12.9,1482,186,229,203,864,223,243,223,793,414,460,224460,36,52,26,29,501.03,43.11,42.23,44.09,43.18,519,187,268,974,44,22,6,546,120,40,16.26,14.91,11.95,13,17,14,1000.42,706,723.79,6.87,4.54,4.8,45.13,46.12,45.48,546.41,53.27,51.13,52.79,50.68,526,232,283,1041,42,52,15,551,151,56,16.32,18.93,18.03,10,12,20,1024.54,758,747.43,9.07,11.73,11.73,50.6,50.21,49.29,182.88,170.11,3592,3239
Jordan Oesterle,2074,43,1,0.58,0.38,0.62,0.57,0.51,0.56,8,2.15,0.04,0.11,0.57,0.06,1.25,0.98,0.04,0.04,0.03,0,0,2,1,6,9,0,0,0,0,1,0,0,2,2,3,0,0,0,2,2,2,3,0,0,0.04,0,0,0,0,0,8.26,3,2.88,2,0.02,0,0,0.06,0.06,0.05,43,5,1,3,34,7,2,5,29,0,0,5426,0,0,0,3,14.61,1.22,1.21,1.18,1.17,16,4,24,44,0,1,0,13,7,0,0.39,0.83,0,0,0,0,41.53,20,19.21,0.21,0.03,0.03,1.4,1.35,1.34,13.52,0.89,0.88,0.94,0.93,9,10,8,27,1,0,0,15,4,0,0.46,0.43,0,0,1,0,28.41,19,19.93,0.17,0,0,1.06,1.12,1.11,3.4,5.53,85,65
Jonathan Marchessault,75069,1544,51.13,0.55,0.46,0.59,0.49,0.58,0.49,390,178.81,16.76,11.79,41.12,6.02,103.15,71.15,16.39,16.97,16.61,10,11,193,57,64,314,51,30,10,4,39,11,72,88,163,220,18,36,122,101,63,45,189,51,10,6.28,5.97,4.51,12,12,6,317.6,250,251.82,13,2.68,2.14,2.36,17.09,17.24,16.98,1544,298,117,215,914,245,216,240,843,122,147,195303,36,32,16,17,747.54,67.74,65.24,67.8,65.32,764,289,315,1368,68,47,14,819,183,51,24.27,21.94,21.54,23,27,18,1367.74,1053,1053.11,11.67,10.79,12.06,67.35,67.39,65.6,557.23,55.44,53.6,55.76,53.89,598,180,179,957,65,46,11,561,157,60,16.37,18.88,20.2,20,26,19,962.83,778,782.29,7.35,10.49,10.92,51.88,52.08,51.62,132.88,154.67,2814,2970
Alexandre Burrows,65885,1587,31.13,0.44,0.48,0.46,0.51,0.46,0.5,576,130.37,13.35,8.84,29.57,4.24,70.36,53.62,12.93,13.34,12.93,10,6,143,37,57,237,31,15,9,3,41,4,39,72,128,165,18,42,5,68,35,19,127,43,10,3.75,5.37,4.22,7,3,5,236.06,180,178.78,8,1.9,2.32,1.47,13.77,13.75,13.45,1587,204,199,274,910,226,205,240,916,5,9,209025,42,44,19,34,492.34,43.52,41.85,43.74,42.02,516,170,234,920,47,35,9,515,135,36,13.94,16.77,12.8,16,17,14,914.33,686,682.69,7.13,6.75,6.75,43.9,43.94,43.21,593.57,56.16,54.26,56.29,54.37,602,219,251,1072,55,40,8,602,162,57,17.41,19.04,19.71,16,17,22,1075.55,821,824.11,9.18,8.76,9.39,55.95,56,54.77,146.98,157.85,3156,3081
Shane Harper,8652,193,2.92,0.43,0.57,0.5,0.54,0.48,0.54,145,12.89,1.49,0.83,2.95,0.46,6.86,5.41,1.44,1.49,1.44,1,0,13,5,5,23,3,2,1,0,4,1,3,7,11,16,6,18,0,19,4,3,12,5,1,0.49,0.71,0.29,1,1,0,23.23,18,18.38,1,0.17,0.29,0.32,1.34,1.35,1.35,193,30,15,31,117,32,33,19,109,0,0,42472,18,18,6,0,62.55,4.33,4.23,4.37,4.27,61,29,23,113,3,4,0,76,11,3,2.1,1.31,0.92,1,2,0,113.52,90,90.44,0.78,0.47,0.47,4.64,4.71,4.65,69.76,5.81,5.71,5.74,5.64,67,30,18,115,4,3,1,74,18,5,2.06,2.1,1.65,2,0,2,112.86,97,95.22,0.96,0.88,1.21,5.56,5.49,5.42,35.07,26.47,667,564
Marko Dano,24361,589,11.08,0.6,0.5,0.52,0.47,0.54,0.48,375,47,5.79,3.62,10.56,1.79,26.04,17.26,5.6,5.88,5.69,3,4,44,22,11,77,11,4,4,1,9,5,28,16,40,62,5,10,1,83,18,10,40,21,5,1.8,2.58,1.41,2,1,1,78.17,66,66.72,6,0.8,0.97,1.16,5.37,5.45,5.38,589,73,58,88,370,77,79,79,354,1,3,113771,10,18,9,14,183.9,17.53,16.98,17.76,17.21,194,69,98,361,15,12,2,193,55,15,6.07,6.72,4.74,7,5,3,364.36,263,265.85,2.82,2.81,2.81,17.21,17.47,17.23,159.02,11.88,11.48,11.83,11.43,165,62,102,329,9,8,3,183,36,8,5.16,4.4,2.33,4,2,3,327.06,227,225.45,2.12,1.65,1.65,12.15,12.11,11.87,89.39,88.06,1604,1806
Justin Schultz,95699,2033,54.93,0.61,0.47,0.56,0.47,0.58,0.47,246,136.11,7.88,9.03,35.43,4.6,83.24,57.93,7.69,7.96,7.76,15,24,155,45,94,294,51,12,10,0,42,7,68,61,143,188,17,34,0,67,22,37,178,17,5,4.78,1.94,1.17,7,3,2,296.1,200,201,27,2.01,2.35,0.03,9.74,9.83,9.57,2033,329,193,374,1137,239,271,349,1174,0,0,189227,34,10,5,116,949.68,98.28,94.53,99.23,95.44,982,333,410,1725,117,85,20,910,312,93,28.51,38.05,31.72,32,42,43,1739.91,1315,1325.74,15.94,19.39,19.78,93.98,94.64,92.25,689.81,61.61,59.79,61.45,59.64,717,240,382,1339,56,47,9,706,187,64,20.55,22.58,18.49,19,20,17,1327.51,957,951.56,9.15,9.64,10.21,60.09,59.94,59.23,149.82,169.66,2883,3276
Roman Josi,108323,2076,64.1,0.54,0.48,0.54,0.49,0.53,0.49,131,197.91,9.74,12.69,51.59,6.73,119.4,85.85,9.51,9.72,9.49,20,17,218,68,124,410,49,12,14,0,55,5,103,97,206,274,9,18,0,54,16,41,266,15,5,6.09,1.68,1.97,7,3,2,408.53,286,285.2,26,2.88,2.79,0.49,12.13,12.12,11.85,2076,323,349,352,1052,267,297,366,1146,0,0,154367,18,31,14,119,1008.85,95.83,91.02,95.97,91.14,1015,381,493,1889,107,76,14,1051,245,100,29.14,29.61,37.07,33,36,38,1886.36,1396,1393.43,15.85,17.29,17.18,94.51,94.47,91.67,885.52,80.86,78.49,80.97,78.62,892,341,406,1639,91,54,11,970,184,79,27.56,22.07,31.23,29,24,38,1639.35,1233,1234.88,13.09,13.45,13.45,80.49,80.66,79.07,102.83,111.05,2304,2373
John Carlson,96893,1893,46.22,0.48,0.52,0.5,0.53,0.5,0.53,126,181.1,10.55,12,44.68,5.86,111.55,81.35,10.23,10.65,10.33,18,10,179,87,92,358,37,9,12,0,46,2,88,109,170,257,5,10,0,58,49,87,235,23,8,5.49,2.61,2.45,4,2,3,364.15,266,270.06,62,2.75,2.27,1.18,12.12,12.22,11.91,1893,268,332,321,972,232,219,304,1138,0,0,161843,10,24,12,126,824.53,79.55,76.22,80.3,76.96,794,357,380,1531,80,64,12,840,237,74,25.41,28.54,25.6,21,29,30,1555.76,1151,1169.06,13.4,12.67,12.46,80.49,81.24,79.01,831.93,86.42,82.41,85.86,81.88,772,385,395,1552,67,76,15,824,247,86,24.41,30.47,31.54,17,21,29,1528.95,1157,1145.3,13.52,17.31,17.54,82.41,81.92,80.05,120.92,112.92,2560,2245
Sam Gagner,66654,1428,56.92,0.63,0.47,0.61,0.46,0.62,0.46,635,171.63,15.72,12.19,37.87,5.85,98.31,71.07,14.81,15.85,14.92,21,11,179,62,65,306,50,18,12,5,36,4,83,88,161,223,11,22,202,22,17,27,179,48,14,4.75,5.45,5.51,6,3,9,310.16,241,243.64,7,2.79,3.5,2.93,15.57,15.68,15.07,1428,281,122,178,847,235,212,254,727,202,223,227927,22,24,12,16,697.28,73.48,69.65,73.71,69.87,718,243,320,1281,76,67,14,675,211,75,19.09,26.04,28.36,23,24,29,1291.42,961,966.59,11.75,17.8,17.8,67.43,67.63,65.45,438.16,43.71,42.67,43.8,42.74,430,171,219,820,35,33,2,425,139,37,12.22,16.83,14.67,13,14,8,812.66,601,598.44,5.83,5.86,5.8,43.74,43.71,43.23,157.58,179.65,3234,3754
Cody McLeod,25366,662,-2.31,0.35,0.47,0.38,0.5,0.39,0.49,693,27.67,2.44,1.95,6.61,0.9,14.79,11.31,2.41,2.51,2.48,0,1,30,8,9,47,6,5,0,2,10,0,11,12,25,33,34,125,0,150,4,2,28,8,2,0.9,0.88,0.67,2,2,1,48.17,38,38.8,2,0.41,0,0.46,2.4,2.43,2.41,662,61,71,115,415,96,117,106,343,0,1,189059,125,109,26,14,133.39,9.04,8.86,9.16,8.97,140,48,66,254,10,8,2,156,26,6,4.06,3.04,1.94,5,4,1,255.91,188,189.76,1.81,1.41,1.41,9.45,9.57,9.49,211.04,16.74,16.35,16.81,16.42,217,77,120,414,13,19,3,231,50,13,6.55,6.5,3.7,3,6,4,416.81,294,295.99,2.82,3.56,3.96,15.6,15.66,15.52,138.7,157.98,2964,2952
Greg Pateryn,33312,720,11.55,0.49,0.48,0.49,0.5,0.49,0.5,182,43.29,1.41,2.46,10.87,1.42,26.82,22.02,1.4,1.4,1.39,1,7,42,23,25,90,9,1,0,0,9,2,25,28,41,64,5,10,0,69,4,22,62,3,0,1.09,0.32,0,1,0,0,90.19,65,65.12,21,0.48,0,0,1.89,1.88,1.86,720,73,86,101,460,107,115,109,389,0,0,98555,10,0,0,66,268.99,24.25,23.58,24.62,23.94,277,93,143,513,22,20,6,272,76,22,7.16,9.35,7.74,5,7,10,516.55,370,374.49,3.68,4.47,4.53,23.4,23.7,23.35,269.59,25.28,24.23,25.3,24.25,270,109,152,531,27,35,9,290,64,25,8.47,8.08,8.74,11,10,6,531.22,379,378.23,3.9,8.4,8.61,20.57,20.52,20.25,72.35,78.41,1533,1538
Paul Postma,42332,995,12.45,0.48,0.51,0.48,0.5,0.48,0.5,372,46.79,2.13,2.77,12.72,1.53,28.37,20.46,2.07,2.15,2.08,7,6,50,18,51,119,14,1,3,1,18,4,22,20,49,67,6,15,0,36,10,29,64,3,1,1.42,0.43,0.29,1,0,0,118.05,68,68.1,27,0.56,0.72,0.42,2.28,2.27,2.2,995,106,99,167,623,157,146,118,574,0,0,193761,15,0,0,42,330.44,26.06,24.98,26.11,25.05,342,121,172,635,27,17,5,365,82,16,10.9,10.13,5.03,13,9,5,630.14,463,460.05,4.38,4.42,4.42,26.02,26.05,25.6,359.26,28.24,27.52,28.61,27.86,364,137,176,677,24,25,5,400,80,21,12.23,10.29,5.71,10,9,5,684.2,501,503.86,4.79,5.29,5.29,27.67,27.88,27.58,164.3,154.88,2909,2928
Oliver Ekman-Larsson,113647,2272,23.4,0.48,0.39,0.49,0.43,0.48,0.42,125,153.4,13,9.49,37.28,4.82,89.23,64.18,11.74,12.94,11.69,9,17,140,78,103,321,38,12,9,3,38,4,71,84,128,206,23,46,0,110,16,46,190,12,16,4.37,1.38,7.25,2,2,8,317.12,218,215.66,24,2.25,2.09,2.6,12.65,12.6,12.37,2272,343,367,421,1141,197,333,355,1387,0,0,166975,46,50,21,85,950.74,88.62,84.14,88.43,83.95,924,403,423,1750,85,76,17,991,258,78,27.62,31.55,29.46,26,31,28,1735.44,1327,1318.45,15.44,16.89,16.91,87.17,86.97,85.26,1021.91,96.33,91.2,96.71,91.57,994,431,409,1834,96,95,16,1068,257,100,31.21,31.09,34.04,32,31,33,1849.6,1425,1437.4,15.8,19.98,20.32,91.81,92.2,88.99,100.07,154.58,2308,3093
Chad Ruhwedel,35366,806,10.83,0.44,0.53,0.48,0.49,0.49,0.51,159,42.62,1.45,2.55,11.29,1.31,25.93,19.55,1.42,1.47,1.44,6,2,45,18,34,97,10,2,2,0,12,3,21,23,43,61,4,8,0,36,9,12,60,3,0,1.11,0.34,0,2,0,0,98.42,63,64.07,11,0.53,0.44,0.13,1.78,1.81,1.77,806,82,94,118,512,121,107,126,452,0,0,88746,8,2,1,26,282.44,24.4,23.66,24.8,24.05,305,89,132,526,32,22,6,300,71,23,9.02,8.7,6.68,12,10,10,538.7,394,402.45,4.03,4.69,4.44,23.59,23.95,23.63,300.15,30.5,28.14,30.62,28.23,312,104,147,563,20,40,7,300,80,36,8.24,10.11,12.16,5,8,7,557.78,416,413.24,4.46,9.87,10.72,24.12,24.01,22.98,82.09,73.25,1425,1470
Lawson Crouse,50041,1179,5.25,0.34,0.45,0.4,0.47,0.41,0.46,662,90.66,8.82,5.93,20.81,2.87,47,38.57,8.72,8.73,8.64,5,2,80,44,27,151,12,5,5,0,24,4,30,56,75,119,18,48,1,156,14,5,88,28,8,2.77,3.38,2.67,3,2,0,148.46,124,122.16,2,1.25,0.66,1.32,8.74,8.66,8.63,1179,92,205,163,719,177,201,178,623,1,1,205530,48,40,14,29,358.54,25.29,24.8,24.91,24.44,344,161,136,641,18,23,3,411,77,17,10.78,9.3,5.21,11,3,4,629.3,505,496.16,4.59,4.01,4.01,25.87,25.49,25.23,519.91,49.22,47.97,49.51,48.26,507,223,231,961,56,40,11,555,136,39,15.79,16.8,16.62,16,19,21,975.03,730,739.94,8.32,8.87,8.88,48.66,48.98,48.16,146.01,176.73,3029,3460
Logan Shaw,32040,848,7.47,0.39,0.54,0.4,0.51,0.4,0.52,537,56.55,5.16,3.49,12.82,1.98,28.23,25.32,4.95,5.19,4.99,4,3,59,18,14,91,10,3,3,2,18,3,13,37,56,74,4,10,55,62,10,7,58,13,6,1.4,1.76,2,1,0,2,92.06,77,77.87,2,0.74,0.45,1.67,4.23,4.27,4.22,848,126,62,132,528,116,122,101,509,55,90,168428,10,4,2,18,203.63,15.07,14.63,15.24,14.81,196,86,79,361,18,16,4,226,42,14,5.16,5.38,4.53,4,6,8,364.87,282,285.74,2.56,3.17,3.56,14.06,14.25,14,295.38,24.07,23.24,23.96,23.14,272,143,122,537,20,24,4,315,80,20,8.53,9.38,6.16,7,7,6,532.5,415,412.27,4.7,4.45,4.45,24.32,24.26,23.75,139.39,117.33,2746,2590
David Schlemko,61449,1367,30.38,0.57,0.51,0.56,0.5,0.58,0.51,288,109.37,4.8,7.18,28.8,3.53,69.62,47.07,4.47,4.76,4.43,8,8,115,46,87,248,17,1,7,0,36,3,55,59,114,160,7,14,0,35,28,42,149,9,3,2.89,1.13,0.78,0,1,0,247.69,161,160.25,30,1.57,1.14,0.59,5.78,5.75,5.43,1367,164,106,223,874,181,162,168,856,0,0,159803,14,14,7,110,545.7,49.11,47.2,49.86,47.92,548,220,296,1064,40,56,7,576,139,53,16.11,17,16.01,11,15,14,1075.54,768,776.18,8.78,10.36,10.91,46.99,47.64,46.61,407.2,37.72,35.98,37.11,35.46,389,175,263,827,33,35,7,429,102,33,12.98,13.22,11.53,11,14,8,818.77,564,558.21,5.85,7.38,7.73,35.85,35.39,34.86,127.47,122.67,2599,2556
Brandon Sutter,91382,2069,30.94,0.45,0.45,0.49,0.48,0.47,0.47,274,166.58,16,12.39,36.45,5.85,90.25,66.07,15.17,15.99,15.16,7,10,160,67,45,272,34,17,12,2,32,9,70,87,143,210,6,12,788,78,32,21,149,66,12,4.48,8.01,3.5,6,9,2,270.56,227,225.57,11,2.79,3.38,2.65,16.13,16.09,15.58,2069,340,380,342,1007,264,218,308,1279,788,664,203791,12,45,22,53,683.41,64.41,61.05,64.49,61.12,694,258,347,1299,54,41,8,706,185,61,19.23,22.92,22.27,13,24,17,1288.23,952,945.56,11.45,10.29,10.29,65.57,65.59,63.85,751.74,77.53,75.07,77.95,75.51,776,287,304,1367,72,46,15,770,220,73,22.18,26.85,28.51,25,22,25,1382.88,1063,1073.73,11.83,12.11,13.11,76.26,76.83,75.12,132.04,162.49,2891,3135
Thomas Chabot,429,13,-0.33,0.43,0.61,0.43,0.47,0.44,0.54,7,1.32,0.04,0.08,0.34,0.04,0.91,0.59,0.04,0.04,0.04,0,0,1,1,0,2,0,0,1,0,0,0,0,1,1,2,0,0,0,1,0,1,2,0,0,0.04,0,0,0,0,0,2.05,2,2.08,1,0.01,0.26,0,0.05,0.05,0.05,13,1,1,5,6,1,2,3,7,0,0,3171,0,0,0,0,6.13,0.58,0.57,0.58,0.57,5,3,1,9,0,1,0,6,0,2,0.09,0,0.49,0,0,0,9.22,8,8.26,0.08,0.26,0.26,0.39,0.39,0.39,7.2,0.77,0.76,0.79,0.78,8,2,2,12,2,1,0,7,1,2,0.21,0.1,0.46,1,1,0,11.63,10,9.87,0.11,0.24,0.24,0.63,0.64,0.64,4.24,2.71,52,58
Joel Armia,51769,1226,18.17,0.45,0.52,0.44,0.52,0.44,0.52,396,107.03,12.36,7.92,23.56,3.26,53.1,41.86,11.83,12.42,11.91,6,3,111,32,52,195,19,10,9,1,18,4,48,54,101,133,10,20,3,68,42,19,95,34,14,3.63,4.59,4.15,5,2,3,195.77,143,143.56,12,1.7,2.47,2.5,11.49,11.59,11.41,1226,129,195,214,688,167,171,192,696,3,4,155121,20,28,14,30,379.56,36.26,34.79,36.07,34.63,394,134,169,697,29,32,5,383,111,34,11.88,14.38,10.01,11,10,8,693.51,528,525.65,5.69,6.64,6.5,35.25,35.12,34.48,474.54,44.92,43.42,45.4,43.87,514,152,218,884,46,53,13,521,98,47,15.8,12.39,16.72,18,10,18,889.7,666,669.41,7.14,10.79,10.79,40.87,41.05,40.24,139.4,128.41,2519,2355
Radim Vrbata,80002,1688,46.15,0.51,0.39,0.53,0.42,0.52,0.42,330,214.36,16.92,14.61,47.74,7.09,126.11,88.54,15.99,16.87,15.95,23,11,226,75,91,392,54,20,14,3,47,4,103,113,206,281,8,16,14,46,33,32,239,48,14,6.59,5.42,4.91,8,10,2,388.15,301,298.48,7,3.38,3.72,2.01,18.29,18.25,17.69,1688,294,234,292,868,227,243,259,959,14,29,207820,16,12,6,31,733.8,69.09,64.22,69.01,64.14,723,298,332,1353,73,65,16,762,197,62,21,23.94,24.14,21,28,24,1339.07,1021,1012.02,12.01,14.35,14.12,66.98,66.84,65.12,679.25,67.59,64.19,68.21,64.82,672,274,254,1200,65,56,8,667,217,62,20.39,26.55,20.65,20,29,16,1213.56,946,956.06,10.29,11.8,11.81,66.06,66.69,64.75,123.93,191.64,2781,3848
Noah Hanifin,87092,1785,30,0.52,0.53,0.55,0.51,0.54,0.51,355,109.19,5.28,7.23,29.52,3.64,68.63,48.7,5.12,5.25,5.08,16,9,108,55,107,270,29,4,13,0,28,1,60,57,104,159,13,26,0,57,42,53,153,7,3,3.49,0.91,0.88,3,0,1,268.37,163,162.4,30,1.62,3.03,0.4,6.49,6.47,6.28,1785,291,119,277,1098,238,231,241,1075,0,0,208892,26,8,4,73,773.14,72.01,69.31,72.03,69.35,779,300,393,1472,64,60,16,800,213,66,24.34,25.68,22,17,18,29,1469.68,1079,1079.2,11.86,12.47,12.85,71.03,71.14,69.41,677.62,65.92,64.06,66.57,64.65,659,278,287,1224,66,55,14,691,177,69,20.82,22.03,23.08,20,23,23,1231.61,937,941.28,9.15,11.57,11.57,63.5,63.87,62.89,173.81,152.17,3250,3098
Seth Jones,105315,2247,51.4,0.49,0.52,0.51,0.49,0.51,0.5,127,145.93,7.48,9.04,37,4.62,86.47,67.39,7.27,7.58,7.36,13,17,152,60,85,297,42,12,6,1,39,6,72,77,140,200,11,24,0,61,32,44,195,11,6,4.38,1.3,1.8,9,1,2,301.33,212,214.95,32,1.99,0.68,0.48,9,9.11,8.95,2247,293,343,454,1157,299,323,373,1252,0,0,167548,24,20,9,118,864.43,77.73,74.17,78.23,74.65,879,310,430,1619,77,50,11,914,201,74,25.98,25.03,26.72,33,22,22,1637.32,1189,1202.33,12.49,11.49,11.75,78.47,78.91,76.51,840.65,79.86,77.31,80.1,77.53,822,339,418,1579,81,59,9,848,231,82,23.87,27.71,28.28,25,25,31,1572.38,1161,1158.93,12.9,10.95,10.88,81.88,81.91,80.13,139.94,129.25,2604,2675
Nathan MacKinnon,96811,2069,56.92,0.5,0.42,0.53,0.46,0.53,0.45,148,233.41,23.82,16.74,49.45,7.71,128.86,97.42,22.89,23.6,22.68,24,12,244,80,102,426,52,16,24,2,47,12,91,134,228,308,8,16,764,56,47,44,230,76,18,7.77,9.41,6.64,6,5,5,417.92,324,318.93,17,3.76,5.55,4.09,23.49,23.27,22.79,2069,399,324,412,934,268,281,325,1195,764,742,196738,16,46,22,30,901.66,87.03,83,86.33,82.33,927,348,408,1683,82,79,11,975,220,80,28.2,27.21,31.62,30,23,29,1651.56,1275,1254.6,15.48,17.16,17.3,85.2,84.5,81.9,811.14,88.33,83.45,89.18,84.27,828,313,331,1472,95,63,17,828,223,90,23.29,27.36,37.67,28,30,37,1505.33,1141,1162.47,12.4,15.97,16.41,84.33,85.15,81.78,102.89,144.47,2598,3055
Erik Haula,59673,1389,33.98,0.51,0.56,0.49,0.5,0.49,0.5,560,127,11.29,8.35,29.14,4.01,67.92,53.3,11.02,11.43,11.15,7,4,134,40,36,210,26,15,12,1,23,3,52,69,119,159,9,18,404,39,24,18,129,35,10,4.03,4.12,3.15,6,7,2,213.63,174,176.39,12,1.75,3,2.43,10.6,10.74,10.66,1389,194,144,232,819,189,192,210,798,404,346,202341,18,18,9,38,492,41.03,39.59,41.67,40.21,514,167,207,888,42,45,9,532,112,37,14.97,13.17,12.9,17,13,12,902.29,681,690.32,6.6,10.43,11.16,36.46,36.91,36.44,497.97,39.22,37.93,39.07,37.78,498,201,226,925,40,31,10,553,114,32,15.14,13.83,10.25,17,14,9,918.24,699,694.95,7.21,5.76,5.78,40.65,40.45,39.67,169.96,135.56,3178,3135
Corey Perry,87162,1812,54.62,0.63,0.47,0.58,0.46,0.57,0.46,357,229.75,25.39,18.56,47.87,7.84,127.69,88.65,24.59,25.58,24.77,21,13,215,101,69,385,53,19,23,3,50,5,105,114,196,297,35,76,7,81,32,38,213,78,25,7,9.87,8.51,4,8,7,389.04,316,318.41,12,4.22,4.98,4.01,25.61,25.77,25.29,1812,332,159,248,1073,295,299,319,899,7,13,211625,76,64,28,35,833.39,83.64,80.55,83.91,80.82,794,369,412,1575,79,74,12,862,223,78,24.98,28.02,30.63,20,29,30,1583.19,1163,1166.88,14.61,14.77,15.28,82.97,83.28,81,615.11,48.86,47.64,48.84,47.62,599,268,290,1157,47,37,7,682,144,41,18.76,17.21,12.89,17,18,12,1151.19,867,862.78,8.34,6.49,6.53,50.68,50.64,49.78,142.49,160.08,3004,3502
Matt Nieto,51707,1188,18.17,0.46,0.48,0.48,0.52,0.47,0.51,404,76.63,8.74,5.24,17.38,2.59,41.03,32.01,7.87,8.69,7.82,3,3,83,24,19,126,13,7,6,1,21,1,22,50,76,100,4,8,2,41,28,18,72,29,6,2.51,3.63,2.6,3,1,3,123.29,107,105.2,6,1.11,1.43,1.91,7.94,7.85,7.1,1188,141,164,157,726,165,160,148,715,2,3,159179,8,14,8,33,383.35,30.61,28.03,30.41,27.84,389,152,194,735,18,22,2,439,81,21,12.74,9.86,8.01,10,4,4,720.65,541,534,5.28,4.57,4.61,31.28,31.04,29,425.25,36.38,35.23,36.83,35.64,435,164,189,788,41,25,4,446,125,28,12.45,15.19,8.74,17,15,9,806.77,599,610.28,6.56,5.27,5.41,37.54,38,37.25,116.57,125.65,2544,2361
Mattias Ekholm,115379,2330,38.55,0.48,0.53,0.5,0.52,0.5,0.51,224,129.82,7.49,8.3,32.27,4.32,77.62,58.01,7.16,7.58,7.25,6,14,120,68,96,284,23,3,10,0,29,4,59,83,117,185,17,34,0,61,38,66,166,15,7,3.61,1.51,2.38,2,1,0,284.25,188,188.64,54,1.77,2.19,0.86,8.41,8.44,8.16,2330,259,392,439,1240,327,320,353,1330,0,0,183766,34,24,12,108,948.68,80.17,77.62,80.69,78.08,941,377,437,1755,71,66,9,1038,204,76,29.22,24.9,26.05,27,27,17,1759.31,1318,1321.69,13.59,12.55,12.55,81.22,81.56,79.75,959.34,85.89,82.59,86.15,82.85,951,390,399,1740,81,64,16,1035,232,74,28.69,28.92,28.27,18,30,33,1741.05,1341,1344.13,14.94,12.3,12.57,88.26,88.55,86.67,147.59,132.33,3022,2831
Alex Galchenyuk,58303,1276,37.51,0.54,0.47,0.54,0.49,0.54,0.49,315,108.96,11.56,8.52,23.44,3.6,61.21,41.67,11.23,11.59,11.25,16,11,104,46,48,198,44,17,9,0,16,5,52,51,87,133,11,24,274,36,17,34,104,35,11,3.91,4.31,3.34,8,6,3,198.72,150,150.75,18,1.94,2.56,1.9,11.6,11.63,11.45,1276,299,59,177,741,151,253,233,639,274,368,164383,24,14,7,32,551.92,54.19,51.93,54.44,52.19,542,222,265,1029,60,54,8,557,153,54,15.56,19.32,19.3,24,18,18,1029.69,764,765.64,9.06,11.97,11.97,51.27,51.44,50.21,470.79,45.74,44.38,45.99,44.64,496,154,210,860,47,30,7,476,129,45,14.91,16.34,14.5,18,18,11,865.15,650,653.77,6.58,7.07,7.27,45.05,45.31,44.7,103.31,116.78,2449,2523
Gabriel Bourque,4887,120,0.19,0.44,0.48,0.35,0.48,0.35,0.47,70,6.23,1.3,0.35,1.14,0.17,2.58,2.47,1.3,1.3,1.3,0,0,6,2,3,11,1,1,1,0,1,0,2,3,5,7,0,0,0,18,1,0,5,2,1,0.17,0.24,0.89,0,0,1,10.92,8,8.06,0,0.08,0.11,0,1.38,1.39,1.38,120,9,18,15,78,11,17,18,74,0,1,20335,0,0,0,7,27.1,3.3,3.23,3.34,3.27,28,9,12,49,2,2,0,27,6,4,0.71,0.69,1.9,0,1,1,49.33,37,37.45,0.43,0.34,0.6,3.12,3.14,3.1,47.94,4.13,3.91,4.1,3.88,46,22,25,93,5,2,0,50,14,4,1.41,1.54,1.18,3,2,0,92.7,68,68.18,0.8,0.64,0.96,3.97,3.96,3.9,14.13,15.41,282,302
Kurtis Gabriel,4539,118,-1.63,0.41,0.53,0.33,0.45,0.32,0.47,156,3.43,0.28,0.26,0.78,0.1,2.16,1.41,0.26,0.27,0.26,0,1,3,2,1,6,1,0,0,0,0,0,3,2,3,5,7,29,0,26,0,3,3,2,0,0.06,0.21,0,0,0,0,6.08,5,4.97,2,0.06,0,0,0.33,0.32,0.31,118,19,3,25,71,15,27,10,66,0,0,43264,29,25,5,1,22.97,1.91,1.89,1.95,1.93,23,9,9,41,2,1,0,21,11,0,0.63,1.28,0,1,1,0,42.04,32,32.67,0.34,0.06,0.06,2.19,2.23,2.21,47.55,2.8,2.73,2.71,2.64,46,22,16,84,2,5,2,61,5,2,1.44,0.58,0.78,0,0,2,79.57,68,65.28,0.54,1.03,1.03,2.31,2.22,2.2,34.37,30.08,574,710
Robbie Russo,18319,379,3.25,0.44,0.54,0.49,0.49,0.49,0.5,106,21.33,0.6,0.91,4.82,0.69,12.02,11.95,0.6,0.6,0.59,0,0,18,13,9,40,0,0,0,0,5,0,13,13,18,31,2,2,0,24,0,13,30,1,0,0.42,0.18,0,0,0,0,39.6,31,30.81,8,0.18,0,0,0.78,0.78,0.78,379,36,28,54,261,59,48,55,217,0,0,51472,2,4,2,13,142.78,10.01,9.93,9.97,9.9,139,58,61,258,10,5,1,164,25,8,4.31,2.95,2.75,3,5,2,256.66,197,196.56,1.76,1.64,1.64,10.12,10.16,10.11,152.11,12.96,12.62,13.07,12.73,147,60,57,264,12,6,2,156,41,10,4.09,5.22,3.65,5,2,5,267.67,207,208.91,2.26,1.3,1.3,13.92,14.06,13.85,39.02,33.83,741,776
Mirco Mueller,2302,56,2.38,0.42,0.49,0.49,0.49,0.48,0.49,24,2.13,0.04,0.09,0.43,0.09,1.17,1.18,0.04,0.04,0.04,0,1,3,0,4,7,2,1,0,0,1,0,1,0,2,2,0,0,0,2,2,2,3,0,0,0.04,0,0,1,0,0,7.07,3,3.13,2,0.02,0,0,0.06,0.06,0.05,56,12,3,12,29,9,7,10,30,0,0,12156,0,6,3,3,17.63,1.29,1.24,1.25,1.19,18,6,11,35,3,1,0,18,5,1,0.46,0.56,0.28,3,0,0,35.08,24,23.97,0.25,0.28,0.28,1.26,1.22,1.18,19.52,1.77,1.7,1.79,1.72,18,8,10,36,1,3,1,17,8,1,0.4,1.05,0.32,0,0,1,35.8,26,25.98,0.27,0.54,0.54,1.49,1.52,1.5,11.05,11.28,199,205
Aaron Ness,1540,33,-0.55,0.4,0.48,0.38,0.51,0.31,0.5,12,0.67,0.03,0.05,0.16,0.02,0.42,0.32,0.02,0.03,0.02,0,0,0,1,0,1,0,0,0,0,0,0,0,1,0,1,0,0,0,2,0,1,1,0,0,0.03,0,0,0,0,0,0.94,1,0.95,1,0.01,0,0,0.03,0.03,0.03,33,5,0,3,25,3,3,4,23,0,0,5660,0,0,0,2,6.51,0.65,0.62,0.67,0.64,7,2,6,15,0,1,0,7,1,1,0.26,0.16,0.23,0,0,0,14.8,9,9.06,0.09,0.23,0.23,0.51,0.53,0.51,14.17,0.96,0.95,0.97,0.97,13,7,5,25,1,2,0,16,3,1,0.33,0.34,0.29,1,0,0,25.26,20,19.91,0.18,0.37,0.37,0.77,0.78,0.78,3.88,4.21,88,85
Austin Watson,57372,1380,15.12,0.41,0.53,0.4,0.54,0.41,0.53,702,83.01,8.07,5.66,20.14,2.93,43.92,34.28,7.82,8.16,7.91,9,3,90,25,39,154,17,5,6,2,25,6,35,38,85,110,30,99,17,143,24,14,84,19,12,2.11,2.34,3.63,1,1,3,156.03,115,116.35,7,1.18,1.59,2.25,7.01,7.11,7.01,1380,112,318,252,698,222,182,211,765,17,25,223688,99,87,24,66,348.64,31,30.03,31.28,30.3,356,132,165,653,33,27,6,385,66,37,9.44,8.38,13.19,12,6,15,658.04,488,490.7,4.62,5.42,5.09,30.53,30.73,29.97,504.53,44.61,42.98,44.64,43.03,488,217,291,996,38,25,8,555,111,39,15.46,14.08,15.07,8,11,19,991.62,705,703.35,8.05,5.27,5.49,47.17,47.17,46.26,182.69,161.18,3865,3264
Ryan Carpenter,6120,161,5.01,0.53,0.55,0.52,0.51,0.54,0.5,110,15.41,1.64,1.1,3.51,0.47,7.41,5.88,1.61,1.63,1.6,1,0,18,2,1,21,3,2,3,0,5,0,6,4,16,18,2,4,33,14,1,2,14,3,3,0.43,0.4,0.81,2,0,0,21.71,20,20.63,1,0.23,0.53,0.62,1.24,1.24,1.24,161,14,11,17,119,27,23,20,91,33,37,29899,4,2,1,2,58.09,5.02,4.85,5.07,4.9,57,23,20,100,5,6,0,63,10,7,1.75,1.24,2.04,3,2,0,102.44,80,82.12,0.77,1.44,1.44,4.35,4.45,4.4,48.32,4.4,4,4.35,3.96,46,21,24,91,2,4,0,50,11,6,1.43,1.37,1.6,0,1,1,89.29,67,65.49,0.73,1.06,1.06,4.07,4.03,3.88,25.8,20.97,481,469
Nelson Nogier,7028,166,0.25,0.55,0.52,0.47,0.5,0.47,0.52,59,6.92,0.28,0.36,1.77,0.22,4.07,3.3,0.25,0.27,0.25,0,0,8,2,6,16,0,0,0,0,2,1,4,3,8,10,1,5,0,12,0,6,10,0,0,0.28,0,0,0,0,0,16.03,10,9.93,6,0.07,0,0,0.35,0.34,0.32,166,15,18,27,106,23,27,23,93,0,0,29486,5,7,2,5,57.21,5.3,5.1,5.31,5.12,62,18,20,100,3,3,2,61,14,5,2.02,1.8,1.48,1,1,1,100.7,80,80.37,0.76,0.79,0.89,5.17,5.18,5.07,64.96,4.38,4.33,4.3,4.26,70,21,21,112,4,2,0,74,15,2,2.08,1.78,0.52,3,0,1,111.05,91,90.72,0.81,0.07,0.07,5.12,5.05,5,25,22.67,461,457
Matthew Peca,6867,159,2.1,0.37,0.48,0.53,0.52,0.47,0.51,97,12.31,1.16,0.88,2.61,0.39,6.92,5.06,1.16,1.1,1.1,1,0,9,8,7,24,2,1,1,0,6,0,5,4,8,16,1,2,32,9,0,2,12,5,0,0.46,0.7,0,1,0,0,22.94,17,16.44,2,0.19,0.25,0,1.34,1.29,1.29,159,20,13,38,88,27,23,21,88,32,40,29446,2,0,0,2,45.95,3.39,3.35,3.3,3.26,45,21,37,103,2,2,0,54,10,2,1.59,1.18,0.62,1,1,0,99.54,66,64.23,0.62,0.62,0.62,3.39,3.29,3.25,54.02,5.89,5.85,6,5.96,55,19,18,92,5,1,1,51,19,4,1.54,2.37,1.98,2,0,3,95.42,74,75.99,0.76,0.36,0.36,6.29,6.43,6.38,24.09,25.64,467,435
Andreas Athanasiou,51703,1204,27.66,0.48,0.48,0.5,0.48,0.5,0.48,533,133.56,12.08,9.19,27.53,3.98,73.57,54.66,11.71,12.08,11.72,5,6,120,61,55,236,29,18,6,2,25,8,58,66,102,163,11,28,37,30,17,19,135,34,12,4.07,4.44,3.56,5,7,6,234.31,181,180.18,4,2.02,2.01,1.59,12.51,12.55,12.31,1204,234,91,183,696,202,171,203,628,37,46,183308,28,36,15,21,433.56,37.21,36.12,37.14,36.05,412,190,174,776,42,23,7,472,95,35,13.22,11.74,12.24,11,13,18,769.5,602,597.35,6.57,6.17,6.38,37.39,37.35,36.64,431.45,39.53,38.3,39.58,38.37,433,166,166,765,44,27,7,445,118,36,12.53,14.72,12.29,17,11,16,773.1,599,604.71,6.24,5.65,5.65,40.12,40.32,39.61,127.05,136.17,2610,2778
Christian Folin,45700,1034,6.93,0.46,0.57,0.44,0.51,0.44,0.51,267,37.34,1.04,2.09,10.82,1.24,23.08,18.74,1.02,1.03,1.01,2,4,39,18,37,94,8,2,5,0,5,2,20,23,37,55,13,26,0,69,9,15,56,1,0,0.9,0.14,0,2,0,0,94.96,57,57.67,14,0.42,1.19,0.03,1.42,1.42,1.39,1034,84,126,180,644,136,178,137,583,0,0,138627,26,12,5,59,345.95,28.66,27.76,29.18,28.27,355,121,153,629,33,30,3,370,83,23,10.02,10.19,8.45,17,9,7,644.53,476,485.84,4.67,7.28,6.85,26.49,26.92,26.57,427.07,33.88,32.53,33.58,32.23,435,165,187,787,28,36,5,478,92,30,12.55,11.55,9.79,9,12,7,771.67,600,590.65,6.04,6.62,6.35,33.58,33.21,32.64,113.5,85.05,2182,2064
Mike Matheson,101059,1928,28.36,0.43,0.52,0.46,0.54,0.47,0.54,221,171.27,7.38,9.7,41.55,5.41,99.38,81.59,7.26,7.28,7.17,7,3,178,67,64,309,17,7,10,2,53,7,68,100,171,238,17,34,1,68,46,64,229,15,1,5.37,1.72,0.28,6,0,1,305.37,245,242.76,46,1.98,2.56,0.32,9.03,8.92,8.79,1928,149,316,263,1200,263,215,274,1176,1,0,191887,34,32,16,118,797.16,65.31,63.71,65.35,63.75,813,304,309,1426,62,51,11,888,176,53,26.59,20.87,17.85,21,21,20,1419.58,1117,1114.34,10.57,11.08,12.36,63.53,63.55,62.77,908.89,87.81,83.59,88.48,84.23,956,328,379,1663,80,66,17,954,254,76,28.48,29.99,29.35,27,28,25,1672.82,1284,1292.05,14.07,16.45,16.95,84.86,85.34,82.66,157.18,144.47,3122,2618
Nick Cousins,43204,1006,23.59,0.53,0.51,0.55,0.51,0.55,0.52,543,89.39,10.33,5.96,20.33,3.18,49.27,36.93,9.37,10.26,9.29,5,5,99,27,38,164,16,6,6,2,21,3,42,48,93,120,14,31,89,61,15,14,79,37,10,2.5,4.53,3.3,0,1,5,161.85,126,124.89,4,1.3,1.4,2.26,9.38,9.33,9.18,1006,144,89,172,601,191,145,144,526,89,128,176908,31,57,26,24,383.09,31.78,30.21,31.65,30.06,388,156,214,758,21,26,4,418,101,25,11.33,12.39,8.06,7,6,8,749.4,544,540.66,5.49,5.07,5.49,31.78,31.62,31.06,322.07,27.99,27.33,28.43,27.74,317,127,179,623,25,23,4,330,89,25,9.64,10.72,7.63,8,10,7,630.95,444,449.43,4.28,5.62,5.62,26.65,26.93,26.63,141.99,136.06,2888,2772
Alex Ovechkin,89312,1721,73.97,0.57,0.46,0.59,0.48,0.59,0.47,216,328.08,28.85,22.13,76.61,10.61,183.56,126.24,27.67,28.97,27.81,20,16,309,139,168,616,68,32,26,2,72,13,147,158,277,416,24,48,0,216,29,45,348,74,26,11.66,8.45,8.72,12,8,12,624.58,448,452.96,7,5.09,4.37,3.35,30.58,30.76,29.71,1721,381,162,338,840,236,268,330,887,0,1,205477,48,40,20,29,981.53,94.38,90.87,95.14,91.64,944,421,432,1797,110,75,18,1026,249,90,31.52,29.53,33.34,30,36,44,1819.89,1365,1381.17,16.5,14.86,15.11,95.77,96.58,93.89,683.24,70.56,67.09,70.04,66.6,649,295,300,1244,58,55,11,673,194,77,19.51,23.36,27.69,18,13,27,1219.82,944,930.3,9.4,13,13.62,66.33,65.81,64.18,133.45,156.24,2812,3087
Milan Michalek,4281,105,1.39,0.4,0.55,0.45,0.5,0.45,0.52,39,5.28,0.56,0.39,1.2,0.19,2.61,3.04,0.49,0.58,0.51,0,1,6,2,2,10,2,1,0,0,0,0,3,4,5,7,1,2,0,7,3,1,6,1,1,0.22,0.1,0.25,0,1,0,10.97,8,8.56,1,0.09,0,0.25,0.4,0.42,0.37,105,13,8,29,55,10,17,17,61,0,1,14216,2,0,0,9,26.63,1.91,1.83,2.01,1.93,28,12,22,62,2,1,0,34,5,1,0.96,0.7,0.25,0,2,0,65.97,40,42.23,0.37,0.25,0.25,2.04,2.15,2.09,34.76,2.87,2.81,2.78,2.72,33,16,26,75,4,2,1,37,11,1,1.11,1.27,0.5,1,2,1,71.29,49,47.33,0.48,0.65,0.65,2.7,2.62,2.58,13.99,11.29,241,245
Brandon Saad,83786,1888,67.54,0.56,0.49,0.56,0.47,0.56,0.47,386,214.35,23.18,14.29,47.15,6.82,112.44,85.13,22.43,23.3,22.56,18,11,210,79,81,370,53,24,11,4,44,16,86,108,186,265,4,8,4,24,43,29,195,68,26,5.72,8.49,8.97,12,5,7,373.82,289,291.34,8,3.07,2.48,4.58,21.67,21.74,21.42,1888,290,168,360,1070,290,271,280,1047,4,5,214395,8,20,11,26,771.25,67.82,65.09,68.38,65.65,780,284,331,1395,70,39,10,804,197,63,22.34,24.27,21.21,32,19,19,1411.96,1064,1075.31,11.11,10.01,10.29,68.64,69.22,67.47,602.9,52.85,51.88,52.81,51.84,591,237,274,1102,41,37,4,627,155,46,17.81,18.91,16.13,17,15,9,1091.43,828,823.2,8.31,7.11,7.17,53.99,53.89,53.34,166.98,174.33,3170,3543
Michael Del Zotto,59682,1314,24.84,0.48,0.55,0.5,0.53,0.5,0.53,177,92.32,5.24,5.58,24.36,3.14,54.91,38.78,5.11,5.28,5.15,7,5,92,40,56,188,18,6,8,1,27,5,38,48,86,126,13,28,0,173,9,30,117,13,2,2.97,1.57,0.7,3,2,1,188.62,132,132.52,23,1.21,1.37,0.46,6,6.02,5.88,1314,131,134,206,843,196,186,168,764,0,1,127868,28,26,12,85,487.86,41.06,39.31,41.2,39.45,484,200,256,940,38,35,10,508,142,34,14.13,16.84,10.08,13,14,11,943.97,684,686.71,6.87,6.85,7.92,40,40.11,39.44,499.17,43.61,42.55,43.77,42.7,504,182,269,955,51,28,8,515,131,40,15.42,15.72,12.47,12,22,17,948.86,686,684.74,6.99,5.98,6.18,44.42,44.5,43.93,111.51,92.11,2122,1918
Leon Draisaitl,91816,1842,72.95,0.6,0.46,0.57,0.47,0.58,0.48,250,176.22,27.78,14.08,34.66,6.42,94.15,62.92,26.33,27.97,26.53,31,17,170,70,53,293,77,29,22,5,29,4,70,86,141,211,10,20,469,41,74,75,122,81,37,4.47,9.41,13.9,6,13,10,295.66,240,241.78,29,3.38,6.96,5.41,25.74,25.92,25.32,1842,365,198,327,952,284,252,304,1002,469,489,203749,20,42,20,35,918.23,109.44,104.79,109.46,104.85,909,357,427,1693,110,75,18,845,297,124,25.09,36.68,47.67,23,42,45,1694.72,1266,1267.79,15.97,18.98,19.62,105.79,105.9,103.31,669.49,71.9,67.54,72.13,67.77,685,245,333,1263,69,52,13,656,203,71,20.93,24.49,26.47,14,35,20,1257.64,930,927.63,9.7,13.6,14.1,67.5,67.66,66.17,139.01,160.34,2946,3303
Reid Boucher,27909,621,10.84,0.44,0.45,0.53,0.48,0.51,0.46,356,66.66,6.29,4.58,14.57,2.1,37.58,25.88,6.07,6.27,6.06,3,1,70,21,22,113,10,6,3,1,14,3,23,42,64,85,3,8,0,20,18,8,67,19,5,1.87,2.37,2.04,1,3,2,111.67,91,89.96,1,1.01,0.62,0.96,6.33,6.33,6.21,621,104,67,102,348,95,95,75,356,0,1,113450,8,12,6,14,245.31,18.6,17.67,18.46,17.54,247,96,110,453,17,13,3,272,55,16,6.31,6.95,5.34,3,9,5,446.01,343,337.99,3.71,2.76,2.76,19.55,19.43,18.76,231.76,23.37,22.61,23.44,22.71,236,89,79,404,18,20,3,237,64,24,7.05,7.98,8.34,9,4,5,413.7,325,331.3,3.28,4.66,4.97,21.67,21.89,21.58,72.33,87.27,1627,1758
Tony DeAngelo,38754,791,9.22,0.47,0.4,0.51,0.42,0.5,0.42,171,54.47,3.46,3.26,13.67,1.7,32.27,23.65,3.37,3.47,3.38,3,5,57,21,29,107,13,5,6,0,16,1,24,26,52,73,7,25,0,31,4,22,72,3,3,1.59,0.42,1.45,1,2,2,105.36,78,77.01,14,0.71,1.07,0.2,3.97,3.97,3.9,791,129,78,127,457,86,137,100,468,0,0,99809,25,12,6,46,369.64,30.2,29.55,30.07,29.41,357,154,147,658,27,23,3,394,94,23,9.95,11.95,8.3,8,12,7,650.38,511,505.97,5.66,4.63,4.63,31.23,31.04,30.66,364.27,34.7,33.31,34.88,33.54,356,154,118,628,28,31,4,372,106,32,11.27,13.1,10.32,8,10,10,634.71,510,514.09,5.17,6.9,6.9,32.97,33.2,32.64,60.77,90.51,1326,1827
Tyson Jost,5643,121,0.58,0.43,0.53,0.49,0.56,0.46,0.55,39,8.36,0.73,0.57,1.87,0.24,4.42,3.18,0.72,0.71,0.7,0,0,9,2,4,15,1,1,0,0,2,0,0,8,8,10,0,0,28,3,3,1,10,0,1,0.43,0,0.29,1,0,0,14.28,11,10.57,0,0.12,0,0,0.85,0.82,0.82,121,14,14,17,76,22,17,16,66,28,42,16674,0,4,2,3,46.91,2.87,2.8,2.81,2.75,48,17,25,90,2,1,0,56,8,1,1.67,0.9,0.29,1,1,0,86.5,65,62.9,0.66,0.15,0.15,3.38,3.31,3.24,53.29,3.8,3.7,3.87,3.77,52,24,19,95,8,4,1,62,11,3,1.74,1.25,0.82,5,2,1,99.27,76,78.67,0.76,0.76,0.76,3.8,3.88,3.84,11.79,10.4,286,224
Marian Hossa,73836,1657,45.68,0.49,0.5,0.48,0.5,0.48,0.5,349,167.48,19.98,11.5,34.73,5.08,89.43,65.27,19.46,20.07,19.54,11,8,167,59,77,303,45,26,10,5,35,4,63,88,141,200,4,8,5,32,47,29,156,49,21,5.25,5.83,8.91,8,10,8,303.52,226,226.91,13,2.52,2.97,3.48,19.03,19.1,18.84,1657,218,196,260,983,219,221,250,967,5,9,192255,8,22,11,36,558.4,55.61,54,55.71,54.1,574,197,312,1083,57,39,8,581,137,53,17.82,16.96,20.84,20,23,14,1087.34,771,774.03,8.58,10.01,10.22,53.97,54.18,53.45,607.38,57.28,54.25,57.51,54.45,631,211,308,1150,54,52,11,642,148,52,18.34,18.39,20.55,18,14,22,1141.75,842,838.02,9.33,12.5,12.92,53.69,53.73,52.45,144.64,145.72,3013,3006
Korbinian Holzer,25945,577,-0.2,0.42,0.54,0.39,0.51,0.4,0.51,186,15.92,0.78,0.95,4.19,0.54,9.58,6.97,0.76,0.8,0.77,2,3,14,9,13,36,7,2,1,0,4,0,4,12,12,21,10,23,0,71,3,11,19,4,0,0.38,0.4,0,1,1,0,36.62,23,23.35,9,0.19,0.33,0,0.97,0.99,0.96,577,65,59,72,381,70,115,69,323,0,0,90153,23,9,3,34,156.36,11.53,11.24,11.52,11.24,153,63,66,282,15,6,2,170,39,7,4.95,4.73,1.86,4,8,3,284.52,216,217.41,2.06,1.44,1.35,12.24,12.23,12,226.5,15.73,15.43,15.77,15.47,236,83,119,438,19,13,3,267,44,8,7.25,5.34,3.14,7,10,2,433.33,319,316.97,3.16,2.14,2.18,16.71,16.73,16.52,74.39,62.31,1401,1365
Ryan Pulock,237,5,0,0.78,0.66,0.38,0.55,0.5,0.53,6,0,0,0,0,0,0,0,0,0,0,0,0,0,0,1,1,0,0,0,0,0,0,0,0,0,0,0,0,0,1,0,0,0,0,0,0,0,0,0,0,0,1,0,0,0,0,0,0,0,0,0,5,1,1,1,2,1,1,0,3,0,0,3363,0,0,0,1,1.4,0.11,0.11,0.11,0.11,2,0,1,3,1,0,0,2,0,0,0.11,0,0,1,0,0,3.03,2,2.04,0.03,0,0,0.13,0.13,0.13,1.52,0.03,0.03,0.03,0.03,2,0,3,5,0,0,0,2,0,0,0.03,0,0,0,0,0,4.93,2,1.93,0.01,0,0,0.04,0.04,0.04,2.49,1.26,58,47
Vladislav Namestnikov,65645,1398,33.01,0.6,0.49,0.58,0.49,0.57,0.48,537,116.02,17.64,9.44,23.87,3.83,59.95,42.27,16.96,17.73,17.04,9,9,115,42,40,197,28,10,8,1,27,3,52,57,105,147,14,31,209,72,14,26,86,52,19,3.27,6.82,7.54,1,4,5,198.4,157,158.11,9,2.17,1.94,3.88,15.92,16.01,15.52,1398,287,132,229,750,252,207,224,715,209,271,204380,31,31,14,31,600.94,60.95,58.59,61.22,58.79,599,241,295,1135,56,52,8,594,188,58,17.35,24.02,19.59,18,21,17,1137.86,840,842.71,9.87,11.52,11.58,59.25,59.37,58.03,464.81,40.9,39.97,41.2,40.25,466,179,193,838,45,29,7,474,143,28,13.21,17.98,9.72,19,16,10,838.95,645,647.8,6.66,6.45,6.59,40.98,41.16,40.62,156.48,163.25,3001,3149
William Carrier,22142,583,10.6,0.48,0.48,0.5,0.47,0.5,0.47,436,48.92,4.35,3.37,11.27,1.51,25.94,18.55,4.21,4.26,4.13,1,2,50,15,7,72,8,5,1,1,15,0,21,23,45,60,9,21,1,112,8,10,42,20,3,1.18,2.34,0.83,1,3,1,70.79,65,63.72,5,0.71,0.03,0.99,4.07,4,3.93,583,74,67,114,328,89,75,75,344,1,1,127862,21,23,10,10,187.37,14.82,14.29,14.87,14.33,190,67,77,334,11,12,2,195,49,13,5.19,6.07,3.56,1,5,5,328.97,257,253.77,2.54,3.01,3.01,14.35,14.32,14.02,184.66,15.82,15.26,15.84,15.28,200,56,73,329,13,13,3,198,46,12,5.99,5.8,4.04,4,4,5,329.22,256,256.5,2.53,3.48,3.65,14.69,14.7,14.43,95.13,104.65,1919,2133
John Klingberg,112108,2209,47.11,0.56,0.42,0.55,0.47,0.55,0.48,131,133.83,9.26,9.22,33.56,4.27,83.62,54.08,8.87,9.21,8.82,21,15,124,70,119,313,49,13,11,2,23,5,67,75,111,181,19,34,1,42,40,99,168,18,8,3.86,2.22,3.18,7,3,3,310.6,194,192.16,55,2.06,2.23,1.43,9.88,9.81,9.56,2209,350,218,432,1209,244,363,369,1233,1,0,178216,34,20,10,117,1086.11,114.11,108.9,113.99,108.74,1059,449,524,2032,119,103,26,1090,297,121,31.82,36.05,46.25,41,36,42,2018.29,1508,1498.63,17.96,25.68,25.78,106.28,106.07,103.12,891.31,91.02,88.11,91.54,88.62,876,353,438,1667,83,75,14,876,249,104,25.65,30.76,34.61,28,24,31,1675.33,1229,1235.43,12.69,17.09,17.4,86.31,86.79,85.36,120.9,165,2725,3057
Cal Clutterbuck,55429,1395,21.3,0.47,0.49,0.42,0.48,0.42,0.49,478,108.78,13.15,7.34,24.69,3.87,56.88,45.07,12.48,13.15,12.48,10,5,115,36,48,199,20,5,6,3,36,5,34,65,110,146,14,28,3,222,30,16,108,28,15,3.92,3.52,5.71,1,1,3,200.92,151,152.69,11,1.59,1.78,2.08,12.65,12.68,12.05,1395,142,304,245,704,196,167,199,833,3,5,185354,28,28,14,25,384.38,39.66,38.06,39.67,38.08,401,133,191,725,35,25,10,394,96,44,11.56,11.59,16.51,16,6,13,728.82,534,536.96,5.37,7.24,8,37.03,37.08,36.03,522.02,44.5,42.05,44.56,42.13,509,233,262,1004,41,32,8,579,127,36,15.77,15.16,13.56,19,13,9,1003.1,742,740.68,8.42,7.96,8.47,44.45,44.5,42.38,144.91,150.05,2922,3122
Mathieu Perreault,63525,1356,45.05,0.61,0.45,0.59,0.46,0.59,0.46,371,133.45,16.6,10.34,28.39,4.38,74.86,48.49,16.08,16.66,16.12,18,14,134,50,34,218,45,13,9,2,29,7,57,69,121,171,15,30,97,97,33,20,106,60,18,4.12,7.41,5.07,5,6,2,218.16,184,184.44,12,2.38,1.49,3.2,15.72,15.77,15.47,1356,261,141,208,746,200,176,220,760,97,92,172782,30,40,20,26,640.34,66.41,63.6,66.59,63.77,658,245,258,1161,75,49,14,650,186,67,20.57,22.48,23.36,24,24,27,1156.69,903,902.26,10.65,12.43,12.44,64.3,64.32,62.59,441.4,41.7,40.56,42.09,40.95,478,137,186,801,58,34,13,453,118,44,13.92,14.42,13.36,16,22,20,811.45,615,622.06,6.02,7.43,7.43,40.1,40.58,40.05,125.95,154.09,2424,2840
Pavel Zacha,60093,1299,19.23,0.5,0.46,0.51,0.47,0.51,0.47,484,80.25,8.51,5.42,17.98,2.68,43.31,32.1,8.17,8.51,8.18,11,5,83,27,17,127,24,8,8,4,19,4,34,37,75,102,8,19,184,54,16,26,78,22,10,2.9,2.46,3.15,3,1,4,126.63,110,109.51,8,1.19,1.96,2.43,7.27,7.26,7.15,1299,170,115,169,845,178,202,185,734,184,273,195303,19,32,16,24,466.67,41.81,39.97,41.51,39.66,477,171,166,814,34,27,9,488,123,37,13.96,14.62,13.24,10,11,13,804.24,648,641.5,7.09,6.71,7.5,41.4,40.96,39.98,451.75,42.37,40.42,42.75,40.77,465,158,174,797,39,28,7,458,128,37,13.79,15.47,13.09,9,19,11,806.55,623,630.49,6.26,6.14,6.4,42.23,42.55,41.09,139.3,162.22,2673,3037
Jonathan Drouin,77555,1538,54.09,0.61,0.49,0.59,0.48,0.58,0.48,326,179.63,17.45,12.01,37.03,5.32,101.58,72.61,17.12,17.33,17.02,17,15,183,63,77,323,53,21,9,1,53,6,80,77,162,225,8,16,96,50,45,65,178,58,10,6.26,6.41,4.77,6,9,6,321.13,246,245.35,19,2.69,1.69,1.15,18.97,18.91,18.61,1538,363,154,241,780,262,243,277,756,96,124,188947,16,26,13,16,742.03,74.12,71.25,73.84,70.99,728,315,338,1381,79,47,10,741,244,58,22.95,28.5,22.66,17,36,26,1373.51,1043,1038.7,12.51,9.48,9.64,76.99,76.72,75.05,533.83,47.79,46.55,48.19,46.97,558,187,202,947,55,34,6,552,155,38,16.34,18.74,12.69,20,20,15,959.47,745,754.07,7.58,6.89,7.03,48.34,48.84,48.19,144.59,153.03,2743,2969
Andrej Sekera,101649,2131,40.05,0.52,0.51,0.5,0.5,0.52,0.51,194,128.77,7.25,8.63,32.32,4.27,79.01,60.53,7.01,7.21,6.97,13,14,128,64,127,319,35,8,6,0,39,6,66,67,120,184,9,18,0,54,35,94,172,15,5,3.88,1.88,1.49,3,3,2,318.95,192,192.15,77,1.96,1.42,0.53,8.68,8.66,8.41,2131,282,315,385,1149,254,274,286,1317,0,0,186416,18,10,5,164,842.38,87.52,83.87,87.37,83.75,860,313,443,1616,78,69,15,820,259,94,24.57,31.48,31.47,16,34,28,1616.26,1173,1173.97,13.75,15.37,15.9,85.36,85.25,83.12,779.03,80.09,75.59,80.2,75.67,778,304,503,1585,59,71,11,770,231,81,24.27,27.48,28.35,11,26,22,1576.1,1082,1078.86,12.29,17.76,17.75,74.63,74.69,72.37,153.38,146.65,2874,2867
Pontus Aberg,11102,256,1.11,0.49,0.51,0.47,0.53,0.48,0.52,137,10.49,0.46,0.61,2.5,0.34,6.45,4.64,0.45,0.47,0.46,0,1,12,3,9,24,2,1,0,0,4,2,3,5,11,14,2,4,1,9,5,2,15,0,0,0.46,0,0,1,0,0,24.79,15,15.46,1,0.12,0,0,0.58,0.6,0.59,256,35,34,45,142,46,38,46,126,1,0,43196,4,6,3,2,74.72,5.09,5.01,5,4.92,77,29,36,142,5,3,0,87,16,3,2.49,1.94,0.66,1,4,0,142.79,106,105.95,1.05,0.61,0.61,5.53,5.48,5.38,84.71,5.37,5.3,5.34,5.27,89,28,42,159,7,2,0,96,18,3,2.56,2.05,0.76,3,4,0,156.77,117,115.68,1.14,0.35,0.35,6.17,6.14,6.06,37.97,36.03,722,637
Duncan Keith,122960,2379,53.88,0.5,0.49,0.51,0.5,0.5,0.49,95,158.1,5.63,11.02,38.4,5.2,107.82,74,5.51,5.63,5.5,19,28,183,60,141,384,53,6,9,0,51,4,73,100,177,237,8,16,0,24,32,73,237,6,0,5.01,0.62,0,6,0,0,385.11,243,242.97,58,2.41,2.21,0.18,7.8,7.77,7.62,2379,348,350,405,1276,225,217,402,1535,0,0,168522,16,2,1,107,1022.22,103.04,99.62,103.03,99.63,1089,337,532,1958,112,74,20,1092,230,104,32.19,27.58,43.27,34,30,48,1963.27,1426,1430.05,16.92,17.47,19.79,100.1,100.18,98,1027.03,102.13,97.73,101.98,97.57,1071,344,490,1905,92,91,18,1032,266,117,27.95,32.36,41.83,25,28,39,1891.86,1415,1406.38,16.47,19.96,20.86,97.75,97.39,95.06,116.49,121,2565,2612
Sam Bennett,72839,1613,22.52,0.49,0.48,0.49,0.51,0.49,0.5,522,121.74,15.95,8.77,25.42,3.87,65.6,49.38,15.45,15.93,15.43,7,6,122,47,46,215,26,13,6,3,25,5,48,72,109,156,33,75,374,127,43,25,105,46,18,3.74,5.4,6.82,3,4,6,216.47,169,169.46,11,1.91,1.49,3.31,14.56,14.61,14.22,1613,270,157,243,943,227,278,234,874,374,437,221997,75,55,23,46,526.29,45.26,43.86,45.36,43.95,523,220,267,1010,42,26,6,584,121,38,16.6,14.24,14.42,12,15,15,1012.87,743,744.96,7.51,6.65,6.69,46.08,46.27,45.45,558.22,47.04,45.9,47.43,46.26,564,216,270,1050,54,25,4,612,134,34,17.75,16.62,12.67,22,22,10,1054.25,780,785.12,8,5.84,6.52,48.52,48.77,48.06,169.45,182.09,3422,3333
Nikita Zaitsev,108332,2438,32.25,0.49,0.51,0.5,0.5,0.49,0.5,180,122.74,4.84,6.89,34.12,4.22,74.72,56.21,4.72,4.82,4.7,13,19,106,75,122,303,36,4,3,0,24,2,70,78,102,177,19,38,0,176,33,58,174,6,1,3.82,0.63,0.39,2,1,1,303.85,181,181.55,47,1.49,0.85,0.09,6.25,6.23,6.06,2438,328,386,439,1285,270,289,377,1502,0,0,191169,38,22,11,136,989.49,100.35,96.18,100.5,96.34,951,419,458,1828,91,61,16,970,319,81,30.27,38.96,31.12,22,35,34,1835.8,1370,1377.96,14.78,16.05,17.38,97.75,97.86,95.67,1012.77,102.65,97.3,102.49,97.14,1003,399,416,1818,102,74,25,1039,257,106,32.08,31.07,39.51,40,24,38,1803.1,1402,1391.85,14.9,19.48,19.89,97.67,97.52,93.61,167.28,157.81,3161,3150
Dennis Wideman,69185,1500,19.78,0.45,0.51,0.48,0.52,0.47,0.52,199,77.96,4.74,5.01,19.31,2.51,50.86,34.57,4.66,4.74,4.66,6,7,87,30,74,191,18,5,2,0,27,3,41,39,82,112,12,22,0,61,21,49,106,7,4,2.34,0.71,1.69,2,0,3,190.53,117,116.97,34,1.09,0.27,0.1,5.73,5.73,5.69,1500,202,196,248,854,202,239,244,815,0,0,138122,22,14,7,74,495.9,47.36,45.85,47.4,45.88,498,195,268,961,44,31,8,504,143,46,14.71,17.43,15.22,12,18,14,957.11,693,691.83,7.26,7.18,8.37,46.25,46.32,45.67,561.06,57.89,55.58,58.34,56,565,214,242,1021,57,51,8,573,144,62,16.98,18.57,22.34,17,17,23,1024.55,779,784.03,8.47,12.45,13.62,52.74,53.14,52.38,108.79,106.59,2198,2030
Dylan DeMelo,23839,537,8.8,0.54,0.47,0.52,0.49,0.51,0.5,128,31.05,1.69,1.95,8.38,1.11,19.08,13.8,1.64,1.68,1.63,5,2,32,14,24,70,8,1,4,0,6,1,16,18,31,45,7,14,0,36,4,12,43,1,2,0.89,0.17,0.63,1,0,0,69.55,46,45.41,6,0.41,1.5,0.34,1.76,1.74,1.72,537,70,48,80,339,84,60,73,320,0,0,66887,14,8,4,32,184.55,17.56,16.95,17.43,16.82,183,82,112,377,15,16,3,189,61,15,5.06,7.23,5.27,8,4,3,374.05,265,262.21,2.8,4.07,4.57,15.79,15.63,15.32,181.08,14.7,14.38,14.91,14.59,173,80,96,349,14,13,1,192,50,11,5.4,6.17,3.14,4,7,3,351.74,253,255.95,2.45,1.91,1.91,15.18,15.39,15.19,51.44,58.21,1064,1110
Zdeno Chara,104985,1958,42.84,0.49,0.61,0.47,0.59,0.48,0.6,115,128.3,6.69,7.4,33.22,4.13,75.46,62.09,6.53,6.71,6.55,10,9,136,53,90,279,29,10,9,0,41,4,58,67,126,179,25,59,0,130,35,62,173,13,3,3.63,1.59,1.47,6,3,1,280.28,189,190.04,47,1.55,3.23,0.43,7.81,7.82,7.64,1958,150,316,291,1201,339,194,347,1078,0,1,167062,59,49,19,140,855.67,80.53,77.76,81.05,78.26,872,309,365,1546,88,50,14,876,226,79,24.41,27.01,29.12,32,23,33,1561.88,1181,1193.17,11.77,12.3,12.76,79.55,80.01,78.57,928.48,83.04,79.63,83.13,79.71,922,374,443,1739,86,58,12,969,244,83,25.8,30.33,26.92,27,35,24,1727.41,1296,1290.65,15.23,12.96,14.27,84,84.02,81.76,153.31,98.14,3029,2097
Brayden Schenn,84341,1767,49.3,0.64,0.46,0.6,0.49,0.6,0.49,334,182.66,29.25,14.86,37.66,6.79,105.6,66.84,27.65,29.19,27.59,17,13,178,83,56,317,55,25,25,5,41,5,93,72,153,236,16,38,232,189,18,36,134,91,36,4.54,11.02,13.7,1,12,12,315.64,261,259.76,14,3.69,5.73,6.52,26.43,26.36,25.34,1767,403,146,312,906,232,240,315,980,232,262,205129,38,42,18,42,929.42,104.24,96.61,104.01,96.38,917,386,449,1752,90,90,21,905,280,118,26.77,33.7,43.78,17,32,41,1747.2,1303,1299.57,16.55,21.72,21.87,98.92,98.68,93.45,614.29,58.53,57.61,59.22,58.28,612,239,331,1182,57,35,5,638,161,52,19.32,19.56,19.65,17,18,22,1190.61,851,858.83,7.9,7.07,7.07,59.35,59.96,59.36,132.92,155.15,3055,3214
Brett Connolly,41821,952,28.84,0.57,0.5,0.55,0.5,0.55,0.51,699,72.23,8,5.14,15.62,2.25,38.02,27.96,7.82,8.24,8.07,7,1,80,17,32,129,23,15,7,3,20,4,18,33,65,82,20,40,4,88,16,12,65,25,7,2.53,3.36,2.11,3,7,5,133.51,97,100,1,1.12,1.96,1.24,7.87,8.14,8.1,952,148,84,152,568,159,160,141,492,4,10,194337,40,18,9,12,372.96,32.44,31.38,33.07,32,379,136,197,712,39,26,8,395,91,29,11.9,11.45,9.09,13,15,11,732.99,515,527.39,5.25,5.54,5.54,32.08,32.72,32.16,305.88,24.87,24.21,24.53,23.89,301,128,150,579,16,22,7,331,77,21,9.88,9.04,5.95,2,5,9,564.55,429,418.84,4.23,4.34,4.31,24.79,24.45,24.1,154.75,155.11,2969,2922
Robert Hagg,1279,27,0.82,0.43,0.6,0.57,0.55,0.52,0.56,3,4.37,0.28,0.27,1.16,0.14,2.22,1.93,0.28,0.27,0.26,0,0,5,1,3,9,0,0,0,0,3,0,3,0,5,6,0,0,0,4,0,0,5,1,0,0.17,0.1,0,0,0,0,8.54,6,5.75,0,0.06,0,0,0.33,0.32,0.32,27,2,3,4,18,3,2,2,20,0,0,2621,0,0,0,3,10.93,0.69,0.68,0.65,0.65,11,4,8,23,1,0,0,13,2,0,0.44,0.25,0,1,0,0,21.63,15,14.21,0.12,0,0,0.81,0.76,0.76,10.23,0.9,0.89,0.97,0.96,11,3,3,17,1,1,0,11,2,1,0.23,0.28,0.39,0,1,0,18.15,14,14.92,0.13,0.39,0.39,0.63,0.68,0.67,3.23,2.12,54,44
Nick Shore,53712,1258,23.21,0.5,0.53,0.5,0.55,0.5,0.55,609,86.8,8.77,5.95,19.07,2.71,46.58,36.9,8.51,8.81,8.55,6,5,79,41,43,163,17,6,6,1,20,5,31,52,73,114,10,20,362,58,11,19,81,31,8,2.67,3.87,2.24,1,4,1,163.87,120,119.89,13,1.25,1.53,2.05,7.98,8.04,7.93,1258,161,153,158,786,216,169,157,716,362,359,201283,20,12,6,22,407.54,33.34,32.31,33.38,32.34,395,175,212,782,26,33,4,444,98,28,12.47,12,8.87,7,13,6,780.97,570,567.85,5.58,7.79,7.79,31.13,31.16,30.73,412.46,33.93,33.43,33.93,33.44,376,196,196,768,33,15,4,438,112,22,12.72,13.48,7.72,11,13,9,769.58,572,574.71,5.92,1.8,1.8,38.04,38,37.58,159.91,141.11,3433,2772
David Backes,75940,1571,52.85,0.6,0.56,0.6,0.53,0.6,0.54,326,176.31,19.93,12.15,39.43,5.81,90.17,73.51,19.09,20.03,19.19,12,9,175,66,45,286,38,17,15,3,37,6,72,94,158,224,25,59,60,226,28,35,162,55,24,4.38,6.71,8.84,5,5,7,287.96,241,242.25,15,2.69,2.79,4.63,18,18.06,17.75,1571,266,178,251,876,200,181,271,919,60,63,192807,59,55,22,47,777.54,72.24,67.47,72.6,67.82,782,307,349,1438,68,50,11,812,210,67,22.95,25.26,24.02,22,21,25,1445.94,1089,1094.72,11.99,10.86,11.24,72.99,73.22,69.65,517.51,48.04,46.63,48.28,46.84,521,200,257,978,56,32,8,544,128,49,15.44,15.33,17.28,16,20,20,974.85,721,719.44,7.45,7.95,8.59,46.9,47.03,46.21,162.79,127.95,3150,2796
Zach Hyman,82149,1950,38.28,0.42,0.54,0.45,0.52,0.45,0.52,387,153.06,17.37,10.91,31.14,4.83,76.35,64.39,16.81,17.44,16.89,12,6,156,49,27,232,28,10,21,2,25,6,55,88,146,195,15,30,11,109,42,25,118,73,14,4.52,9.23,3.61,3,5,2,235.39,205,207.9,13,2.33,3.95,2.76,16.95,17.01,16.64,1950,289,309,305,1047,302,255,307,1086,11,18,217352,30,54,26,43,694.68,65.48,63.35,66.11,63.96,678,277,319,1274,52,51,10,664,234,57,21.42,28.27,15.78,14,22,16,1289.37,955,966.49,9.7,10.54,11.33,63.85,64.22,62.91,864.14,91.3,87.74,91.09,87.57,830,359,383,1572,77,71,14,856,239,94,25.51,28.81,36.98,25,21,31,1558.85,1189,1178.97,13.95,18.16,18.24,87.02,86.97,84.99,202.14,169.16,3715,3396
Devin Setoguchi,33593,784,19.3,0.57,0.52,0.57,0.54,0.57,0.54,414,63.21,6.72,4.78,13.99,2.04,33.47,23.99,6.55,6.8,6.61,4,4,60,25,25,110,12,4,4,2,13,3,27,34,56,81,7,14,2,53,15,19,51,28,6,1.67,3.73,1.32,0,4,0,110.14,85,85.26,13,1.03,1.06,1.54,6.21,6.29,6.16,784,121,69,99,495,130,107,103,444,2,2,130543,14,22,11,10,314.62,25.29,24.69,25.46,24.85,313,123,187,623,21,26,5,328,88,20,8.52,11.13,5.64,7,11,3,622.61,436,436.07,4.45,4.3,4.3,25.43,25.56,25.15,238.26,19.36,18.93,19.51,19.07,235,92,136,463,23,15,2,243,68,16,6.45,7.91,5,7,9,7,464.94,327,329.77,3.15,2.63,2.63,19.88,19.99,19.83,96.27,90.45,2100,1771
Sven Andrighetto,38550,845,23.84,0.54,0.5,0.54,0.52,0.53,0.51,332,67.44,6.53,4.57,15.67,2.19,37.15,24.89,6.17,6.49,6.14,9,8,68,23,39,130,24,7,8,1,16,5,25,30,61,84,6,12,7,40,19,9,70,14,7,2.12,1.78,2.62,3,2,2,129.6,91,90.31,2,1.02,1.22,2.41,5.13,5.14,5,845,122,66,173,484,138,121,111,475,7,3,128927,12,14,7,22,318.78,28.44,26.78,28.24,26.6,319,124,172,615,28,27,3,343,70,30,9.75,8.44,10.25,12,9,7,611.25,443,438.81,4.77,6.94,6.94,26.26,26.17,25.37,274.95,24.41,23.89,24.75,24.22,291,97,142,530,22,19,3,292,76,20,8.8,9.1,6.51,10,4,8,540.57,388,396.91,3.86,3.42,3.42,24.85,25.14,24.87,92.91,93.71,1998,1857
Nicklas Grossmann,2342,66,-0.82,0.45,0.48,0.45,0.47,0.43,0.5,18,1.94,0.04,0.11,0.49,0.06,1.35,0.96,0.04,0.04,0.04,0,0,3,0,4,7,0,0,0,0,0,0,1,2,3,3,1,2,0,7,0,1,3,0,0,0.04,0,0,0,0,0,7.24,3,3.21,1,0.02,0,0,0.06,0.06,0.06,66,3,6,13,44,9,13,9,35,0,0,8458,2,0,0,1,16.99,1.51,1.51,1.6,1.59,14,9,8,31,1,1,0,18,3,2,0.57,0.33,0.61,0,1,0,31.32,23,23.64,0.23,0.35,0.35,1.39,1.45,1.45,22.83,1.88,1.86,1.85,1.83,22,9,7,38,5,2,1,22,9,0,0.71,1.17,0,2,3,0,37.7,31,30.66,0.32,0.23,0.23,1.98,1.94,1.92,6.52,7.05,125,139
Nick Foligno,87336,1854,55.36,0.58,0.47,0.56,0.47,0.56,0.47,239,187.46,24.71,14.59,39.56,5.7,89.55,66.88,23.47,24.81,23.58,14,11,185,56,39,280,51,26,15,5,31,12,69,88,159,215,23,55,41,157,44,35,139,74,28,4.37,9.37,10.98,5,13,8,284.02,241,244.27,10,3.35,2.77,6.78,21.29,21.44,21.01,1854,395,183,322,954,227,281,305,1041,41,48,200045,55,81,36,50,811.5,81.21,77.18,81.75,77.71,818,305,360,1483,83,67,14,821,223,79,22.4,27.17,31.64,28,30,25,1491.66,1123,1131.41,13.47,17.53,17.53,77.15,77.68,75.55,656.03,57.73,56.44,57.82,56.51,643,255,281,1179,57,39,7,670,170,58,18.51,20.55,18.66,23,15,19,1172.69,898,896.15,9.13,8.48,8.55,58.32,58.27,57.58,145.9,161.74,2929,3288
Jacob Larsson,3943,85,-0.4,0.25,0.53,0.43,0.54,0.4,0.54,22,3.19,0.07,0.26,0.85,0.1,2.4,1.32,0.07,0.07,0.07,0,0,2,3,6,11,0,0,0,0,2,0,0,3,2,5,1,2,0,1,0,1,5,0,0,0.07,0,0,0,0,0,11.07,5,5.16,1,0.06,0,0,0.12,0.13,0.13,85,14,5,11,55,15,14,7,49,0,0,10511,2,0,0,1,24.21,0.93,0.92,0.95,0.94,22,12,16,50,0,0,0,31,3,0,0.63,0.3,0,0,0,0,49.76,34,33.77,0.31,0,0,1.24,1.27,1.25,35.51,2.81,2.75,2.78,2.72,38,13,15,66,2,1,1,38,13,0,1.24,1.58,0,1,1,0,66.3,51,51.46,0.59,0,0,3.4,3.37,3.28,8.73,7.9,171,145
Jori Lehtera,58273,1424,21.64,0.52,0.49,0.52,0.48,0.52,0.48,429,57.67,7.64,4.42,12.07,1.68,28.42,20.77,7.48,7.71,7.54,7,8,67,8,25,100,22,7,1,0,20,1,17,29,60,68,16,34,409,64,21,14,37,32,6,1.45,3.98,2.2,0,6,1,100.54,75,75.56,3,0.95,0.21,1.49,7.1,7.13,7.08,1424,278,121,225,800,174,216,216,818,409,423,173792,34,34,17,29,482.27,44.23,42.98,44.45,43.2,495,172,231,898,50,29,5,503,123,41,14.91,14.61,14.7,14,19,17,896.53,667,667.35,7.23,5.2,5.16,46.3,46.47,45.63,448.04,40.61,39.55,41.04,39.97,456,158,215,829,49,27,10,460,119,35,12.91,14.61,13.1,12,17,20,836.12,614,619.19,6.23,6.6,6.6,40.24,40.61,39.96,114.46,121.11,2359,2546
Gustav Olofsson,10516,221,1.42,0.65,0.55,0.49,0.52,0.54,0.53,69,9.05,0.33,0.53,2.29,0.29,5.5,4.06,0.32,0.31,0.3,0,3,7,6,8,21,3,0,0,0,4,1,2,6,7,13,1,2,0,10,3,1,12,1,0,0.17,0.16,0,0,0,0,20.36,13,12.5,1,0.1,0,0.16,0.27,0.26,0.26,221,25,21,24,151,30,29,35,127,0,0,36773,2,0,0,16,95.97,10.06,9.67,9.92,9.53,97,33,35,165,9,12,3,83,31,16,2.43,3.49,4.14,0,3,6,161.65,130,127.75,1.51,2.59,2.59,8.98,8.84,8.7,78.97,5.51,5.38,5.7,5.56,76,35,61,172,7,4,1,92,15,4,2.64,1.72,1.15,4,2,1,177.54,111,112.92,1.07,0.75,0.75,5.83,6,5.87,30.45,25.02,599,547
Tom Gilbert,16693,393,6,0.46,0.48,0.54,0.54,0.55,0.54,91,13.74,0.45,0.89,3.84,0.47,9.37,5.98,0.45,0.46,0.46,4,0,12,9,9,30,5,1,0,0,3,0,10,7,11,20,3,6,0,10,1,7,19,2,0,0.24,0.22,0,0,1,0,30.04,21,21.05,5,0.19,0,0.02,0.63,0.64,0.63,393,51,33,41,268,62,56,49,226,0,0,49258,6,2,1,28,137.94,9.93,9.73,9.94,9.75,133,59,70,262,6,9,2,160,21,11,3.82,2.56,3.55,1,1,4,262.5,192,192.1,1.98,1.45,1.35,10.56,10.62,10.53,116.32,11.44,11.13,11.41,11.1,113,46,67,226,13,4,3,113,37,9,3.32,4.52,3.61,5,3,5,225.85,159,159.62,1.61,1.85,1.85,11.2,11.13,11.08,34.92,37.2,843,708
Jordan Martinook,70518,1641,19.4,0.39,0.43,0.42,0.46,0.43,0.45,415,114.03,12.82,8.04,24.33,3.7,59.23,48.88,12.08,12.77,12.02,10,4,107,50,38,195,25,11,15,1,10,5,45,71,96,146,20,40,444,49,39,19,99,45,13,3.27,5.22,4.33,3,2,6,191.54,157,154.35,11,1.74,3.2,2.67,11.9,11.85,11.68,1641,161,374,286,820,202,236,244,959,444,562,202781,40,22,11,64,526.59,45.73,42.05,45.72,42.04,521,208,213,942,43,49,7,557,122,50,14.3,14.86,16.57,16,11,16,930.57,729,723.29,7.22,11.29,11.29,41.65,41.64,41.05,706.59,70.66,67.38,70.96,67.66,690,292,325,1307,66,81,14,717,188,77,21.43,22.83,26.42,20,21,25,1321.19,982,992.04,11.76,17.78,18.1,64.34,64.69,63.16,135.68,179.19,2949,3499
Wade Megan,1584,41,1.49,0.7,0.44,0.5,0.45,0.54,0.47,33,5.19,0.54,0.38,0.98,0.15,2.87,2.09,0.49,0.58,0.53,0,0,6,1,0,7,1,1,0,1,2,0,0,4,5,6,0,0,13,2,0,0,4,2,1,0.04,0.27,0.23,0,0,1,7.56,7,7.56,0,0.08,0,0.23,0.39,0.41,0.38,41,2,8,10,21,7,9,3,22,13,14,9216,0,0,0,0,13.96,1.52,1.47,1.65,1.6,16,3,3,22,2,1,1,12,4,3,0.28,0.55,0.7,0,0,2,23.69,19,20.56,0.2,0.23,0.23,1.49,1.61,1.58,10.43,0.66,0.66,0.64,0.63,12,4,6,22,1,0,0,14,2,0,0.46,0.2,0,1,0,0,20.86,16,15,0.15,0,0,0.81,0.78,0.78,5.43,6.9,107,131
Rick Nash,65048,1629,39.89,0.52,0.51,0.49,0.49,0.5,0.49,356,195.55,22.12,14.48,42.72,6.73,100.45,75.51,20.73,22.11,20.72,13,2,192,70,54,316,38,23,14,6,36,10,61,118,169,239,13,26,0,62,42,46,176,61,25,5.91,7.68,8.52,6,6,11,316.66,262,263.02,11,3.24,3.34,4.4,20.95,21,20.04,1629,285,249,277,818,191,190,240,1008,0,1,175451,26,40,20,34,558.79,55.07,51.89,55.18,52.01,539,237,237,1013,60,43,16,571,149,56,17.19,18.14,19.74,17,17,26,1012.89,776,776.65,8.73,11.43,11.58,52.21,52.43,50.16,558.67,51.31,49.85,51.27,49.8,562,226,283,1071,47,40,9,601,137,50,16.45,16.52,18.34,15,12,20,1067.03,788,786.03,8.11,11.09,11.27,48.15,48.13,47.28,130.66,125.73,2617,2764
Joseph LaBate,5276,147,-1.06,0.39,0.47,0.43,0.48,0.42,0.48,146,6.79,0.58,0.43,1.47,0.19,3.48,2.85,0.57,0.55,0.55,0,0,5,4,4,13,0,0,0,0,1,0,4,4,5,9,6,21,1,23,3,1,8,0,1,0.23,0,0.34,0,0,0,12.64,9,8.68,1,0.09,0,0.34,0.32,0.31,0.31,147,19,10,10,108,22,20,18,87,1,0,41975,21,19,5,2,34.08,2.21,2.19,2.18,2.17,32,15,21,68,2,1,0,39,6,2,0.92,0.73,0.57,1,1,0,67.11,47,46.26,0.45,0.34,0.34,2.31,2.29,2.28,46.99,3.43,3.29,3.34,3.21,44,22,23,89,4,6,1,55,7,4,1.57,0.72,1.14,1,2,1,89.97,66,66.35,0.62,1.12,1.12,2.94,2.92,2.9,28.18,32.26,620,661
Gustav Nyquist,79502,1675,48.1,0.56,0.44,0.57,0.45,0.56,0.45,334,168.58,17.92,12.49,35.34,5.29,91.07,65.89,17.42,17.76,17.26,22,14,165,63,64,292,48,12,14,1,43,5,66,88,153,216,9,18,4,54,32,35,143,74,11,4.74,9.02,4.16,4,6,2,290.75,228,226.7,7,2.81,3.05,2.47,18.26,18.15,17.84,1675,341,149,293,892,271,233,281,890,4,1,199325,18,32,16,20,730.64,68.6,66.52,68.4,66.34,730,285,326,1341,72,50,13,737,223,55,22.66,27.11,18.83,27,26,19,1330.62,1015,1009.81,12.28,11.61,11.61,69.27,69.18,67.66,582.44,52.86,51.69,53.06,51.87,587,225,220,1032,55,28,9,600,169,43,17.42,20.65,14.79,28,13,14,1041.68,812,819.02,7.93,4.95,5.31,55.48,55.68,54.9,121.15,156.44,2636,3202
John Quenneville,9863,224,3.83,0.6,0.44,0.53,0.45,0.55,0.44,96,21.02,2.06,1.42,4.67,0.74,13.56,8.55,2.04,2.03,2.01,2,1,21,10,4,35,4,1,2,0,9,0,8,11,20,30,1,2,0,15,4,4,24,6,1,0.88,0.67,0.51,0,1,0,34.08,31,30.39,1,0.33,1.14,0.01,2.37,2.33,2.32,224,34,17,43,130,35,26,31,132,0,0,34275,2,4,2,7,80.02,9.04,7.57,8.9,7.44,80,32,25,137,7,5,2,83,19,10,2.24,2.33,4.47,0,3,4,133.43,112,109.42,1.24,1.92,1.93,8.35,8.23,6.95,68.67,6.1,5.92,6.18,5.99,67,26,27,120,2,4,0,64,24,5,2.05,2.77,1.28,1,0,1,123.81,93,95.56,0.96,0.75,0.75,6.3,6.41,6.27,26.06,33.75,471,578
Andrei Markov,81230,1652,45.25,0.52,0.5,0.54,0.5,0.54,0.5,177,94.43,3.87,5.93,25.95,3.21,59.66,41.37,3.51,3.88,3.52,21,9,98,42,83,223,36,6,6,0,27,1,49,51,92,134,8,16,0,39,28,69,133,5,2,2.81,0.5,0.55,4,1,1,222.73,140,140.07,55,1.29,1.15,0.28,4.88,4.89,4.49,1652,249,240,268,895,173,252,273,954,0,0,145264,16,18,9,73,723,62.8,60.21,63.23,60.61,718,292,365,1375,65,66,10,765,182,63,21.48,21.78,19.55,26,22,17,1383.31,1010,1015.13,11.38,12.23,12.31,61.87,62.11,60.5,623.8,57.19,55.06,57.62,55.49,639,233,311,1183,43,33,5,648,172,52,17.72,21.08,18.38,15,15,13,1185.21,872,876.29,9.31,6.15,6.5,60,60.41,58.8,107.77,108.92,2259,2250
Zach Werenski,97864,2069,58.65,0.58,0.47,0.57,0.45,0.57,0.46,254,176.5,9.4,11.8,46.56,5.52,109.53,74.19,8.86,9.38,8.85,15,21,188,69,133,390,47,11,24,0,50,12,75,85,177,246,7,14,0,41,27,40,242,11,4,6.15,1.47,1.78,9,1,1,392.09,257,258.48,27,2.64,7.33,0.66,11.37,11.39,10.8,2069,376,274,428,991,237,301,353,1178,0,0,185917,14,8,4,90,916.38,91.74,87.08,92.28,87.62,937,324,458,1719,100,73,17,915,252,94,25.81,30.93,35,36,34,30,1736.69,1261,1274.22,14.8,18.82,19.42,87.11,87.63,84.97,699.04,67.5,65.3,67.68,65.46,677,284,336,1297,55,57,9,699,188,74,20,22.89,24.62,17,13,25,1291.75,961,960.04,9.87,10.65,10.79,66.58,66.57,65.19,131.78,146.39,2602,3131
J.T. Brown,39824,962,6.04,0.47,0.53,0.45,0.53,0.45,0.52,658,65.79,6.33,4.32,14.54,2,33.3,27.52,6.1,6.39,6.15,1,2,67,21,28,116,6,3,4,0,12,5,33,31,64,85,21,63,12,103,8,11,67,13,8,2.14,1.75,2.43,0,2,1,115.48,88,87.81,6,0.91,0.53,1.13,6.1,6.15,6.03,962,87,159,165,551,171,158,140,493,12,26,194074,63,56,16,25,282.34,21.83,21.07,21.84,21.08,277,112,130,519,12,23,2,311,60,18,9.06,7.49,5.28,4,6,2,514.81,389,387.01,3.78,4.34,4.47,21.15,21.13,20.83,333.94,24.9,24.3,24.99,24.39,338,134,163,635,27,16,1,376,81,15,10.74,9.52,4.63,12,12,3,634.33,472,473.11,4.83,2.92,2.98,26.75,26.89,26.45,167.07,147.14,3068,2758
Ryan Hartman,58218,1296,43.88,0.54,0.48,0.53,0.49,0.53,0.49,640,161.2,15.88,10.97,36.28,4.96,84.01,61.91,15.39,15.94,15.45,8,4,170,44,47,261,31,19,13,3,35,7,59,81,151,195,22,50,25,121,36,31,152,45,17,4.96,5.61,5.31,7,7,5,263.58,214,216.02,11,2.32,3.01,3.68,14.52,14.59,14.42,1296,158,130,201,807,223,172,205,696,25,37,218716,50,64,29,30,512.99,44.2,42.77,44.34,42.91,540,168,247,955,45,42,7,548,119,41,16.04,15.23,12.92,15,22,8,958.58,708,711.36,7.23,9.74,9.82,41.6,41.74,41.23,443.4,37.45,36.21,37.78,36.52,456,161,224,841,32,35,8,488,92,37,14.49,11.25,11.71,14,8,10,839.91,617,618.14,6.24,8.16,9.07,34.63,34.7,34.2,166.39,177.31,3381,3469
Brian Strait,4779,113,1.02,0.45,0.44,0.42,0.44,0.45,0.42,20,4.76,0.16,0.27,1.29,0.15,3.04,2.08,0.16,0.16,0.16,2,0,3,4,3,10,2,0,0,0,0,1,1,5,3,7,0,0,0,5,0,0,7,0,0,0.16,0,0,0,0,0,9.85,7,6.92,0,0.05,0,0,0.21,0.21,0.21,113,11,13,21,68,9,24,21,59,0,0,13221,0,0,0,8,34.73,3.62,3.55,3.59,3.52,28,21,19,68,4,1,0,32,13,4,0.97,1.38,1.27,2,1,1,67.53,49,48.73,0.52,0.29,0.29,3.84,3.82,3.78,42.65,4.39,4.27,4.38,4.26,37,24,31,92,4,0,0,48,11,2,1.83,1.42,1.14,2,1,1,91.63,61,60.76,0.62,0,0,5,5,4.86,9.09,11.6,187,240
Samuel Henley,318,10,0.71,0.34,0.32,0.4,0.44,0.4,0.37,12,0.63,0.02,0.04,0.15,0.02,0.47,0.3,0.02,0.02,0.02,0,0,1,0,0,1,1,1,0,0,0,0,0,0,0,0,1,2,0,2,0,0,1,0,0,0.02,0,0,1,0,0,0.97,1,0.97,0,0.01,0,0,0.03,0.02,0.02,10,0,1,0,9,0,3,2,5,0,1,3282,2,0,0,0,2.91,0.12,0.12,0.11,0.11,4,0,0,4,1,0,0,4,0,0,0.12,0,0,1,0,0,3.65,4,3.66,0.04,0,0,0.15,0.14,0.14,4.24,0.22,0.22,0.24,0.24,6,0,0,6,0,0,0,4,2,0,0.05,0.17,0,0,0,0,6.48,6,6.46,0.06,0,0,0.28,0.3,0.3,1.66,3.46,42,54
Brady Skjei,82766,1862,39.01,0.54,0.5,0.53,0.47,0.53,0.49,354,117.03,4.88,7.1,30.83,3.79,70.6,52.79,4.72,4.87,4.71,13,21,125,45,57,227,39,5,9,0,26,3,58,69,120,165,18,38,0,147,16,49,161,7,2,3.63,0.67,0.57,4,1,0,227.8,170,169.96,30,1.51,2.64,0.45,5.94,5.93,5.82,1862,298,152,263,1149,271,267,250,1074,0,1,204588,38,22,11,68,693.65,63.14,59.98,63.53,60.36,680,284,318,1282,78,43,12,723,182,59,19.85,21.71,21.58,33,22,23,1285.31,964,967.71,9.99,12.27,12.56,60.57,60.91,58.55,609.16,53.94,52.13,54.15,52.35,630,218,286,1134,54,34,12,637,168,43,18,20.6,15.34,20,17,17,1130.83,848,847.73,8.17,8.47,8.88,53.23,53.45,52.51,161.22,158.63,3066,3396
Laurent Dauphin,15160,370,2.07,0.38,0.44,0.39,0.48,0.4,0.47,237,23.9,2.77,1.66,5.21,0.77,10.99,10.61,2.71,2.72,2.66,1,0,28,4,4,36,3,2,1,2,9,0,7,13,26,30,6,12,37,28,9,3,21,8,3,0.58,1.03,1.15,0,0,2,35.14,32,31.24,2,0.35,0.14,0.71,2.4,2.35,2.33,370,21,68,46,235,52,64,54,200,37,45,68730,12,4,2,10,98.81,6.93,6.85,6.88,6.8,98,42,45,185,5,5,2,115,20,5,2.84,2.45,1.64,2,1,2,182.81,140,138.74,1.23,1.01,1.01,7.15,7.09,7.06,150.96,11.28,10.88,11.38,10.98,146,68,73,287,10,9,2,172,34,8,4.66,3.81,2.81,4,2,4,288.38,214,215.69,2.41,1.87,1.87,11.82,11.9,11.61,45.26,57.54,1062,1171
Josh Manson,91639,1911,28.25,0.5,0.53,0.47,0.51,0.47,0.51,358,90.6,4.78,5.15,23.79,3.28,49.82,42.18,4.64,4.87,4.72,4,8,88,41,52,181,17,5,12,2,26,2,34,50,83,124,32,82,0,227,23,57,114,13,2,2.57,1.68,0.52,1,2,2,182.8,129,130.2,44,1.06,2.33,0.78,5.05,5.12,5.02,1911,174,334,315,1088,273,292,287,1059,0,0,207148,82,58,20,79,703.32,63.22,60.92,63.68,61.38,696,280,313,1289,61,73,21,739,174,63,22.1,22.1,19.02,16,24,21,1301.24,976,984.18,9.72,15.44,15.87,57.07,57.37,56.48,778.87,63.94,61.44,63.87,61.37,744,349,344,1437,63,59,13,831,214,48,22.8,25.74,15.4,17,24,22,1426.65,1093,1087.7,12.63,11.37,12.11,64.47,64.45,62.95,162.91,145,3290,3222
Oskar Sundqvist,5504,138,-0.9,0.4,0.49,0.43,0.52,0.43,0.51,105,6.94,0.6,0.41,2.05,0.33,2.86,2.75,0.59,0.6,0.59,0,0,9,0,1,10,0,0,0,0,4,0,2,3,9,9,1,2,16,13,1,2,7,2,0,0.24,0.35,0,0,0,0,10.19,9,9.14,2,0.09,0,0,0.68,0.69,0.68,138,11,17,20,90,23,17,15,83,16,28,31696,2,2,1,2,35.83,2.63,2.58,2.65,2.61,35,15,22,72,2,1,0,41,8,1,1.16,1.15,0.32,2,0,0,72.66,50,50.9,0.45,0.32,0.32,2.77,2.8,2.78,46.78,3.97,3.86,3.9,3.8,45,21,31,97,7,3,0,50,12,4,1.64,1.26,1.07,4,3,0,97.48,66,65.78,0.66,0.74,0.74,3.88,3.84,3.78,25.67,27.1,532,486
Marian Gaborik,49693,1072,32.96,0.59,0.51,0.59,0.54,0.59,0.54,358,122.88,12.67,8.57,27.12,3.89,67.88,48.87,12.02,12.57,11.93,9,2,123,46,47,216,21,10,11,3,19,7,52,70,113,159,9,18,0,21,7,24,115,44,10,4.37,5.41,2.89,3,5,2,214.42,169,167.25,13,1.84,2.53,2.54,11.97,11.96,11.5,1072,166,87,187,632,196,140,153,583,0,1,154234,18,10,5,15,496.18,45.12,42.83,45.07,42.79,482,208,233,923,36,46,10,510,133,47,15.21,16.48,13.42,12,12,12,915.62,690,684.3,7.44,10.8,11.31,41.25,41.27,40.08,350.42,31.26,30.58,31.69,30.99,348,136,155,639,29,22,5,369,83,32,11.05,10.16,10.05,12,7,10,650.61,484,491.51,4.7,5.76,6.36,29.61,29.98,29.66,116.13,112.11,2532,2159
Pierre-Edouard Bellemare,63814,1552,12.73,0.35,0.56,0.38,0.56,0.38,0.56,673,91.33,6.51,5.24,21.69,2.95,50.39,42.22,6.39,6.42,6.31,3,1,90,39,43,172,8,4,8,0,23,8,39,47,86,125,7,20,402,73,24,14,102,26,1,3.35,2.84,0.32,2,2,0,171.51,129,129.08,9,1.08,0.95,0.65,6.94,6.9,6.83,1552,128,308,219,897,209,168,210,965,402,429,236648,20,24,9,70,355.75,27.15,26.46,27.08,26.41,356,145,204,705,23,31,4,401,82,18,11.32,9.85,5.98,9,9,5,703.57,501,501,4.39,5.18,5.2,26.34,26.36,26,580.2,51.28,49.09,51.38,49.18,549,256,354,1159,52,40,9,592,172,41,16.63,20.57,14.09,14,18,20,1161.75,805,807.14,9.78,8.59,8.59,52.48,52.56,50.98,217.91,172.07,4257,3394
Bryan Little,62152,1455,44.8,0.53,0.5,0.53,0.48,0.54,0.48,277,112.28,16.59,7.89,23.72,3.93,60.61,44.32,15.97,16.62,15.99,16,10,119,39,31,189,47,21,11,6,21,2,48,55,98,137,9,18,610,35,31,19,90,52,16,3.51,6.42,6.66,5,8,8,188.17,158,157.56,12,1.79,2.18,4.01,14.3,14.29,13.82,1455,256,201,246,752,178,178,218,881,610,487,152194,18,18,8,23,576.8,61.05,58.24,61.32,58.5,597,217,224,1038,64,43,12,593,159,62,18.46,19.36,23.23,16,20,28,1037.06,814,815.02,9.22,10.59,10.92,59.14,59.28,56.94,503.17,54.23,51.74,54.43,51.91,516,186,223,925,64,35,6,521,124,57,15.79,15.3,23.13,19,15,30,928.73,702,704.37,7.56,7.11,7.11,54.35,54.6,52.93,116.42,117.49,2193,2377
Torey Krug,104906,2126,72.69,0.64,0.51,0.63,0.5,0.64,0.5,201,201.17,10.81,13.13,52.58,6.59,125.25,88.65,9.88,10.82,9.89,25,18,208,89,165,462,51,8,17,1,55,9,90,118,200,289,14,37,0,59,22,60,271,18,8,5.95,2.11,2.75,1,5,2,462.78,297,296.76,40,3.02,4.56,0.59,13.24,13.27,12.31,2126,382,183,381,1180,195,252,342,1337,0,1,189341,37,57,24,82,1136.77,110.43,102.34,110.81,102.69,1118,482,524,2124,94,79,18,1184,318,98,33.61,38.67,38.15,28,30,36,2135.58,1600,1606.15,18.21,19.24,19.71,108.93,109.12,103.83,662.3,61.07,59.2,61.21,59.34,656,263,328,1247,69,42,15,682,178,59,18.89,21.41,20.77,16,25,28,1239.56,919,917.22,9.02,10.65,11.32,58.78,58.77,58.01,142.25,134.05,2842,2891
Dalton Prout,24302,570,3.72,0.46,0.46,0.46,0.48,0.46,0.47,158,14.61,0.33,0.72,3.84,0.5,8.41,7.2,0.33,0.33,0.33,2,4,13,8,15,36,6,0,0,0,4,2,5,10,13,21,15,34,0,44,3,12,21,0,0,0.33,0,0,0,0,0,35.19,21,20.83,9,0.14,0,0,0.47,0.47,0.46,570,61,53,68,388,70,97,82,321,0,0,80837,34,11,4,24,171.87,16.16,15.46,16.05,15.36,167,66,75,308,20,15,5,165,52,16,4.41,6.5,5.26,4,9,7,306.8,233,231.74,2.25,4.65,4.35,14.07,13.97,13.83,202.21,19.31,18.8,19.3,18.8,199,78,82,359,25,20,7,209,53,15,6.89,7.01,5.41,7,10,8,359.55,277,277.49,3.13,4,4.27,18.17,18.09,17.84,62,71.46,1184,1259
Linden Vey,2644,60,0.01,0.55,0.56,0.62,0.59,0.53,0.56,36,2.21,0.58,0.21,0.47,0.08,1.13,0.53,0.46,0.55,0.44,0,0,1,2,2,5,0,0,0,0,1,0,0,2,1,3,0,0,9,1,0,2,0,2,1,0,0.25,0.33,0,0,0,4.85,3,2.89,2,0.05,0,0.33,0.3,0.3,0.27,60,12,3,8,37,12,8,7,33,9,15,11805,0,0,0,0,18.35,1.97,1.82,1.85,1.71,19,7,18,44,0,3,0,17,7,2,0.51,0.9,0.56,0,0,0,41.86,26,24.69,0.35,0.72,0.72,1.59,1.53,1.5,16.99,1.62,1.53,1.77,1.67,17,6,4,27,2,2,2,18,2,3,0.38,0.26,0.98,0,0,2,29.84,23,25.08,0.2,0.69,0.69,1.13,1.22,1.2,9.59,7.67,211,149
Derrick Pouliot,9824,230,0.02,0.39,0.58,0.47,0.5,0.46,0.51,59,10.14,0.29,0.62,2.7,0.33,6.45,4.6,0.29,0.3,0.29,0,0,11,4,5,20,0,0,0,0,1,0,9,5,11,15,2,4,0,14,3,6,15,0,0,0.29,0,0,0,0,0,20.15,15,15.07,5,0.13,0,0,0.42,0.42,0.41,230,23,23,32,152,27,31,29,143,0,0,29956,4,0,0,8,76.07,5.37,5.18,5.37,5.17,74,32,36,142,4,9,1,83,19,4,2.18,2.27,0.93,1,2,1,142.75,106,106.38,1.1,1.49,1.49,4.98,4.98,4.85,88.47,8.23,7.99,8.35,8.09,95,27,37,159,7,9,1,81,32,9,2.07,3.75,2.42,0,5,2,160.62,122,123.17,1.37,1.91,2.16,7.44,7.52,7.34,28.94,21.3,487,482
Griffen Molino,3176,75,-0.47,0.33,0.48,0.42,0.59,0.36,0.56,54,4.28,0.45,0.32,0.77,0.13,2.53,1.81,0.45,0.44,0.44,0,0,3,3,1,7,0,0,0,0,0,0,2,4,3,6,0,0,0,1,0,1,3,3,0,0.12,0.33,0,0,0,0,6.65,6,5.78,1,0.07,0,0,0.52,0.51,0.51,75,9,3,8,55,14,9,14,38,0,0,14824,0,4,2,1,19.16,1.58,1.58,1.51,1.51,17,9,15,41,0,0,0,18,6,2,0.5,0.61,0.47,0,0,0,38.46,26,24.61,0.27,0,0,1.85,1.77,1.76,31.52,3.26,3.1,3.46,3.28,32,14,10,56,2,3,2,37,4,5,0.99,0.51,1.77,0,0,2,60.08,46,48.75,0.43,1,1,2.69,2.85,2.73,10.67,11.64,256,181
Derek Forbort,98971,2221,30.36,0.45,0.56,0.47,0.58,0.47,0.58,281,94.51,2.84,5.18,26.78,3.31,59.05,44.84,2.81,2.81,2.77,6,10,100,42,70,212,18,2,5,0,31,5,49,50,98,140,18,44,1,180,9,73,139,3,0,2.54,0.3,0,2,0,0,209.52,142,140.61,63,1.04,1.01,0.24,3.63,3.6,3.56,2221,237,358,415,1211,292,289,293,1347,1,0,199738,44,38,14,159,729.44,62.6,60.22,62.31,59.96,718,288,355,1361,55,66,12,750,194,62,20.94,24.06,17.6,16,23,16,1348.95,1006,998.05,9.99,14.32,14.6,57.99,57.77,56.87,830.8,77.18,74.17,77.8,74.77,793,351,381,1525,61,67,13,836,246,62,23.8,30.29,23.08,17,19,25,1538.11,1144,1153.98,12.86,15.53,15.91,74.14,74.59,73.21,167.74,132.43,3650,2614
Anton Rodin,1604,40,0.55,0.6,0.36,0.42,0.35,0.4,0.35,35,2.06,0.17,0.13,0.51,0.07,1.23,0.88,0.17,0.17,0.17,0,1,2,1,2,5,1,0,0,0,1,0,1,1,2,3,0,0,0,0,2,1,2,1,0,0.07,0.1,0,0,0,0,5.06,3,3.04,1,0.03,0,0,0.2,0.2,0.2,40,8,6,3,23,10,3,4,23,0,0,9196,0,0,0,1,7.19,0.69,0.69,0.69,0.69,7,3,7,17,1,0,0,6,4,0,0.23,0.46,0,1,0,0,17.06,10,10.06,0.11,0,0,0.81,0.8,0.8,10.13,0.46,0.46,0.47,0.47,11,4,8,23,0,0,0,13,2,0,0.24,0.22,0,0,0,0,23.08,15,14.88,0.13,0,0,0.59,0.59,0.59,6.43,11.5,97,177
Shea Theodore,35319,738,9.45,0.54,0.5,0.54,0.48,0.54,0.48,166,60.86,3.75,4.07,14.68,1.92,38.23,26.35,3.36,3.76,3.37,6,1,60,29,37,126,9,2,7,0,19,2,25,34,58,87,14,28,0,14,4,30,81,5,3,1.81,0.69,1.26,0,1,1,127.08,89,89.7,21,0.9,1.22,0.18,4.48,4.5,4.09,738,107,78,96,457,97,126,93,422,0,0,88964,28,8,4,30,329.35,30.4,29.14,30.63,29.38,331,134,137,602,29,28,7,368,68,29,9.75,8.64,12.01,8,7,14,607.67,465,469.21,4.96,6.24,6.35,29,29.16,28.28,287.7,26.23,25.57,26.17,25.49,290,109,109,508,32,18,4,296,76,27,8.47,9.47,8.28,9,13,10,503.36,399,396.25,4.03,4.22,4.22,26.03,25.9,25.52,62.94,62.2,1294,1402
Melker Karlsson,50733,1319,24.86,0.42,0.54,0.45,0.53,0.46,0.53,602,72.82,9.58,5.5,15.06,2.68,40.66,30.53,9.43,9.71,9.56,5,6,72,32,27,131,21,10,6,0,25,1,30,32,62,94,11,22,1,66,17,21,59,37,8,2.44,4.99,2.15,5,4,1,134.27,104,106.12,4,1.16,1,1.72,9.02,9.14,9.07,1319,121,155,179,864,167,139,164,849,1,5,188869,22,32,16,59,339.96,27.69,27.18,28.06,27.54,330,171,198,699,28,20,2,400,79,22,11.05,10.24,6.4,16,7,5,713.59,501,511.23,4.61,4.49,4.5,27.8,28.19,27.92,421.59,38.84,36.25,38.22,35.7,412,175,267,854,35,31,4,428,119,40,10.71,14.57,13.56,12,13,10,838.62,587,576.43,6.9,7.01,7.52,38.22,37.72,36.43,165.16,141.33,3188,2867
Ryan Garbutt,13400,373,0.98,0.37,0.54,0.4,0.52,0.41,0.52,240,28.6,1.55,1.51,6.66,0.89,14.52,12.86,1.5,1.57,1.51,0,1,22,16,12,50,3,2,0,0,7,0,10,19,20,36,10,20,6,50,3,3,32,5,1,0.63,0.69,0.24,0,1,1,50.15,38,38.04,1,0.32,0,0,1.87,1.88,1.82,373,54,20,46,253,59,82,47,185,6,3,77615,20,8,4,12,93.24,5.73,5.56,5.79,5.62,88,40,36,164,7,2,1,110,15,3,2.57,2.04,1.13,2,3,2,165.87,128,129.53,1.09,0.63,0.64,6.19,6.23,6.12,129.05,9.76,9.63,9.82,9.69,128,55,62,245,12,5,1,150,25,8,3.97,2.99,2.81,4,5,3,244.68,183,183.59,1.9,0.46,0.46,11.21,11.28,11.14,58.94,49.91,1207,1132
C.J. Smith,1384,30,0.1,0.49,0.39,0.41,0.51,0.42,0.5,19,2.16,0.13,0.16,0.4,0.07,1.3,0.93,0.13,0.12,0.12,1,0,2,1,1,4,1,0,0,0,0,0,1,2,2,3,0,0,0,0,2,2,3,0,0,0.13,0,0,0,0,0,3.56,3,2.72,1,0.03,0,0,0.16,0.15,0.15,30,3,1,6,20,4,5,6,15,0,0,5816,0,0,0,0,13.62,1.02,1.01,0.96,0.95,12,7,4,23,2,0,0,15,4,0,0.53,0.48,0,1,1,0,21.03,19,17.5,0.19,0,0,1.21,1.14,1.13,18.06,1.06,1.05,1.18,1.17,19,7,7,33,3,0,0,21,5,0,0.57,0.49,0,1,2,0,37.31,26,28.8,0.22,0,0,1.28,1.42,1.41,2.77,4.37,84,80
Jaromir Jagr,82542,1707,55.7,0.6,0.44,0.62,0.47,0.61,0.47,405,175.15,23.04,13.93,35.27,5.61,93.72,65.42,21.86,23.04,21.86,20,10,178,59,54,291,46,16,19,6,38,5,73,86,162,221,28,56,1,19,37,43,153,63,21,6.01,7.73,9.31,4,5,7,289.53,237,236.19,4,3.22,3.92,7,19.26,19.27,18.57,1707,352,156,302,897,284,244,289,890,1,1,214004,56,42,21,4,893.11,84.26,80,84.35,80.08,929,328,339,1596,80,77,24,945,238,74,28,27.46,28.79,28,29,23,1594.55,1257,1258.45,14.38,16.89,18.82,79.82,79.85,76.75,571.56,56.59,55.03,56.9,55.35,615,187,173,975,53,47,9,585,160,57,17.13,18.37,21.1,13,21,19,983.31,802,809.35,7.71,10.72,10.81,53.49,53.95,53.36,139.94,177.88,3013,3343
Ryan Sproul,24539,553,5.4,0.47,0.47,0.51,0.45,0.51,0.46,142,45.06,2.28,2.89,11.64,1.48,28.49,20.22,2.26,2.32,2.3,4,2,46,21,14,81,7,1,4,0,14,2,12,34,45,66,3,6,0,12,5,7,63,2,2,1.41,0.2,0.67,1,0,0,82.32,67,68.06,5,0.66,1.44,0,2.94,2.98,2.95,553,99,31,73,350,69,91,77,316,0,0,74825,6,4,2,14,194.35,15.74,15.29,15.83,15.37,199,73,76,348,14,8,4,212,47,13,5.53,5.7,4.51,5,4,5,348.61,272,272.87,3.09,3.07,3.07,15.76,15.81,15.6,189.59,17.87,17.42,17.77,17.32,197,64,79,340,18,11,2,188,58,15,5.84,7.26,4.77,7,4,7,340.43,261,260.79,2.67,2.12,2.46,18.08,18.08,17.83,48.82,56.01,975,1176
Ryan Spooner,65969,1440,43.48,0.64,0.54,0.61,0.52,0.62,0.53,569,135.95,14.18,9.44,30.07,4.1,71.38,51.83,13.57,14.34,13.72,14,14,145,36,42,223,39,11,11,2,40,6,53,60,134,170,7,14,79,24,36,50,126,40,15,3.82,5.1,5.26,2,3,6,225.16,181,182.62,13,2.15,3.8,1.84,14.48,14.58,14.27,1440,298,69,214,859,213,214,203,810,79,124,217478,14,10,5,17,693.92,70.58,64.71,70.79,64.91,708,261,321,1290,66,42,11,722,175,72,20.3,21.66,28.63,17,25,24,1295.25,969,972.58,11.17,11.78,11.81,69.94,70.07,66.58,423.19,40.44,39.47,40.54,39.58,436,150,222,808,45,32,7,431,113,42,11.19,13.86,15.39,13,14,18,803.75,586,583.27,5.74,8.1,8.4,37.77,37.8,37.4,172.02,146.3,3473,3180
Zac Dalpe,4620,121,2.15,0.43,0.54,0.46,0.47,0.46,0.48,102,8.32,0.77,0.56,2,0.34,4.3,3.03,0.71,0.85,0.78,0,2,8,3,3,14,3,1,1,0,1,1,3,4,7,10,3,9,27,5,3,0,9,1,1,0.24,0.16,0.37,1,0,0,14.59,11,11.29,0,0.12,0.37,0.37,0.52,0.55,0.54,121,10,9,18,84,18,26,19,58,27,32,27809,9,9,3,5,32.16,2.69,2.57,2.84,2.71,31,14,16,61,5,3,1,33,10,2,0.81,1.19,0.7,1,3,1,63.76,45,46.89,0.43,0.79,0.79,2.33,2.43,2.41,38.07,3.62,3.44,3.49,3.32,39,13,20,72,5,6,1,35,12,5,0.92,1.44,1.26,2,2,1,69.61,52,50.3,0.56,1.23,1.33,2.86,2.75,2.73,20.78,17.5,383,426
Torrey Mitchell,58992,1542,18.13,0.44,0.53,0.42,0.53,0.44,0.53,690,72.05,8.39,5.15,16.26,2.36,36.5,29.34,8.14,8.57,8.32,4,5,68,30,26,124,17,8,9,1,16,4,27,34,60,90,16,38,410,47,43,39,64,25,9,2.17,3.31,2.91,2,4,2,126.35,98,99.67,23,1.1,1.74,2.06,7.43,7.57,7.48,1542,111,368,213,850,206,167,204,965,410,342,225799,38,40,17,56,383.7,34.03,32.07,34.63,32.63,376,155,194,725,29,37,5,408,86,37,11.2,10.63,12.19,8,10,11,732.83,531,537.01,5.31,7.75,7.69,31.65,32.16,31.4,489.81,43.41,42.07,43.62,42.26,492,194,300,986,41,33,5,512,136,38,14.38,16.31,12.73,15,11,15,987.32,686,688.85,8.15,5.28,5.28,46.29,46.42,45.42,176.12,158.74,3765,3304
Tom Pyatt,76887,1826,17.16,0.43,0.53,0.39,0.52,0.41,0.52,508,101.39,11.6,7.11,21.04,3.14,49.21,41.91,11.35,11.73,11.49,9,5,95,39,30,164,23,9,8,2,13,4,45,55,86,125,8,16,21,46,35,20,83,39,12,2.94,4.83,3.82,3,3,3,164.99,134,135.01,15,1.53,1.58,1.95,11.16,11.26,11.16,1826,182,337,373,934,259,244,245,1078,21,28,222750,16,30,15,89,497.15,42.28,41.06,42.62,41.42,506,186,234,926,39,32,5,533,120,39,14.77,15.05,12.46,16,11,12,931.36,692,696.53,6.52,6.67,6.82,41.97,42.37,41.7,708.94,56.06,54.31,56.21,54.45,675,332,444,1451,52,35,8,775,195,37,21.62,22.6,11.83,19,18,15,1454.45,1007,1010.61,10.98,7.29,7.29,59.76,59.9,58.25,174.18,157.4,3666,3414
Evan McEneny,908,23,-0.13,0.63,0.6,0.48,0.58,0.47,0.56,5,0.61,0.02,0.04,0.18,0.02,0.45,0.29,0.02,0.02,0.02,0,0,1,0,0,1,0,0,0,0,1,0,0,0,1,1,0,0,0,0,0,0,1,0,0,0.02,0,0,0,0,0,0.97,1,0.97,0,0.01,0,0,0.03,0.03,0.03,23,3,3,4,13,2,4,3,14,0,0,2692,0,0,0,0,5.01,0.58,0.56,0.55,0.53,6,1,3,10,1,0,0,2,5,0,0.03,0.55,0,0,1,0,9.37,7,6.63,0.09,0,0,0.67,0.63,0.61,5.16,0.34,0.34,0.36,0.36,6,2,3,11,2,1,1,6,2,0,0.13,0.2,0,1,1,0,11.71,8,8.38,0.07,0,0,0.41,0.43,0.43,2.5,1.66,58,42
Scott Mayfield,21210,430,10.47,0.53,0.53,0.51,0.48,0.51,0.48,144,37.91,1.65,2.17,10.36,1.22,23.09,16.51,1.5,1.71,1.55,3,4,39,16,25,80,9,2,3,1,13,1,17,19,37,53,8,25,0,37,8,11,52,1,2,1.02,0.09,0.54,1,0,1,79.89,55,55.5,10,0.44,0.44,0.54,1.54,1.56,1.51,430,42,37,48,303,51,65,51,263,0,0,69254,25,23,6,36,183.81,16.38,15.96,16.74,16.3,182,76,95,353,20,13,5,185,58,15,5.27,6.9,4.21,8,6,6,356.16,258,261.59,2.5,2.47,2.47,16.41,16.68,16.45,177.39,14.3,13.82,14.27,13.79,186,60,92,338,21,11,3,191,44,11,5.72,5.07,3.51,9,7,5,332.66,246,242.4,2.45,3.25,3.25,13.48,13.35,13.12,57.51,50.29,1057,1131
Alex Goligoski,111553,2304,24.65,0.41,0.44,0.45,0.45,0.45,0.44,175,105.86,4.36,6.16,26.95,3.55,61.01,50.96,4.18,4.33,4.16,14,16,110,43,78,231,36,6,9,0,33,7,39,59,104,147,13,26,0,136,15,55,140,12,1,2.67,1.46,0.23,4,2,0,227.71,153,151.02,39,1.31,2.13,0.65,5.01,4.98,4.86,2304,267,383,356,1298,255,364,366,1319,0,0,180094,26,18,9,141,871.9,77.73,72.74,77.14,72.21,858,357,401,1616,83,81,16,911,239,65,24.84,28.85,24.03,31,28,24,1591.43,1215,1200.69,13.2,17.91,18.47,72.46,71.98,70.6,1071.71,112.04,107.07,112.5,107.58,1055,435,471,1961,110,95,15,1077,302,111,32.84,36.49,42.7,27,42,41,1982.01,1490,1505.49,17.26,21.56,22.2,107.11,107.78,105.24,117.12,151.37,2565,3155
Patric Hornqvist,66995,1495,60.08,0.66,0.46,0.6,0.45,0.62,0.46,395,202.46,24.9,16.43,43.67,6.62,107.82,73.55,24,24.85,23.93,15,8,223,50,53,326,44,21,19,4,52,10,80,91,202,252,14,28,3,227,30,11,161,89,23,4.95,11.33,8.63,2,11,8,326.31,273,272.99,1,3.75,3.54,7.55,21.11,21.02,20.61,1495,315,129,292,759,240,196,281,778,3,8,187911,28,34,16,62,744.23,80.63,77.64,80.55,77.57,777,255,312,1344,89,78,15,718,233,81,22.17,27.97,30.48,22,35,32,1347.09,1032,1033.75,13,16.46,16.46,77.16,77.08,75.22,453.35,41.86,40.56,42.06,40.76,464,160,256,880,37,37,3,454,125,45,12.69,15.44,13.73,11,14,12,877.8,624,623.23,6.1,7.08,7.08,40.86,41.01,40.5,140.82,163.71,2703,3290
Evander Kane,80648,1574,42.58,0.46,0.47,0.49,0.47,0.48,0.47,237,252.55,20.48,17.45,57.3,7.98,136.77,101.02,19.75,20.51,19.76,8,7,260,81,99,440,43,28,14,5,66,6,103,124,232,313,33,73,55,109,34,33,261,64,16,7.94,7.74,4.8,11,11,6,438.41,341,338.44,17,3.79,2.3,3.65,20.62,20.55,20.11,1574,253,154,267,900,246,290,252,786,55,67,174797,73,47,22,29,702.35,61.21,58.63,61.08,58.5,730,234,309,1273,58,53,12,717,197,50,20.22,23.95,17.04,19,25,14,1266.51,964,959.25,10.74,11.41,11.55,60.38,60.2,58.89,744.66,72.96,70.98,73.64,71.67,757,285,302,1344,71,54,13,768,206,68,22.15,25.25,25.57,17,27,27,1360.32,1042,1054.41,11.29,11.32,11.25,73,73.75,72.52,121.43,137.5,2519,2879
Ryan O'Reilly,94239,1864,57.82,0.5,0.45,0.51,0.45,0.5,0.46,126,181.41,19.61,12.72,35.73,5.71,97.27,74.95,18.8,19.67,18.86,21,14,190,56,53,299,55,20,11,5,44,6,66,99,170,226,4,10,1047,21,60,27,167,61,18,5.54,7.48,6.59,7,8,5,299.08,246,245.72,14,2.86,3,4.49,17.98,18.02,17.68,1864,329,404,328,803,227,162,327,1148,1047,765,175752,10,50,25,45,856.45,84.87,80.62,84.83,80.57,885,303,375,1563,88,69,18,859,249,80,24.89,30.23,29.75,26,30,32,1562.21,1188,1187.09,14.69,18.15,17.7,81.86,81.94,79.75,848.93,85.35,81.72,85.93,82.3,868,324,326,1518,73,64,14,882,229,81,24.76,27.46,33.13,13,26,34,1525.78,1192,1198.2,13.63,16.31,16.86,82.05,82.58,80.63,112.16,139.9,2459,2959
Xavier Ouellet,71173,1519,17.3,0.42,0.5,0.45,0.5,0.45,0.5,287,84.91,2.98,4.77,22.23,2.81,51.57,40.64,2.89,2.98,2.89,5,4,89,36,53,178,12,3,7,0,23,5,38,49,86,122,16,41,0,73,9,21,121,3,1,2.41,0.35,0.23,3,0,0,175.28,125,123.29,19,0.96,1.66,0.34,3.6,3.58,3.49,1519,148,179,220,972,229,198,242,850,0,2,171243,41,31,11,87,538.44,41.34,40.17,41.19,40.03,521,225,228,974,41,31,8,592,117,37,16.31,14.25,10.77,17,13,11,963.55,746,738.78,7.12,7.85,8.22,40.24,40.22,39.63,645.13,56.53,54.13,56.87,54.47,644,250,290,1184,49,43,10,669,177,48,18.27,23.3,14.96,21,14,14,1198.07,894,903.69,10.07,9.77,10.11,56.48,56.92,55.67,128.86,130.02,2522,2507
Tomas Tatar,85004,1922,48.43,0.54,0.45,0.56,0.46,0.55,0.46,378,177.98,20.68,12.98,38.13,5.72,97.59,66.91,19.95,20.63,19.91,12,9,166,76,79,321,46,25,9,8,44,4,59,101,141,217,13,26,8,92,34,38,151,71,20,5.33,8.98,6.35,5,10,10,318.51,242,240.96,13,2.91,2.33,5.41,18.18,18.19,17.95,1922,355,176,383,1008,288,225,297,1112,8,5,216110,26,32,16,24,724.68,67.81,65.03,67.55,64.8,710,296,338,1344,71,55,19,750,197,59,22.44,24.27,21.09,20,26,25,1334.59,1006,1000.96,11.55,16.06,16.63,62.72,62.69,61.51,588.68,57.3,55.73,57.98,56.38,591,224,229,1044,67,28,10,594,154,67,16.39,18.9,22.01,26,16,25,1059.14,815,826.87,7.96,6.5,6.86,58.41,58.98,57.9,137.94,170.44,2942,3504
Rob O'Gara,2882,68,0.15,0.4,0.55,0.37,0.53,0.39,0.55,14,1.91,0.08,0.12,0.6,0.06,1.29,0.84,0.08,0.08,0.08,0,0,2,1,0,3,0,0,0,0,2,0,1,0,2,3,0,0,0,3,0,2,3,0,0,0.08,0,0,0,0,0,3.07,3,3.08,2,0.03,0,0,0.1,0.11,0.11,68,9,5,13,41,4,9,4,51,0,0,7918,0,0,0,7,19.45,1.68,1.55,1.73,1.6,19,7,7,33,1,3,1,20,3,3,0.62,0.28,0.78,0,0,1,32.55,26,26.05,0.26,0.78,0.78,1.16,1.18,1.16,29.23,2.55,2.51,2.56,2.52,30,11,15,56,0,0,0,33,4,4,1.07,0.41,1.07,0,0,0,57,41,41.34,0.44,0,0.35,2.65,2.65,2.64,7.87,6.48,131,115
Justin Braun,96316,2082,14.85,0.45,0.54,0.42,0.56,0.44,0.56,264,99.92,2.87,5.5,28.45,3.39,61.16,48.62,2.78,2.89,2.81,4,5,92,58,82,232,13,4,7,0,32,4,44,59,88,146,13,26,0,135,40,57,145,5,0,2.34,0.54,0,2,2,0,234.77,150,152.12,41,1.1,1.98,0.06,3.91,3.93,3.82,2082,185,317,374,1206,276,204,304,1298,0,0,193762,26,8,4,160,625.95,58.23,57.1,58.8,57.68,610,272,318,1200,50,37,1,647,186,49,18.29,22.96,16.98,17,19,14,1220.09,882,898.09,8.7,7.63,7.2,59.74,60.39,59.7,813.59,72.23,67.85,71.95,67.58,790,353,529,1672,70,46,12,854,235,54,23.84,28.49,19.91,24,28,18,1654.3,1143,1132.62,12.96,10.01,10.38,74.81,74.4,71.08,173.52,147.54,3584,2842
Chris Tierney,69239,1704,26.98,0.44,0.53,0.44,0.54,0.44,0.54,556,82.55,10.93,6.37,17.54,2.9,42.08,34.18,10.61,11.05,10.72,8,4,89,25,34,148,23,11,7,3,17,2,33,44,78,103,3,6,394,48,40,57,59,42,13,2.2,5.15,3.59,1,3,7,151.17,114,116.25,16,1.37,1.48,2.64,9.66,9.79,9.56,1704,156,236,222,1090,242,185,230,1047,394,423,217239,6,34,18,43,476.03,45.72,44.37,46.05,44.71,478,194,269,941,39,35,5,479,148,45,13.63,18.02,14.06,16,11,12,954.46,672,681.16,6.91,7.77,7.87,44.76,45.2,44.28,602.65,57.55,55.22,57.01,54.75,579,266,333,1178,55,44,8,598,200,47,16.12,24.11,17.31,15,23,17,1159.34,845,834.6,9.76,9.27,10.33,56.97,56.54,55.13,181.57,158.94,3762,3270
Dion Phaneuf,111982,2476,25.8,0.48,0.52,0.47,0.49,0.48,0.5,209,144.64,9.28,9.1,37.61,4.89,86.61,64.51,7.98,9.23,7.93,10,11,156,56,98,310,30,9,10,2,49,3,65,76,147,203,42,90,0,132,16,54,195,9,8,3.97,1.05,4.25,3,2,4,309.23,212,211.43,42,2.02,2.01,3.55,7.75,7.73,7.54,2476,327,397,358,1394,298,309,377,1492,0,0,184055,90,52,23,156,903.89,82.76,78.5,82.4,78.2,923,344,437,1704,83,77,12,985,199,83,25.76,24.21,32.8,26,28,29,1697.03,1267,1261.74,13.52,17.14,17.83,78.45,78.3,76.61,981.46,88.52,85.31,88.57,85.38,983,404,541,1928,91,60,9,1033,287,67,30.61,34.72,23.18,38,30,23,1929.23,1387,1389.17,15.14,12.55,12.97,90.69,90.63,88.46,130.67,121.73,2821,2896
Martin Frk,1000,26,-0.28,0.43,0.59,0.46,0.57,0.33,0.58,23,1.39,0.04,0.07,0.37,0.04,0.85,0.63,0.04,0.04,0.04,0,0,1,1,1,3,0,0,0,0,0,0,1,1,1,2,0,0,0,3,0,1,2,0,0,0.04,0,0,0,0,0,2.92,2,1.93,1,0.01,0,0,0.06,0.06,0.06,26,0,0,5,21,7,3,3,13,0,0,6200,0,2,1,1,4.06,0.25,0.25,0.25,0.25,4,2,5,11,0,0,0,5,1,0,0.13,0.12,0,0,0,0,10.53,6,5.75,0.05,0,0,0.3,0.3,0.3,8.83,0.33,0.33,0.34,0.34,10,2,1,13,3,0,0,11,1,0,0.25,0.08,0,2,1,0,13.96,12,12.53,0.1,0,0,0.43,0.44,0.44,5.94,4.06,104,80
Ben Hutton,87309,1780,20.3,0.49,0.42,0.51,0.46,0.51,0.45,215,121.11,5.08,7.24,31.3,4,74,53.38,4.87,5.05,4.83,6,8,130,45,93,268,19,5,4,2,43,6,54,63,125,170,14,31,0,46,31,50,163,11,1,3.25,1.35,0.48,3,1,1,265.34,175,173.78,39,1.55,0.65,0.74,5.9,5.85,5.78,1780,251,161,256,1112,203,256,256,1065,0,0,171178,31,15,7,106,676.1,64.35,61.28,64.26,61.18,678,262,345,1285,51,50,13,681,196,63,18.82,24.34,21.19,14,20,17,1273.74,940,932.55,10.66,11.89,13.2,61.8,61.63,60.06,657.26,65.71,63.56,66.52,64.35,688,231,300,1219,63,46,13,653,198,68,18.89,24.47,22.36,18,25,20,1239.06,919,933.74,9.54,9.89,11.32,63.92,64.74,63.54,108.42,146.93,2335,2733
Curtis Lazar,20277,506,-1.01,0.41,0.53,0.4,0.5,0.41,0.5,387,25.58,2.13,1.62,5.6,0.79,14.19,10.68,2.11,2.14,2.12,1,2,26,9,12,47,4,1,2,0,6,0,8,18,25,34,2,4,39,66,7,6,26,7,2,0.68,0.86,0.59,0,0,1,47.04,35,34.98,3,0.34,0.63,0.31,2.17,2.17,2.16,506,55,49,75,327,74,86,59,287,39,60,114211,4,16,8,17,117.89,9.36,9.13,9.33,9.12,126,37,59,222,8,6,0,132,22,9,3.51,2.84,3.01,2,3,3,223.41,163,164.17,1.51,1.26,1.26,9.6,9.62,9.42,170.96,13.56,13.22,13.26,12.94,163,76,101,340,16,17,3,186,42,11,5.14,5.15,3.27,6,7,3,335.27,239,236.19,2.28,3.71,3.71,12.12,11.94,11.83,90.97,82.28,1832,1824
Dan Girardi,70938,1641,9.83,0.44,0.55,0.41,0.53,0.43,0.53,229,52.1,1.55,2.89,13.97,1.79,32.31,27.5,1.5,1.54,1.49,2,9,55,25,44,124,15,4,4,0,12,3,27,30,51,76,8,16,0,105,10,45,78,2,0,1.29,0.25,0,3,1,0,123.59,80,79.52,41,0.59,0.72,0.1,2.04,2.04,1.99,1641,166,281,323,871,207,204,228,1002,0,0,154435,16,16,8,164,513.5,47.03,45.81,47.35,46.13,508,212,224,944,50,36,9,543,126,51,14.63,15.07,17.34,16,20,14,946.24,720,720.92,6.72,7.97,7.69,46.06,46.46,45.87,681.26,58.96,56.88,58.94,56.85,663,298,403,1364,56,50,7,742,174,45,21.36,21.17,16.43,21,24,11,1361.23,961,960.22,10.25,12.9,13.25,55.97,55.96,54.61,130.36,108.28,2496,2204
Nick Paul,989,20,0.37,0.39,0.55,0.58,0.64,0.7,0.63,6,4.44,0.42,0.29,1.01,0.13,2.39,1.76,0.4,0.41,0.4,0,0,4,2,0,6,0,0,0,0,0,1,2,3,4,6,0,0,5,3,1,0,3,3,0,0.07,0.35,0,0,0,0,5.77,6,5.78,0,0.06,0,0,0.48,0.47,0.46,20,6,2,2,10,1,0,5,14,5,8,2611,0,0,0,0,10.21,0.98,0.95,0.99,0.96,10,4,4,18,0,1,0,8,6,0,0.26,0.72,0,0,0,0,17.43,14,13.59,0.15,0.12,0.12,1.01,1.01,0.99,5.08,1.53,1.52,1.53,1.53,5,1,7,13,2,0,0,3,0,3,0.15,0,1.37,0,0,2,13.47,6,6.2,0.07,0,0,1.59,1.6,1.59,2.04,1.7,49,28
Rickard Rakell,74065,1574,54.89,0.61,0.49,0.57,0.46,0.57,0.47,327,185.91,19.88,13.58,40.58,6.32,105.17,74.48,18.92,19.87,18.91,13,5,177,83,69,329,51,33,14,6,23,6,83,101,144,227,6,12,62,81,23,37,181,63,16,6.41,7.74,5.73,10,15,8,331.87,260,261.4,12,3.04,2.56,4.38,18.54,18.58,18.24,1574,276,129,231,938,268,261,249,796,62,85,184684,12,12,6,32,668.12,63.4,60.97,63.5,61.06,616,322,338,1276,70,47,13,704,179,55,22.32,21.68,19.4,20,29,21,1283.88,938,943.11,10.96,10.07,10.31,64.06,64.18,62.63,501.16,39.93,39.16,39.84,39.07,495,214,266,975,43,27,4,555,127,27,15.86,15.33,8.74,14,18,11,969.89,709,705.41,6.67,4.63,4.5,42.11,41.96,41.4,134.79,140.58,2681,3086
Brayden McNabb,44292,1056,21.18,0.58,0.52,0.59,0.55,0.59,0.54,257,49.99,2.57,3.04,14.02,1.73,29.94,22.7,2.46,2.51,2.39,0,2,47,27,51,125,4,2,3,0,14,2,23,30,45,72,18,54,0,110,10,32,67,5,2,1.32,0.6,0.65,2,0,0,122.98,74,72.22,26,0.62,0.53,1.01,2.19,2.16,2.11,1056,147,104,157,648,179,165,137,575,0,0,134067,54,40,11,54,412.99,32.4,31.53,32.12,31.27,392,185,223,800,19,32,7,453,100,24,13.4,11.86,7.14,3,9,7,788.75,577,569.13,5.56,7.26,7.34,30.61,30.46,30.06,289.37,23.16,22.62,23.68,23.12,281,117,163,561,20,20,5,305,78,15,8.95,9.57,4.63,4,8,8,569.89,398,405.48,3.88,3.95,3.95,23.09,23.56,23.22,111.91,104.26,2314,1883
Daniel Carr,20306,511,11.51,0.58,0.53,0.52,0.54,0.55,0.53,363,45.05,5.07,3.58,10.71,1.73,24.12,17.79,4.41,5.05,4.45,5,2,44,19,10,73,9,2,9,0,7,4,22,19,42,61,3,6,2,19,7,6,37,21,5,1.28,2.43,1.35,1,1,0,74.96,63,64.06,5,0.76,1.82,1.64,4.18,4.25,4.12,511,63,61,85,302,108,74,62,267,2,1,100279,6,10,5,12,164.1,13.05,12.13,13.17,12.3,163,67,61,291,13,20,3,180,37,13,4.86,4.47,3.72,9,3,1,299.15,230,235.3,2.3,3.72,3.72,11.63,11.88,11.62,135.21,9.62,9.39,9.43,9.21,141,50,79,270,9,6,0,150,35,6,3.9,4.24,1.49,4,4,1,263.73,191,187.5,1.86,0.75,0.75,10.73,10.51,10.36,84.76,76.31,1698,1466
Marcus Foligno,74264,1592,21.54,0.45,0.48,0.45,0.48,0.46,0.47,512,102.33,11.77,6.87,21.94,3.18,53.24,42,11.57,11.83,11.64,4,6,97,42,36,175,23,13,4,1,19,5,40,58,84,126,23,73,1,279,33,35,82,42,15,2.43,5.07,4.28,5,5,3,175.91,139,139.38,15,1.45,0.83,1.32,11.91,11.96,11.85,1592,167,246,287,892,266,199,272,855,1,4,217627,73,89,31,57,576.42,45.78,44.74,45.74,44.69,551,246,218,1015,41,30,7,604,156,37,16.33,17.99,11.46,14,16,11,1007.78,797,791.57,7.62,6.13,6.13,47.28,47.11,46.45,661.96,55.34,53.69,55.37,53.74,686,247,301,1234,48,42,8,723,170,40,20.92,20.08,14.34,18,14,16,1238.65,933,936.05,9.86,9.14,9.14,56.05,56.23,55.2,166.86,180.49,3309,3596
Anthony Bitetto,20538,513,1.78,0.42,0.52,0.45,0.53,0.44,0.52,161,19.51,0.6,1.14,5.56,0.62,12.41,8.67,0.59,0.6,0.59,3,4,17,12,16,45,7,0,1,0,9,0,7,12,17,29,11,25,0,43,1,8,28,1,0,0.52,0.08,0,0,0,0,45.27,29,29.06,7,0.23,0.17,0,0.83,0.83,0.82,513,59,37,58,359,76,87,68,282,0,0,84960,25,7,2,24,156.12,12.17,11.67,12.5,11.98,160,56,76,292,15,11,2,167,38,11,4.52,4.35,3.3,10,3,2,297.25,216,219.66,2.19,2.75,2.93,11.43,11.75,11.62,199.68,16.48,15.68,16.12,15.35,201,75,86,362,17,14,4,214,46,16,6.15,5.69,4.64,5,8,4,354.92,276,271.94,2.7,3.72,3.8,15.39,15.13,14.86,67.35,62.62,1368,1237
Kevin Klein,62508,1413,16.02,0.48,0.52,0.47,0.49,0.48,0.5,267,49.84,3.06,3.12,12.34,1.64,31.27,23.56,2.98,3.06,2.99,6,5,53,22,39,114,14,3,3,0,13,3,27,26,50,72,10,31,0,133,10,35,70,3,2,1.74,0.4,0.92,3,0,0,113.26,75,74.69,27,0.64,0.74,0,3.7,3.71,3.62,1413,165,157,194,897,195,200,208,810,0,0,151499,31,21,6,121,490.16,43.33,42,43.25,41.93,487,196,219,902,51,27,7,509,136,38,14.66,16.21,12.47,22,15,14,897.08,683,679.85,6.58,5.49,5.95,43.95,43.86,43.04,530.9,47.81,45.84,48.06,46.07,536,201,294,1031,54,29,9,542,155,40,15.55,19.19,13.07,13,24,17,1032.62,737,741.19,7.78,7.24,7.42,48.17,48.37,47.16,117.14,106.8,2300,2347
Mathew Barzal,1170,32,-1.61,0.16,0.44,0.3,0.47,0.38,0.48,23,0,0,0,0,0,0,0,0,0,0,0,0,0,0,0,0,0,0,0,0,0,0,0,0,0,0,3,6,6,1,0,0,0,0,0,0,0,0,0,0,0,0,0,0,0,0,0,0,0,0,0,32,6,0,3,23,3,11,3,15,6,7,6030,6,0,0,0,7.59,0.31,0.3,0.31,0.31,8,3,1,12,0,0,0,10,1,0,0.21,0.09,0,0,0,0,11.94,11,10.92,0.11,0,0,0.41,0.42,0.41,12.92,1.61,1.54,1.69,1.62,14,4,10,28,2,3,2,13,2,3,0.35,0.28,0.98,0,0,2,29.26,18,18.81,0.2,0.98,0.98,0.82,0.86,0.85,3.29,4.2,93,104
Richard Panik,72490,1574,44.44,0.55,0.48,0.53,0.49,0.53,0.48,542,154.75,18.32,11.93,33.59,4.9,81.25,56.02,17.52,18.32,17.55,12,10,155,51,64,270,44,22,15,5,28,7,70,64,133,184,20,48,2,147,30,23,135,51,20,4.67,6.45,7.2,5,10,7,271.7,206,207.13,14,2.63,3.71,4.8,16.14,16.18,15.78,1574,267,171,289,847,253,197,248,876,2,5,226309,48,38,16,45,626.71,61.58,59.1,61.86,59.37,661,202,340,1203,72,54,19,647,151,65,18.6,18.44,24.54,21,25,26,1208.29,863,867.59,10.11,14.78,15.62,56.07,56.29,55.27,548.73,49.57,47.84,49.24,47.54,590,172,294,1056,42,47,5,568,139,55,16.36,16.73,16.49,18,12,12,1046.97,762,756.13,7.7,9.6,10.65,46.62,46.28,45.55,163.55,180.25,3430,3597
Brenden Dillon,79204,1775,21.45,0.53,0.51,0.51,0.51,0.52,0.52,413,83,3.04,5.09,22.56,2.73,54.02,38.56,2.95,3.03,2.95,1,7,86,40,74,200,10,2,6,1,35,1,37,45,84,124,24,60,0,173,11,34,121,4,1,2.33,0.45,0.26,1,0,1,202.86,126,127.92,27,1,1.15,0.26,3.79,3.79,3.74,1775,179,147,286,1163,263,225,228,1059,0,0,210874,60,42,15,81,621.26,57.35,55.56,57.93,56.1,625,261,343,1229,36,52,6,653,175,58,18.9,21.16,17.3,12,11,13,1243.7,886,895.8,8.98,11.71,11.43,54.91,55.46,54.53,586.51,51.71,49.75,51.25,49.3,580,230,352,1162,46,52,14,603,157,50,17.13,19.48,15.11,14,17,15,1145.94,810,800.62,8.65,12.07,12.42,47.88,47.36,46.61,175.02,166.75,3539,3346
Adam Pelech,44442,868,8.25,0.42,0.52,0.44,0.5,0.43,0.5,220,39.23,1.23,1.92,9.77,1.28,21.12,21.67,1.21,1.27,1.26,1,6,40,17,32,89,10,3,2,0,10,0,14,28,37,54,3,6,0,73,17,28,56,1,0,1.05,0.18,0,2,1,0,88.31,57,57.44,24,0.38,0.25,0,1.61,1.66,1.63,868,59,79,125,605,102,101,94,571,0,0,116134,6,12,6,68,302.48,23.98,23.5,24.08,23.61,316,103,165,584,27,13,3,336,64,19,9.65,8.08,6.24,16,6,5,584.85,419,420.98,3.76,3.2,3.37,24.37,24.43,24.16,391.96,32.81,31.49,32.82,31.48,390,158,181,729,34,33,7,421,98,29,12.65,11.93,8.23,13,12,9,725.17,548,544.37,5.58,7.09,7.09,31.3,31.22,30.59,96.88,87.7,1889,1903
Tyson Barrie,103486,2050,36.1,0.52,0.4,0.54,0.45,0.53,0.44,131,189.14,10.97,13.32,45.95,5.96,120.9,81.9,10.73,10.9,10.66,20,11,182,97,130,409,38,7,14,0,50,2,95,111,175,272,9,18,0,32,22,51,253,16,10,5.98,1.89,3.09,5,1,1,400.81,279,274.76,33,3.08,2.77,1.83,12.22,12.17,11.98,2050,341,201,348,1160,209,329,281,1231,0,0,164863,18,18,9,75,899.19,79.72,76.56,79.07,75.91,906,364,424,1694,65,71,6,986,210,74,28.67,24.99,26.06,27,20,18,1657.88,1270,1248.49,14.87,17.44,17.44,77.15,76.53,74.84,801.45,74.96,72.03,76.22,73.25,859,274,289,1422,87,59,12,856,207,70,23.83,24.79,26.34,31,32,24,1467.19,1133,1162,11,12.05,12.82,73.14,74.31,72.73,90.82,138.43,2228,2721
Kevin Rooney,2445,56,-0.77,0.29,0.41,0.41,0.47,0.38,0.44,44,2.73,0.1,0.15,0.68,0.08,1.67,1.32,0.1,0.09,0.09,0,0,2,2,1,5,0,0,0,0,0,0,2,2,2,4,2,4,10,4,0,1,4,0,0,0.1,0,0,0,0,0,5,4,3.99,1,0.03,0,0,0.12,0.12,0.12,56,3,6,10,37,10,9,5,32,10,17,11955,4,2,1,1,14.27,0.77,0.77,0.78,0.78,13,7,4,24,0,0,0,17,3,0,0.37,0.41,0,0,0,0,23.37,20,19.46,0.17,0,0,0.94,0.95,0.94,23.77,1.87,1.83,1.94,1.9,23,9,2,34,4,1,2,26,3,3,0.63,0.41,0.82,1,1,2,35.16,32,32.92,0.34,0.34,0.6,1.61,1.61,1.59,6.29,9.08,156,176
Niklas Hjalmarsson,94148,2061,24.93,0.44,0.54,0.43,0.54,0.43,0.53,208,50.91,2.97,3.37,12.7,1.68,33.17,24.11,2.76,2.97,2.76,7,6,61,17,57,135,18,5,3,0,22,2,25,21,56,73,10,20,0,23,23,70,70,7,1,1.78,0.8,0.4,4,1,0,134.56,78,77.5,65,0.69,0.6,0,3.66,3.66,3.43,2061,168,351,353,1189,255,161,291,1354,0,0,171807,20,18,9,181,627.01,62.55,60.6,62.79,60.87,646,225,333,1204,64,49,11,661,144,66,19.84,18.25,24.45,21,23,20,1212.58,871,875.79,8.69,12.98,13.51,57.72,58,56.98,830.76,80.45,76.59,80.44,76.54,876,277,420,1573,80,61,15,839,234,80,23.25,28.21,28.99,29,23,28,1564.1,1153,1146.9,13.52,16.17,17.1,76.87,76.63,74.25,139.69,119.93,2940,2541
Jake McCabe,94415,2036,13.87,0.43,0.48,0.45,0.48,0.44,0.48,230,82.58,4.6,4.94,22.07,2.72,48.4,36.27,4.52,4.56,4.48,10,7,79,40,57,176,20,3,6,1,20,4,27,59,76,116,13,26,0,73,29,46,103,13,3,2.05,1.54,1.01,1,0,2,174.91,119,118.32,31,1.06,1.01,0.63,5.02,4.97,4.9,2036,217,260,319,1240,274,299,298,1165,0,0,182577,26,26,13,114,723.85,61.75,60.18,61.9,60.33,730,276,322,1328,66,42,10,752,206,48,21.07,24.67,16.01,24,28,14,1328.11,1006,1006.19,10.28,9.53,9.53,62.5,62.63,61.93,907.83,80.9,77.94,81.22,78.26,960,310,363,1633,87,72,20,949,244,77,26.78,28.75,25.37,23,32,32,1640.89,1270,1275.71,13.76,16.55,17.37,77.28,77.67,75.91,136.41,146.63,2725,2929
Phil Kessel,88259,1797,60.88,0.57,0.49,0.55,0.47,0.56,0.49,304,217.69,17.65,14.72,50.63,6.95,120.12,83.06,17,17.69,17.04,25,22,229,66,112,407,70,23,18,2,47,8,82,117,206,272,10,20,5,12,15,51,223,60,12,6.69,7.15,3.81,8,9,6,409.73,295,296.47,14,3.33,5.23,1.87,18.99,19.03,18.47,1797,459,116,281,941,228,294,322,953,5,10,211131,20,18,10,15,873.19,88.65,85.23,89.09,85.66,937,278,402,1617,104,77,17,866,263,86,24.98,31.58,32.1,26,39,39,1629.03,1215,1223.3,15.1,18.1,18.91,84.39,84.81,82.69,704.02,67.43,65.6,67.58,65.71,734,236,332,1302,54,59,10,692,213,65,20.4,27.2,19.84,12,21,21,1297.29,970,968.06,9.48,12.41,12.41,64.25,64.19,63.32,170.59,175.57,3201,3554
David Krejci,89860,1794,59.39,0.6,0.55,0.58,0.53,0.59,0.53,271,167.92,21.55,12.64,35.37,5.45,90.72,63.26,19.17,21.57,19.19,23,8,158,71,81,310,54,23,8,5,32,9,71,86,135,206,12,26,659,40,60,51,136,70,23,4.78,8.51,8.27,6,8,9,310.99,229,229.78,12,3,1.32,3.7,20.85,20.86,19.28,1794,293,176,290,1035,248,214,290,1042,659,620,207987,26,28,14,51,898.02,86.75,81.6,87.13,81.98,890,372,411,1673,74,57,12,922,257,83,25.91,30.87,29.98,27,21,26,1680.94,1262,1268.66,14.46,13.2,13.43,87.79,88.11,84.33,634.3,58.63,56.38,58.82,56.54,622,253,313,1188,69,46,14,637,180,58,17.69,21.15,19.79,16,28,25,1182.51,875,872.57,8.86,11.01,11.18,56.32,56.32,55.17,167.55,138.19,3341,3002
Mark Borowiecki,58845,1559,5.06,0.48,0.52,0.47,0.49,0.47,0.5,369,52.04,1.88,2.77,14.91,1.8,29.77,22.87,1.82,1.88,1.83,2,0,50,24,41,115,3,1,3,0,19,2,17,32,49,73,46,134,1,364,6,18,72,2,0,1.66,0.22,0,1,0,0,115.04,74,74.19,12,0.56,0.48,0.29,2.15,2.16,2.11,1559,148,165,218,1028,216,224,189,930,1,0,196368,134,103,32,90,435.78,33.88,33,33.96,33.09,443,161,244,848,24,33,5,469,110,25,12.79,13.27,7.82,11,7,6,850.05,604,607.73,5.51,6.73,7.18,32.2,32.36,31.9,484.57,36.43,35.49,36.51,35.56,479,201,281,961,38,38,3,555,90,35,16.05,10.54,9.84,19,10,9,964.26,680,681.39,6.75,6.82,6.65,36.54,36.51,35.9,150.74,141.46,3039,3183
Charles Hudon,2147,48,1.08,0.52,0.51,0.47,0.47,0.53,0.5,33,2.16,0.18,0.11,0.62,0.09,1.13,0.87,0.18,0.18,0.18,1,1,3,0,0,3,2,0,0,0,1,0,2,0,3,3,1,2,0,11,3,2,2,1,0,0.05,0.13,0,0,0,0,2.99,3,3.02,2,0.02,0,0,0.2,0.2,0.2,48,2,4,7,35,11,10,7,20,0,0,8653,2,0,0,0,19.12,1.44,1.41,1.44,1.41,19,8,4,31,2,2,1,21,6,0,0.57,0.87,0,0,2,0,31.04,27,26.98,0.29,0.24,0.24,1.49,1.47,1.46,16.2,1.31,1.25,1.31,1.25,19,5,11,35,1,2,0,19,4,1,0.56,0.45,0.3,1,0,0,34.65,24,23.59,0.23,0.42,0.42,1.12,1.13,1.11,5.76,5.43,126,144
Shawn Matthias,36612,882,12.22,0.4,0.53,0.44,0.52,0.43,0.52,369,51.93,5.47,3.61,11.22,1.7,27.96,22.09,5.29,5.4,5.24,3,1,51,22,13,86,12,8,2,0,7,1,24,31,43,65,5,13,5,47,10,8,48,20,5,1.68,2.57,1.22,3,4,1,85.81,73,72.84,4,0.77,0.44,0.91,5.27,5.23,5.17,882,78,126,165,513,136,125,136,485,5,11,126363,13,13,5,19,261.01,21.36,20.7,21.3,20.66,274,92,117,483,22,19,3,287,62,17,8.76,7.87,4.73,10,8,4,480.51,366,364.95,3.58,3.34,3.34,21.47,21.41,21.09,339.6,32.35,30.57,32.81,30.98,353,124,142,619,29,45,11,363,82,32,11.02,10.52,10.81,9,8,12,626.93,477,481.66,5.5,9.43,9.43,28.11,28.35,27.29,117.34,105.56,2054,1896
Nikolay Goldobin,9551,226,1.55,0.37,0.44,0.46,0.46,0.43,0.47,134,17.71,1.79,1.45,3.35,0.54,9.39,6.49,1.76,1.83,1.81,0,0,14,9,5,28,3,3,0,0,4,1,6,9,11,20,0,0,0,1,3,8,14,7,2,0.48,0.76,0.55,0,3,0,28.65,23,23.69,2,0.31,0,0.35,1.75,1.83,1.82,226,44,20,23,139,27,43,32,124,0,0,41078,0,2,1,4,74.31,5.52,5.42,5.58,5.49,71,32,47,150,5,2,1,77,23,3,1.97,2.71,0.83,1,3,1,149.24,103,103.17,1.05,0.46,0.81,5.75,5.83,5.76,98.7,9.35,8.96,9.4,9.01,109,25,39,173,5,9,2,94,28,12,2.79,3.36,3.2,1,1,3,177.52,134,136.78,1.42,2.06,2.04,8.73,8.75,8.59,26.3,33.27,577,670
Jason Chimera,64270,1545,23.71,0.4,0.52,0.42,0.49,0.43,0.49,725,113.35,11.71,6.81,27.69,3.91,55.25,44.63,11.49,11.82,11.61,7,6,121,29,30,180,33,20,6,3,25,1,46,52,101,130,16,40,16,149,20,26,112,23,15,3.4,2.87,5.44,8,2,10,180.72,150,150.94,4,1.45,0.75,1.94,11.22,11.35,11.25,1545,161,154,242,988,209,224,213,899,16,18,234447,40,20,8,30,488.86,38.83,38.03,39.26,38.43,509,176,219,904,48,31,6,538,112,35,14.32,13.57,10.94,22,12,14,910.97,685,692.98,6.43,5.91,6.11,39.16,39.53,38.98,642.85,57.64,55.84,57.68,55.86,635,273,326,1234,57,36,12,700,165,43,21.04,20.2,16.4,19,19,19,1228.46,908,903.8,9.56,9.35,10.16,57.05,56.98,55.71,190.21,178.16,3672,3818
Nick Ritchie,59992,1456,33.57,0.56,0.51,0.53,0.49,0.53,0.49,610,156.03,15.98,11.19,35.23,4.97,81.21,59.42,15.51,15.98,15.51,8,6,149,59,53,261,28,14,12,2,41,7,67,67,135,194,24,62,4,247,16,23,140,54,14,4.49,7.21,4.29,3,7,4,260.43,208,207.67,10,2.39,3.05,3.32,15.06,15.07,14.82,1456,236,116,242,862,251,260,192,753,4,4,220742,62,38,16,24,529.84,42.9,41.47,43.05,41.62,542,196,258,996,39,45,7,574,133,31,16.66,16.88,9.35,16,15,8,1000.1,738,740.61,7.54,8.7,8.62,41.81,41.97,41.19,472.22,33.32,32.63,33.48,32.78,472,190,221,883,32,31,6,536,106,20,14.59,12.71,6.01,13,16,3,879.83,662,660.47,6.33,4.66,4.66,34.98,35.07,34.69,170.55,162.06,3305,3494
Zack Mitchell,5561,136,-0.27,0.44,0.53,0.44,0.53,0.42,0.53,123,10.94,0.95,0.74,2.56,0.29,5.44,4.02,0.93,0.96,0.94,0,0,10,4,0,14,0,0,0,0,3,1,4,6,10,14,0,0,11,14,2,1,11,2,1,0.32,0.24,0.4,0,0,0,14.09,14,14.05,0,0.15,0,0.54,0.57,0.58,0.57,136,19,2,22,93,25,21,13,77,11,8,34659,0,0,0,3,34.33,2.14,2.09,2.13,2.08,34,13,20,67,0,3,0,40,5,2,0.97,0.5,0.67,0,0,0,67.54,47,46.85,0.43,0.81,0.81,1.77,1.75,1.73,46.22,2.74,2.72,2.71,2.69,41,25,21,87,1,2,0,58,6,2,1.56,0.74,0.43,0,1,0,86.29,66,65.48,0.61,0.38,0.38,2.97,2.93,2.92,29.21,26.21,628,554
Thomas Hickey,79885,1647,19.57,0.47,0.5,0.45,0.48,0.46,0.48,368,89.78,4.14,5.15,22.43,2.95,51.41,43.91,4.1,4.13,4.1,5,11,87,43,69,199,20,4,9,0,26,3,33,55,83,126,16,35,0,89,16,43,121,8,1,2.83,0.93,0.38,2,2,0,199.45,130,130.53,35,1.08,2.86,0.33,4.89,4.91,4.87,1647,128,224,208,1087,180,218,206,1043,0,0,196853,35,45,21,103,640.48,60.96,59.27,61.28,59.58,651,251,311,1213,61,52,10,680,158,64,18.94,19.56,22.45,31,14,16,1219.77,902,908.8,9.01,12.59,12.64,57.35,57.68,56.94,757.89,69,65.95,68.91,65.87,754,317,387,1458,72,46,15,806,206,59,22.94,24.94,21.11,27,21,24,1453.81,1071,1066.81,11.51,10.21,10.39,70.13,70.07,67.59,152.8,151.83,3015,3273
Yohann Auvitu,23405,505,7.65,0.51,0.43,0.56,0.43,0.54,0.43,137,46.62,1.72,2.69,12.34,1.48,27.83,20.95,1.67,1.72,1.67,1,1,54,13,20,87,4,2,1,0,20,0,19,25,52,65,1,2,0,20,7,13,64,3,0,1.36,0.35,0,2,0,0,87.56,67,67.3,11,0.58,0.27,0.15,2.15,2.16,2.1,505,69,23,67,346,65,90,59,291,0,0,69206,2,0,0,9,206.82,15.69,15.4,15.74,15.45,217,68,84,369,13,5,2,225,50,10,6.23,5.94,3.52,6,5,2,372.01,285,286.66,3.18,1.9,2.68,16.2,16.31,16.04,175.13,14.9,14.39,14.76,14.27,180,61,54,295,11,14,4,184,43,14,5.45,5.21,4.26,2,5,4,293.11,241,239.79,2.39,3.23,3.23,14.06,13.98,13.88,45.08,59.29,872,1163
Patrick Marleau,83238,1829,51.9,0.6,0.48,0.58,0.48,0.59,0.49,349,192.67,27.05,15.27,39.76,6.76,110.45,72.71,26.01,27.24,26.2,7,12,188,84,51,323,46,27,15,3,38,6,82,104,161,245,14,28,115,82,46,49,156,85,31,5.77,10.05,11.23,6,11,10,326.67,272,274.99,16,3.47,3.43,3.83,26.69,26.86,26.21,1829,349,156,279,1045,260,217,256,1096,115,100,210440,28,22,11,31,814.56,83.13,80.22,83.49,80.59,812,357,448,1617,82,60,11,847,239,83,23.88,29.19,30.06,25,28,29,1630.62,1169,1179.56,14.13,13.94,14.51,82.75,83.15,81.43,587.98,54.7,52.9,54.17,52.46,585,237,328,1150,45,44,11,611,166,45,17.93,19.85,16.93,10,17,18,1138.13,822,815.56,8.05,9.68,9.92,52.83,52.43,51.73,150.71,166.4,3212,3411
Kyle Okposo,73983,1443,37.74,0.59,0.43,0.55,0.43,0.54,0.43,226,156.66,19.27,11.85,33.37,5.1,85.01,58.39,18.45,19.31,18.48,13,13,156,57,71,284,45,19,14,3,31,5,51,93,137,194,12,24,54,53,26,36,130,61,22,4.42,7.1,7.76,3,9,7,285.31,213,213.6,14,2.76,2.52,3.96,18.07,18.15,17.61,1443,304,167,278,694,189,189,251,814,54,45,163308,24,20,10,25,726.74,76.54,73.02,76.67,73.15,746,252,316,1314,75,69,15,701,217,80,20.61,26.53,29.4,21,25,29,1315.01,998,998.46,12.66,18.03,17.92,71.29,71.44,69.57,591.74,53.38,52.02,53.63,52.26,613,221,227,1061,46,41,6,643,142,49,18.52,16.69,18.16,12,13,21,1062.57,834,836.28,8.19,8.73,8.67,52.84,52.97,52.29,100.3,135.18,2184,2873
Artemi Panarin,95798,1817,82.91,0.58,0.45,0.61,0.45,0.59,0.45,254,217.98,22.13,14.6,45.92,7.01,125.21,86.13,21.82,22.28,21.97,27,16,211,90,95,396,74,31,10,1,50,11,91,108,180,270,9,21,2,23,57,55,226,59,16,7.89,6.89,7.34,14,8,9,398.81,301,303.57,22,3.25,2.57,1.59,23.79,23.96,23.66,1817,377,19,311,1110,228,304,313,972,2,8,203001,21,47,22,14,939.38,88.03,85.61,88.32,85.91,953,361,509,1823,109,60,14,1021,223,70,30.73,27.02,30.28,34,36,39,1828.65,1314,1318.25,15.66,11.74,13.64,89.98,90.27,88.54,661.39,64.08,61.4,64.16,61.47,695,203,275,1173,62,69,17,646,183,69,18.48,22.57,23.02,16,21,25,1166.63,898,894.54,9.15,15.74,15.74,57.48,57.5,56.88,137.1,165.75,2810,3480
Brett Pesce,104325,2062,41.33,0.54,0.53,0.51,0.53,0.51,0.52,260,111.32,4.24,6.56,30.74,3.75,68.3,50.42,4.12,4.21,4.08,7,11,109,55,104,268,20,2,13,0,28,3,55,63,107,162,10,20,0,57,55,34,156,8,0,3.38,0.86,0,2,0,0,266.85,164,163.38,26,1.36,2.83,0.15,5.45,5.41,5.23,2062,225,314,350,1173,320,208,337,1197,0,0,195259,20,24,12,148,838.63,81.49,78.01,81.67,78.21,825,333,436,1594,84,64,17,854,215,89,25.34,25.79,30.36,28,24,32,1592.7,1158,1158.5,11.88,14.93,15.82,77.55,77.69,75.63,803.19,69.47,67.16,69.94,67.62,777,344,393,1514,70,65,16,857,211,53,25.27,25.71,18.49,29,24,17,1521.58,1121,1125.96,12.17,12.6,13,68.64,69.07,67.76,167.85,150.92,3186,2848
Michal Rozsival,20454,464,3.75,0.43,0.5,0.49,0.49,0.48,0.48,113,14.08,0.81,0.89,3.74,0.5,8.46,7.61,0.79,0.8,0.79,2,0,16,6,4,26,3,1,2,0,5,0,7,7,15,21,7,14,0,47,5,10,20,1,1,0.39,0.08,0.33,1,0,0,25.98,22,22.01,9,0.17,0.4,0.41,0.57,0.57,0.56,464,42,44,47,331,62,60,59,283,0,0,60228,14,0,0,25,160.56,11.8,11.63,11.81,11.64,167,59,76,302,8,6,0,179,41,6,5.12,4.98,1.71,6,2,0,302.2,226,226.68,2.12,1.25,1.33,12.59,12.6,12.44,175.77,15.34,14.57,15.47,14.68,185,59,74,318,13,20,5,187,46,11,5.39,5.53,4.42,4,5,4,318.41,244,244.34,2.69,5.37,5.37,12.66,12.72,12.51,47.47,46.66,929,983
Joel Hanley,4266,105,0.07,0.49,0.56,0.5,0.56,0.51,0.56,42,3.41,0.1,0.2,1.06,0.11,2.04,1.48,0.1,0.1,0.1,0,0,5,0,0,5,0,0,0,0,3,0,1,1,5,5,1,4,0,8,1,3,5,0,0,0.1,0,0,0,0,0,5.36,5,5.14,3,0.04,0,0,0.14,0.14,0.14,105,9,15,14,67,29,14,13,49,0,0,20934,4,2,1,4,28.12,2.41,2.38,2.4,2.37,29,10,18,57,1,1,0,29,9,1,0.75,1.46,0.2,0,1,0,57.69,39,38.75,0.43,0.2,0.2,2.65,2.64,2.63,27.28,2.46,2.43,2.48,2.44,27,11,19,57,4,1,1,28,7,3,0.74,0.92,0.81,3,0,1,55.71,38,37.76,0.38,0.35,0.35,2.49,2.48,2.45,17.8,13.78,381,302
Quinton Howden,2597,71,0.5,0.65,0.5,0.51,0.44,0.53,0.45,54,3.87,0.53,0.24,0.86,0.12,1.76,1.5,0.53,0.52,0.52,0,0,5,0,1,6,0,0,0,0,3,0,1,1,5,5,0,0,0,4,1,0,2,2,1,0.08,0.21,0.24,0,0,0,5.87,5,4.88,0,0.05,0,0,0.58,0.57,0.57,71,6,5,11,49,8,15,10,38,0,2,15703,0,0,0,0,18.46,1.48,1.48,1.47,1.46,20,5,12,37,1,0,0,17,7,1,0.47,0.77,0.24,1,0,0,36.59,25,24.8,0.23,0,0,1.71,1.7,1.69,16.31,0.8,0.79,0.8,0.79,17,5,13,35,0,0,0,20,2,0,0.6,0.2,0,0,0,0,35.22,22,22.03,0.18,0,0,0.98,0.98,0.97,10.2,10.38,220,281
Nikita Kucherov,86320,1735,92.75,0.63,0.44,0.62,0.46,0.6,0.45,225,251.99,30.78,18.6,53.1,8.08,145.1,92.33,29.8,30.82,29.82,28,17,246,102,116,464,85,40,19,2,66,6,102,115,206,308,17,38,0,30,54,64,222,99,27,8.24,11.31,11.23,12,16,12,464.3,348,347.92,20,4.39,4.13,3.76,31.41,31.4,30.79,1735,389,151,316,879,272,257,347,859,0,0,183868,38,50,22,20,878.23,96.91,92.34,97.24,92.59,873,361,430,1664,106,70,16,839,306,89,26.87,36.73,33.3,30,41,35,1663.51,1234,1233.15,15.09,15.76,16.43,95.58,95.58,93.03,581.06,56.8,55.64,57.18,56.02,599,208,213,1020,56,34,7,576,186,45,18.31,22.56,15.92,20,19,17,1026.44,807,812.8,8.23,7.12,7.12,57.9,58.19,57.52,120.14,149.9,2517,3004
Brayden Point,69898,1417,42.79,0.61,0.49,0.57,0.48,0.56,0.48,366,124.98,16.91,10.46,23.8,4.06,68.21,47.54,16.33,16.92,16.34,8,14,122,49,43,214,40,18,3,2,27,4,51,68,104,153,7,14,238,39,30,19,83,74,14,3.37,8.94,4.61,5,8,5,214.01,171,171.51,10,2.4,0.45,2.51,16.82,16.78,16.49,1417,293,128,256,740,242,216,251,708,238,294,178610,14,22,11,31,650.86,67.22,64.77,67.17,64.73,642,279,313,1234,74,36,10,650,219,52,20.03,26.13,21.06,22,26,26,1231.31,921,919.67,10.77,7.48,7.7,70.29,70.21,68.07,511.92,43.71,42.66,44.34,43.28,518,194,200,912,45,33,6,539,140,33,15.66,16.91,11.14,11,20,14,920.3,712,719.3,7.17,6.71,6.71,44.17,44.72,44.17,131.86,136.43,2530,2739
Eric Fehr,34751,897,7.39,0.39,0.54,0.37,0.52,0.39,0.53,548,56.83,7.01,4.1,12.17,1.88,30.97,22.86,6.88,7.14,7.01,3,2,62,17,18,97,11,6,6,1,11,1,27,28,56,73,7,14,79,82,24,10,47,25,7,1.8,2.95,2.27,1,3,2,99.56,79,80.78,7,0.88,1.65,0.95,6.94,7.08,7,897,48,215,121,513,141,117,131,508,79,75,158561,14,4,2,35,218.97,20.66,20.12,21.07,20.51,228,74,86,388,18,21,5,216,63,23,6.14,7.66,6.86,5,7,6,396.6,302,308.18,3.19,4.82,5.33,18.51,18.79,18.54,333.72,31.87,30.47,31.79,30.39,340,123,207,670,28,36,5,348,80,35,8.87,9.57,13.43,6,8,14,667,463,460.09,5.58,7.88,8.47,28.98,28.93,28.17,146.23,126.02,2742,2490
Ryan Murray,65999,1463,7.6,0.44,0.55,0.43,0.53,0.43,0.53,244,49.6,2.83,3.05,12.43,1.61,28.98,22.1,2.79,2.85,2.8,5,4,52,19,39,110,11,2,4,0,17,2,19,27,50,69,12,24,0,23,8,18,61,9,1,1.42,1.12,0.29,1,1,0,110.49,71,71.36,13,0.63,1.01,0.29,3.17,3.17,3.12,1463,181,241,218,823,201,243,231,788,0,0,152393,24,0,0,96,458.68,41.54,40.21,41.88,40.55,472,157,214,843,44,29,7,455,143,31,13.24,17.64,10.65,14,16,14,853.83,629,636.52,6.33,6.12,6.07,41.8,42.12,41.2,607.66,52.82,51.22,52.72,51.1,595,250,282,1127,50,46,9,632,169,44,17.46,20.37,15,19,14,17,1110.77,845,834.83,9.11,9.69,9.69,52.23,52.06,50.99,133.04,109.42,2501,2237
Marco Scandella,78122,1677,15.65,0.48,0.59,0.46,0.51,0.46,0.52,291,83.17,3.41,4.77,22.11,2.73,50.76,39.2,3.31,3.45,3.34,4,5,88,35,77,200,13,4,10,0,26,3,37,43,84,119,11,25,0,50,28,36,116,7,0,2.55,0.86,0,3,1,0,203.82,123,125.3,32,0.98,1.96,0.03,4.37,4.41,4.29,1677,140,211,246,1080,230,239,238,970,0,0,180001,25,19,8,85,601.3,54.86,53.27,55.81,54.19,603,222,286,1111,54,46,10,623,153,49,18.27,18.71,17.88,18,17,19,1133.69,825,840.79,8.28,10.74,10.74,52.39,53.22,52.46,699.04,59.74,57.38,59.34,57.01,697,285,329,1311,72,49,14,762,166,54,21.82,20.41,17.49,28,23,21,1297.32,982,975.17,10.63,9.6,9.85,60.44,60.11,58.74,154.37,109.45,2794,2652
Tyler Pitlick,17830,442,10.51,0.49,0.54,0.46,0.52,0.48,0.52,329,45,4.15,2.96,10.8,1.37,24.11,17.6,4.07,4.16,4.07,2,1,52,9,12,73,11,8,2,1,14,1,16,20,44,53,3,6,8,67,2,8,39,19,3,1.28,2.09,0.77,2,3,3,73.53,61,61.24,2,0.63,0.39,0.3,4.48,4.47,4.38,442,51,38,73,280,71,60,63,248,8,7,91701,6,8,4,12,122.75,9.46,9.26,9.51,9.31,132,39,58,229,13,8,2,129,35,7,3.49,4.09,1.88,3,6,4,230.49,171,172.32,1.66,1.24,1.12,9.99,10.04,9.92,134.55,9.89,9.71,9.89,9.72,140,48,77,265,13,7,3,145,39,4,4.07,4.81,1,4,7,2,262.19,188,186.31,1.79,0.95,0.96,10.72,10.71,10.57,83.99,72.73,1494,1366
Boone Jenner,79022,1780,44.32,0.47,0.52,0.48,0.5,0.49,0.5,445,208.36,21.18,14.49,46.71,6.56,110.19,82.88,20.49,21.29,20.59,9,7,211,71,90,372,34,18,15,5,50,19,71,109,193,264,23,52,92,216,42,20,189,74,19,5.59,8.88,6.71,4,6,8,376.82,282,285.85,7,3.08,3.22,4.2,20.05,20.18,19.64,1780,210,276,331,963,292,264,275,949,92,92,219159,52,54,24,80,664.13,60.08,57.68,60.47,58.06,683,226,334,1243,57,53,10,674,184,51,19.09,22.8,18.18,16,22,19,1258.12,909,918.31,9.55,10.82,11.34,58.29,58.6,57.23,691.82,67,64.78,67.07,64.82,702,250,383,1335,49,53,10,683,208,61,20.56,24.97,21.48,20,10,19,1320.78,952,944.82,10.26,11.55,12.74,64.51,64.42,63.02,174.72,160.18,3322,3310
Adrian Kempe,18346,433,10.36,0.49,0.54,0.57,0.55,0.56,0.55,235,32.83,2.69,2.13,7.82,1.03,17.25,13.08,2.65,2.62,2.58,3,1,32,12,17,61,6,2,1,0,11,1,15,14,30,42,3,6,67,23,5,10,35,6,3,1.01,0.75,0.94,2,0,0,59.07,44,42.65,6,0.46,0.04,0.45,2.71,2.66,2.62,433,69,43,51,270,74,52,55,252,67,86,72507,6,10,5,7,156.13,13.23,12.82,12.79,12.41,151,66,84,301,10,14,2,163,43,11,4.49,5.2,3.54,4,3,3,290.37,217,209.9,2.27,3.08,3.08,12.42,12.09,11.86,122.58,13.92,13.76,14.36,14.19,114,54,62,230,11,8,1,111,44,13,2.97,5.36,5.59,3,2,6,238.15,168,174.57,1.68,1.69,1.69,13.91,14.32,14.24,63.86,55.43,1292,1045
Frank Vatrano,35553,817,28.62,0.6,0.57,0.61,0.53,0.62,0.54,352,114.28,9.66,7.2,26.84,3.94,64.78,47.59,9.41,9.78,9.52,2,6,116,44,34,194,18,10,4,2,30,1,51,64,106,150,7,14,2,51,9,8,123,28,9,3.71,3.04,2.92,4,2,4,197.82,160,161.88,2,1.57,0.76,0.82,10.41,10.48,10.29,817,147,41,144,485,121,113,128,455,2,5,124131,14,18,9,16,364.93,29.49,27.81,29.83,28.12,365,146,152,663,26,19,4,402,84,25,10.79,10.18,8.52,11,8,7,670.71,511,515.95,5.29,2.72,2.92,31.85,32.14,30.72,227.28,19.36,18.86,19.26,18.76,222,94,104,420,20,14,6,237,60,19,6.19,7.27,5.91,2,11,7,414.75,316,313.36,2.95,3.25,3.25,19.07,18.92,18.75,113.03,85.28,1995,1760
Robert Bortuzzo,32118,865,10.93,0.52,0.52,0.48,0.5,0.51,0.5,207,45.34,1.86,2.65,11.85,1.5,26.79,20.35,1.83,1.88,1.85,2,1,45,20,22,87,4,1,4,1,13,1,19,27,44,64,6,15,0,77,4,13,63,1,1,1.51,0.1,0.25,0,0,1,87.16,65,65.49,10,0.53,0.42,0.37,2.03,2.04,2.02,865,72,86,109,598,128,111,93,533,0,0,106251,15,9,3,50,243.05,21.19,20.79,21.56,21.15,240,99,105,444,24,17,5,252,73,14,7.63,8.89,4.68,2,14,8,450.96,339,343.76,3.46,2.77,2.84,21.81,22.15,21.95,231.86,19.74,19.13,19.66,19.06,222,100,150,472,21,10,5,260,42,20,7.28,5.11,7.37,6,4,11,466.77,322,318.88,3.25,2.47,2.78,20.22,20.12,19.77,75.84,70.36,1563,1549
Daniel O'Regan,2079,46,0.26,0.38,0.65,0.42,0.61,0.45,0.62,28,4.08,0.31,0.27,1.01,0.16,2.44,1.82,0.3,0.31,0.31,0,0,5,1,0,6,1,1,0,0,1,0,1,3,4,5,0,0,15,1,2,0,4,2,0,0.09,0.22,0,0,1,0,6.34,6,6.22,0,0.06,0,0.09,0.27,0.27,0.27,46,10,3,5,28,5,5,4,32,15,17,8721,0,0,0,2,14.86,1,0.96,1.01,0.98,15,8,9,32,1,1,0,18,5,0,0.39,0.6,0,0,1,0,32.94,23,23.38,0.22,0.09,0.09,1.12,1.13,1.1,19.5,1.63,1.6,1.59,1.56,19,9,16,44,2,1,0,20,7,1,0.59,0.75,0.28,0,1,1,42.12,28,27.08,0.28,0.05,0.05,1.86,1.82,1.79,7.25,3.9,169,108
Shane Prince,38912,862,12.13,0.52,0.49,0.49,0.46,0.49,0.47,451,66.44,7.4,4.83,13.99,1.96,34.4,26.42,7.32,7.41,7.33,7,6,71,18,35,124,18,5,3,0,26,3,24,28,66,84,9,18,4,36,23,19,57,26,6,2.23,3.1,2.06,2,2,1,125.17,89,89.97,7,1.05,0.9,0.71,7.75,7.73,7.66,862,92,80,128,562,148,135,128,451,4,3,143660,18,30,15,12,319.23,30.4,29.78,30.59,29.96,319,128,164,611,26,21,6,338,79,30,10.38,9.61,10.41,9,8,9,613.17,447,449.75,5.05,4.71,5.21,30.25,30.33,29.98,327.65,28.04,27.43,28.03,27.43,328,136,180,644,32,12,3,349,96,19,10.29,11.82,5.93,11,14,7,640.36,464,461.81,4.48,2.39,2.79,29.74,29.82,29.35,114.43,121,2164,2544
Blake Coleman,17728,398,-0.32,0.4,0.46,0.4,0.5,0.42,0.48,214,28.43,2.93,1.84,6.15,0.85,14.66,11.57,2.87,2.92,2.85,1,0,29,9,8,46,2,1,1,0,7,2,7,20,28,37,12,27,96,51,12,12,26,9,3,1.01,1.13,0.79,0,0,1,45.52,38,37.53,7,0.39,0.34,0.41,2.91,2.87,2.86,398,25,61,47,265,57,72,57,212,96,130,66068,27,17,7,15,110.37,9.1,8.97,9.03,8.9,107,45,35,187,3,7,0,118,26,8,3.65,3.22,2.23,1,1,1,183.06,152,149.35,1.48,1.29,1.29,9.3,9.27,9.2,153.84,13.4,12.85,13.66,13.1,159,52,66,277,18,7,4,154,50,7,4.46,5.93,3.01,7,7,4,283.31,211,215.08,2.2,1.77,2.07,13.54,13.82,13.48,48.03,56.11,949,957
Paul Byron,73228,1849,51.2,0.51,0.51,0.49,0.52,0.49,0.52,498,95.15,14.6,7.33,19.25,3,44.41,35.41,14.24,14.7,14.34,15,6,96,28,34,158,43,22,11,6,12,2,38,39,74,102,13,29,10,119,40,22,57,44,23,2.28,5.68,6.64,5,6,11,159.9,124,125.43,14,1.62,2.73,3.92,12.3,12.41,12.31,1849,248,327,300,974,263,232,273,1081,10,5,222414,29,45,21,34,563.24,56.08,53.9,56.6,54.38,576,202,319,1097,60,55,15,561,154,63,16.21,18.93,20.94,21,18,21,1101.76,778,782.64,8.53,13.02,13.08,51.53,51.79,50.82,587.74,54.62,52.43,54.65,52.47,599,216,306,1121,49,41,10,604,161,50,16.72,19.5,18.4,20,11,18,1122.46,815,816.05,9.56,10.81,10.68,53.49,53.55,52.25,162.09,157.51,3589,3296
Patrik Laine,78457,1633,57.72,0.56,0.47,0.55,0.46,0.55,0.47,289,200.65,18.85,12.69,45.62,6.37,116.3,83.23,18.43,18.91,18.49,13,15,204,80,76,360,64,36,9,4,38,7,82,112,168,248,13,26,0,80,43,55,221,49,14,7.48,5.69,5.68,15,14,7,360.33,284,284.22,29,2.84,2.8,1.52,20.11,20.16,19.81,1633,289,142,238,964,232,257,273,871,0,3,186937,26,22,11,33,709,74.04,70.93,74.35,71.24,710,294,305,1309,92,49,17,739,193,72,22.73,23.82,27.48,29,34,29,1311.9,1004,1005.82,11.37,12.84,12.96,71.93,72.19,70.72,582.54,58.86,56.28,59.17,56.57,617,197,262,1076,65,43,8,601,154,59,18.98,18.19,21.68,21,21,23,1084.74,814,819.13,7.99,9.75,9.75,56.85,57.17,55.44,136.86,151.69,2628,3069
Ryan Getzlaf,94990,2007,64.36,0.59,0.47,0.53,0.47,0.54,0.47,178,153.37,15.42,10.99,32.17,4.88,87.73,64.82,14.98,15.45,15.02,38,20,142,74,79,295,73,15,13,1,26,6,78,78,127,201,18,39,510,102,61,68,165,37,14,5.12,4.38,5.91,4,6,5,294.88,216,215.65,15,2.52,3.39,1.83,16.11,16.15,15.87,2007,350,337,303,1017,273,260,368,1106,510,504,181933,39,31,13,88,855.54,90.12,85.53,90.34,85.74,815,377,413,1605,92,76,14,870,234,88,25.28,29.62,35.22,20,38,34,1610.35,1192,1194.99,14.81,17.52,17.61,87.32,87.6,85.1,732.85,63.26,61.38,63.07,61.18,715,317,365,1397,68,46,10,791,191,50,21.9,23.21,18.16,19,28,21,1389.53,1032,1027.71,11.22,8.88,9.24,65.25,65.03,63.63,117.79,133.39,2609,2932
Derek Ryan,59864,1369,27.98,0.56,0.52,0.55,0.51,0.54,0.51,467,76.49,10.99,5.63,15.69,2.35,39.83,27.51,10.67,11.01,10.69,9,9,73,29,34,136,29,11,10,2,17,0,25,39,62,91,10,22,391,33,33,36,63,27,12,2.64,3.25,5.1,2,3,6,135.33,102,102.01,16,1.3,2.02,1.93,10.36,10.38,10.24,1369,298,150,189,732,211,155,229,774,391,316,184738,22,18,9,37,516.44,50.39,47.98,50.32,47.92,509,203,289,1001,43,46,5,524,137,51,15.95,16.52,17.93,16,11,16,994.93,712,709.52,8.12,8.34,8.52,50,50.05,48.36,438.87,39.76,38.44,39.9,38.57,425,184,204,813,42,43,10,453,118,38,13.07,15.21,11.47,9,21,12,816.21,609,611.48,6.19,7.67,7.46,38.49,38.52,37.88,153.22,141.07,2882,2771
Brett Ritchie,60355,1484,33.83,0.57,0.46,0.55,0.49,0.55,0.5,679,173.14,15.23,12.63,38.51,5.37,95.07,68.2,14.63,15.09,14.5,4,4,167,68,77,312,24,16,12,2,40,2,78,87,151,219,16,38,1,153,15,26,168,53,14,5.2,6.35,3.68,6,6,4,308.43,235,232,11,2.74,2.75,2.17,15.8,15.66,15.22,1484,183,150,241,910,230,212,224,818,1,1,222552,38,32,13,23,541.09,45.06,43.38,44.86,43.2,499,249,309,1057,40,40,6,570,137,41,16.05,16.72,12.28,16,14,10,1050.59,748,744.3,8.4,7.73,7.89,45.57,45.45,44.24,434.78,33.98,32.72,34.01,32.76,424,184,258,866,24,37,3,476,106,26,13.64,12.97,7.38,9,6,9,871.91,608,610.89,5.86,6.52,6.46,33.38,33.52,32.9,181.72,210.17,3597,3710
Nate Prosser,29789,685,5,0.48,0.57,0.45,0.51,0.48,0.51,226,25.85,0.72,1.36,6.67,0.85,16.33,13.07,0.71,0.75,0.74,2,3,20,19,13,52,7,2,3,0,5,1,10,18,18,37,6,12,0,30,3,10,39,0,0,0.72,0,0,2,0,0,53.31,39,40.39,9,0.27,0.44,0,0.99,1.02,1.02,685,53,71,85,476,96,97,84,408,0,0,112756,12,2,1,64,226.87,16.96,16.5,17.39,16.92,219,97,92,408,20,17,1,243,63,10,6.38,7.52,3.06,9,9,2,417.54,316,323.81,3.02,2.96,2.85,17.13,17.51,17.33,246.28,18.64,18.13,18.4,17.9,246,99,160,505,20,21,6,279,48,18,7.6,5.55,5.49,8,7,5,497.79,345,339.17,3.31,4.51,4.51,17.44,17.25,16.96,96.02,72.46,1763,1693
Hunter Shinkaruk,4445,96,-0.22,0.33,0.5,0.43,0.53,0.42,0.52,67,4.9,0.53,0.37,1.14,0.18,2.74,2.05,0.53,0.52,0.51,0,1,5,2,4,11,1,0,1,0,1,1,2,2,5,7,1,2,0,3,2,1,5,1,1,0.21,0.08,0.23,0,0,0,10.78,7,7.05,0,0.08,0.03,0.23,0.38,0.39,0.39,96,9,11,20,56,24,11,12,49,0,0,20868,2,2,1,3,29.71,1.5,1.49,1.49,1.48,31,11,13,55,1,2,0,39,2,1,0.99,0.28,0.23,1,0,0,53.82,42,41.61,0.33,0.26,0.26,1.57,1.59,1.58,41.93,3,2.93,3.09,3.01,35,23,14,72,4,2,1,46,10,2,1.24,1.22,0.54,0,3,1,74.57,58,60.18,0.54,0.36,0.36,3.18,3.23,3.19,13.87,13.98,327,286
Alec Martinez,106475,2431,52.79,0.54,0.52,0.54,0.55,0.55,0.54,246,154.79,8.55,10.87,40.51,5.15,96.21,62.71,7.93,8.6,7.95,13,17,144,80,109,333,39,9,19,1,37,9,74,76,135,215,12,24,0,137,5,51,203,17,4,5.01,2.15,1.4,5,3,1,329.49,224,222.31,46,2.42,3.14,1.74,9.23,9.18,8.75,2431,353,345,286,1447,356,321,367,1387,0,1,192234,24,10,5,167,990.19,88.81,85.3,88.51,85.02,932,443,428,1803,80,84,11,1031,261,83,29.21,32.33,27.27,30,26,24,1791.52,1375,1365.55,14.88,17.58,17.61,86.08,85.99,83.88,803.67,76.65,74.16,77.18,74.69,766,346,426,1538,90,52,13,822,218,72,24.47,26.05,26.14,33,25,32,1554.25,1112,1122.87,12.11,10.86,10.86,77.91,78.45,76.94,141.53,132.95,3208,2601
Bobby Farnham,1489,43,-0.74,0.44,0.52,0.32,0.47,0.36,0.48,34,3.14,0.32,0.24,0.59,0.11,1.87,0.86,0.32,0.33,0.32,0,0,4,0,0,4,0,0,0,0,0,0,3,1,4,4,2,7,1,8,0,0,2,2,0,0.09,0.24,0,0,0,0,4.13,4,4.13,0,0.06,0,0,0.38,0.39,0.38,43,6,0,6,31,7,9,5,22,1,0,9330,7,5,1,2,10.75,1.04,1,1.09,1.05,11,3,3,17,0,0,0,9,4,1,0.37,0.46,0.21,0,0,0,17.64,14,14.52,0.19,0,0,1.23,1.29,1.25,18.61,1.33,1.33,1.3,1.29,21,4,11,36,0,0,0,20,3,2,0.53,0.31,0.49,0,0,0,36.42,25,25.16,0.24,0,0,1.57,1.54,1.53,8.93,8.24,156,173
Scott Wilson,51220,1253,30.45,0.55,0.51,0.51,0.5,0.53,0.5,793,128.25,12.94,9.26,29.41,4.2,66.82,49.37,12.7,13.13,12.89,11,7,127,45,43,215,26,8,14,1,37,6,43,64,119,164,8,22,3,167,20,11,112,48,12,3.61,5.83,3.5,2,6,0,220.24,172,175.39,5,1.98,2.81,2.1,12.81,13.07,12.95,1253,128,180,202,743,244,174,178,657,3,0,233470,22,52,23,31,453.7,42.64,41.4,43.45,42.16,463,162,197,822,37,49,11,448,132,45,13.65,15.95,13.04,14,16,7,839.58,625,637.83,6.72,9.85,10.19,38.98,39.72,39.28,406.95,35.14,33.46,34.93,33.27,419,146,228,793,35,40,5,412,117,36,11.05,14.27,9.81,12,17,6,782.55,565,559.12,5.66,8.59,9.26,31.42,31.27,30.7,203.19,194.79,3737,3797
Mikhail Grigorenko,62444,1410,14.32,0.44,0.46,0.48,0.49,0.47,0.48,568,78,7.81,5.56,17.11,2.52,43.55,32.45,7.63,7.72,7.55,8,5,84,25,36,145,22,9,6,2,19,2,32,41,75,100,9,18,111,26,33,25,77,26,6,2.78,3.19,1.83,2,5,2,141.6,109,107.13,14,1.21,0.71,1.83,7.19,7.09,6.98,1410,221,169,227,793,213,185,206,806,111,79,205322,18,4,2,23,451.93,34.71,32.87,34.49,32.66,477,160,221,858,33,34,7,518,90,29,14.31,10.9,9.51,7,14,12,840.33,637,626.87,6.99,5.51,5.85,35.86,35.61,34,512.2,43.37,41.37,43.97,41.94,536,185,216,937,52,51,10,536,153,32,14.73,18.47,10.18,14,28,10,959.84,721,734.93,7.74,9.31,9.22,41.89,42.43,41.45,138.35,164.72,3046,3179
Rasmus Andersson,1113,23,0.1,0.57,0.32,0.5,0.52,0.4,0.48,5,0,0,0,0,0,0,0,0,0,0,0,0,0,0,1,1,0,0,0,0,0,0,0,0,0,0,0,0,0,4,0,0,0,0,0,0,0,0,0,0,0,0.97,0,0,0,0,0,0,0,0,0,23,1,2,4,16,0,2,1,20,0,0,2487,0,2,1,2,4.56,0.56,0.49,0.56,0.49,6,0,9,15,0,0,0,4,1,1,0.12,0.19,0.25,0,0,0,14.72,6,5.78,0.09,0,0,0.65,0.65,0.57,5.89,0.43,0.42,0.42,0.42,5,4,6,15,1,0,0,8,1,0,0.34,0.09,0,1,0,0,15.56,9,9.27,0.09,0,0,0.52,0.52,0.51,0.77,1.66,32,30
Andrew Cogliano,74479,1883,48.16,0.51,0.52,0.5,0.49,0.51,0.49,533,170.11,16.8,10.2,38.29,5.6,84.23,74.88,16.17,16.97,16.32,10,9,179,51,63,293,35,16,14,5,29,6,70,95,163,214,13,26,8,76,19,26,169,40,21,4.74,4.67,7.4,4,5,7,298.06,230,234.31,9,2.16,2.43,3.5,15.46,15.58,15.44,1883,180,191,326,1186,320,275,256,1032,8,10,224308,26,30,15,27,653.74,57.58,55.48,57.81,55.72,664,246,281,1191,48,57,13,695,154,61,19.01,19.27,19.3,15,16,17,1202.65,910,918.3,8.67,12.02,12.43,53.82,54.05,53.23,637.31,55.52,53.72,55.41,53.61,631,253,285,1169,46,52,7,656,185,43,18.71,23.29,13.52,14,19,13,1158.6,884,878.44,10.06,10.44,11.36,54.22,54.23,53.31,168.55,153.42,3388,3490
Lucas Wallmark,5216,128,1.91,0.55,0.54,0.49,0.57,0.51,0.55,81,9.93,1.25,0.71,2.49,0.37,5.28,3.89,1.22,1.25,1.22,0,2,11,3,5,19,2,0,0,0,4,1,6,3,11,14,1,2,31,14,3,1,9,4,1,0.39,0.65,0.21,0,0,0,19.21,14,14,0,0.15,0,0.34,1.05,1.06,1.05,128,14,11,18,85,29,23,17,59,31,27,23873,2,0,0,3,42.85,4.71,4.54,4.75,4.58,43,17,17,77,3,5,2,41,13,6,1.3,1.81,1.6,1,0,2,77.34,60,59.87,0.61,1.11,1.11,4.21,4.21,4.19,42.31,3.91,3.76,3.98,3.83,35,22,23,80,2,4,1,40,13,4,1.12,1.7,1.1,0,1,1,80.84,57,57.85,0.59,0.69,0.69,3.81,3.89,3.78,20.09,17.14,424,326
Scottie Upshall,48107,1296,12.84,0.4,0.52,0.39,0.51,0.4,0.52,703,81.49,8.56,5.18,18.44,2.56,42.97,32.28,8.52,8.7,8.65,6,2,86,24,33,143,18,10,10,0,22,2,30,36,76,100,21,45,3,99,16,18,81,20,9,2.66,2.74,3.17,2,3,5,145.27,110,111.99,16,1.09,1.55,0.63,9.01,9.18,9.14,1296,59,253,187,797,195,196,178,727,3,9,217021,45,33,14,21,280,23.47,22.96,23.69,23.19,294,99,122,515,25,24,4,301,70,22,7.87,8.48,7.11,6,9,10,521.66,393,398.29,3.67,4.59,4.59,22.54,22.87,22.68,426.2,35.65,34.03,35.41,33.83,420,171,210,801,35,32,4,454,100,37,12.97,11.57,11.11,18,7,10,791.2,591,584.49,6.75,7.56,7.83,34.57,34.33,33.71,164.87,151.49,3293,3110
Tanner Kero,38030,893,16.82,0.47,0.5,0.42,0.52,0.44,0.52,367,59.38,8.05,4.19,12.16,1.87,29.84,23.89,7.85,8.25,8.04,6,4,60,20,20,100,16,6,5,0,10,5,22,32,54,74,4,8,209,41,14,11,49,20,11,1.79,2.42,3.84,0,3,3,101.88,80,81.51,10,0.89,0.8,2.3,6.63,6.75,6.68,893,77,143,112,561,107,103,113,570,209,262,132902,8,22,11,51,277.97,27.35,26.39,27.72,26.74,293,94,127,514,31,24,3,297,62,28,8.84,7.61,10.9,9,12,10,524.7,387,393.82,3.73,6.55,5.72,25.36,25.66,25.19,353.33,31.17,29.57,31.13,29.54,356,139,215,710,26,27,6,383,82,30,11.21,9.41,10.56,7,9,10,702.16,495,490.95,5.51,6.8,7.09,29.59,29.41,28.88,101.34,101.49,2199,2028
Chris Terry,8306,213,4.63,0.56,0.56,0.54,0.54,0.57,0.55,154,14.97,1.79,1.19,3.11,0.43,8.02,5.46,1.78,1.87,1.86,1,1,15,5,4,24,4,2,2,0,0,0,7,9,13,18,2,4,1,10,5,8,12,5,3,0.42,0.61,0.76,2,0,0,24.41,20,20.49,6,0.26,0.37,0.42,1.63,1.67,1.66,213,29,18,38,128,36,32,31,114,1,1,42792,4,4,2,1,72.07,5.88,5.76,5.92,5.8,74,24,20,118,5,11,0,77,13,8,2.16,1.57,2.15,4,0,1,117.21,98,97.83,1.03,1.68,1.68,5.23,5.27,5.21,53.08,4.61,4.56,4.63,4.59,54,21,25,100,6,3,0,52,21,2,1.57,2.51,0.53,2,4,0,100.37,75,75.2,0.78,0.32,0.32,5.07,5.1,5.08,34.99,27.21,709,609
Nikolay Kulemin,59691,1472,20.46,0.46,0.5,0.42,0.49,0.43,0.49,569,84.28,12.63,6.12,18.56,3.13,40.98,33.58,12.12,12.67,12.16,7,4,74,41,31,146,23,12,7,6,19,2,35,40,62,103,9,18,14,78,30,17,67,30,18,2.5,3.73,6.41,0,4,8,146.73,115,115.89,7,1.31,1.72,3.88,10.06,10.09,9.98,1472,127,269,254,822,202,160,199,911,14,13,202941,18,16,8,45,417.11,41.85,40.01,41.91,40.08,424,160,183,767,45,35,18,437,100,47,12.34,11.67,17.84,16,8,21,768.05,584,586.18,5.75,10.41,10.72,36.88,36.9,36.41,546.55,48.27,46.28,48.45,46.45,539,231,279,1049,54,30,7,590,142,38,17.21,17.1,13.96,21,16,17,1050.12,770,769.87,8.7,7.83,7.76,49.2,49.37,47.97,161.01,160.68,3262,3419
Connor Brown,79733,1940,39.68,0.49,0.51,0.48,0.51,0.47,0.51,453,147.58,17.7,9.97,30.83,4.66,75.44,59.37,17.32,17.87,17.49,10,6,139,59,51,249,36,20,5,3,30,6,62,75,119,178,5,10,2,50,40,25,127,56,15,4.52,7,6.19,4,7,9,254.59,198,202.21,13,2.18,0.74,2.22,17.66,17.85,17.61,1940,297,210,368,1065,277,269,304,1090,2,6,219768,10,24,12,46,669.76,67.68,65.46,68.39,66.13,642,283,336,1261,67,42,10,656,210,59,19.73,26.09,21.87,13,24,30,1276.75,925,937.49,9.62,9.46,9.56,67.73,68.35,66.74,743.66,70.11,67.33,69.95,67.19,721,315,315,1351,62,55,10,775,187,74,22.33,21.98,25.81,20,19,23,1342.13,1036,1028.76,11.05,12.06,12.21,68.96,68.86,67.06,199.95,190.35,3728,3617
Tom Kuhnhackl,36425,970,14.33,0.42,0.54,0.39,0.52,0.41,0.52,582,53.75,6.25,3.6,11.51,1.69,27.42,23.53,6.1,6.42,6.27,7,5,49,25,25,99,16,4,4,1,14,3,22,27,45,70,9,18,2,112,6,5,50,18,6,1.94,2.14,2.17,0,2,2,101.37,74,75.9,3,0.75,1.05,0.75,6.26,6.43,6.38,970,68,230,133,539,145,127,140,558,2,2,172345,18,22,11,42,230.09,22.25,21.78,22.77,22.28,221,99,97,417,23,17,5,232,70,18,7.14,8.76,6.35,7,10,6,426.98,320,327.33,3.19,4.17,4.35,20.96,21.45,21.25,335.86,30.63,28.16,30.49,28.02,341,126,198,665,30,31,6,349,85,33,9.25,10.27,11.1,12,9,9,662.25,467,464.82,5.88,5.18,5.34,30.98,30.87,28.86,160.14,137.55,2945,2706
Marc-Edouard Vlasic,94232,1956,33.38,0.47,0.54,0.47,0.54,0.48,0.55,190,144.76,5.83,8.86,38.31,4.7,88.84,65.46,5.73,5.89,5.79,14,7,143,69,103,315,27,6,6,0,48,2,65,85,137,206,11,25,0,18,22,56,198,11,3,3.81,1.19,0.83,3,2,1,320.26,212,215.41,40,1.89,1.25,0.35,7.36,7.45,7.34,1956,201,292,348,1115,249,172,296,1239,0,0,173888,25,25,11,142,695.37,65.06,62.98,65.93,63.85,698,289,358,1345,67,45,3,735,193,59,20.49,23.42,21.16,17,28,22,1370.05,987,1004.83,10.67,9.14,9.77,65.96,66.85,65.42,745.96,73.26,68.58,72.82,68.18,723,326,484,1533,72,43,11,779,201,69,21.34,23.51,28.41,22,25,25,1512.43,1049,1036.81,11.67,10.35,11.25,73.68,73.29,70.18,148.25,126.57,3081,2606
Teuvo Teravainen,78927,1710,51.55,0.62,0.5,0.61,0.49,0.6,0.48,454,168.61,17.59,11.54,38.06,5.45,97.99,66.36,16.75,17.7,16.85,12,15,169,68,61,298,42,15,7,2,32,9,98,76,154,222,8,16,193,27,51,67,171,51,15,5.69,6.07,5.83,4,6,5,298.97,237,238.43,22,2.59,1.77,3.19,17,17.08,16.41,1710,346,147,303,914,299,213,272,926,193,220,217057,16,22,11,33,768.69,77.08,73.09,77.04,73.07,744,333,368,1445,63,68,14,794,203,80,23.63,24.73,28.72,18,18,27,1445.6,1077,1077.34,12.23,16.54,16.4,72.91,72.9,70.27,520.99,46.93,45.2,47.29,45.56,517,205,204,926,50,33,7,542,141,39,16.44,17.4,13.08,14,22,14,929.95,722,723.57,6.93,6.62,6.62,47.23,47.55,47.02,168.75,171.17,3277,3396
J.T. Miller,79680,1877,42.1,0.47,0.53,0.46,0.5,0.47,0.51,429,135.65,16.53,9.19,28.96,4.49,71.06,56.77,15.45,16.75,15.67,21,13,131,56,44,231,56,22,4,2,32,4,49,76,109,165,9,21,155,96,48,51,121,49,17,3.95,6.34,6.23,6,8,8,234.01,187,189.11,21,2.02,0.95,2.91,15.65,15.82,14.89,1877,243,267,305,1062,305,253,344,975,155,197,214874,21,23,10,56,636.91,62.51,59.93,63.14,60.55,608,275,284,1167,74,31,8,647,177,59,18.58,21.65,22.28,23,22,29,1170.32,883,886.14,9.36,7.34,7.71,64.16,64.8,62.58,707.99,71.69,67.87,71.54,67.73,712,273,370,1355,62,63,13,714,206,65,20.21,25.89,25.6,16,26,20,1352.04,985,983.58,10.61,16.26,16.41,65.89,65.79,64.26,166.65,146.94,3299,3270
Timo Meier,25446,626,16.3,0.6,0.5,0.56,0.5,0.55,0.51,315,86.11,8.66,6.27,20.25,2.83,45.34,31.65,8.4,8.82,8.57,2,1,85,30,41,156,6,3,2,0,25,2,33,50,82,112,5,10,1,64,24,28,78,26,11,2.37,3.35,2.95,1,1,1,159.13,115,116.88,9,1.34,0.36,1.83,8.18,8.34,8.25,626,58,53,100,415,99,81,80,366,1,4,98097,10,12,6,5,236.39,21.47,20.87,21.84,21.25,241,87,127,455,13,22,1,238,64,26,6.96,7.85,6.66,6,3,4,463.89,328,333.73,3.48,4.1,4.1,20.85,21.23,20.95,189.24,14.42,14.08,14.19,13.85,171,94,91,356,14,7,3,203,56,6,5.99,6.86,1.57,6,5,3,347.75,265,259.84,2.66,1.07,1.39,15.69,15.43,15.2,77.52,78.36,1557,1585
Michael Raffl,41378,986,18.24,0.46,0.53,0.53,0.52,0.53,0.52,434,65.4,8.9,5.06,14.29,2.17,34.41,24.17,8.67,8.87,8.65,2,1,63,26,23,112,11,8,3,2,12,3,26,37,55,81,7,20,3,91,13,17,38,40,11,1.66,4.6,2.64,1,4,3,111.87,89,89.15,8,1.08,0.66,2.15,7.83,7.84,7.75,986,153,112,209,512,172,130,133,551,3,7,149481,20,28,11,22,352.97,26.15,25.55,25.97,25.38,349,152,203,704,19,20,4,391,90,20,11.1,10.01,5.05,7,6,6,695.62,501,496.57,4.54,3.89,4.12,26.58,26.49,26.12,322.32,30.12,29.25,30.38,29.5,325,116,176,617,27,32,5,326,87,28,10.48,10.92,8.73,8,13,6,621.12,441,443.56,4.36,6.85,6.85,27.63,27.81,27.38,124.66,110.56,2469,2297
Josh Gorges,73091,1723,1.74,0.39,0.48,0.39,0.51,0.4,0.5,273,36.24,1.81,2.07,9.85,1.22,22.52,16.54,1.7,1.82,1.71,3,2,40,14,26,80,6,1,0,0,14,1,18,20,39,53,21,50,0,143,7,17,52,1,1,1.03,0.11,0.67,1,0,0,81.01,54,54.13,13,0.41,0,0.16,2.06,2.07,1.98,1723,167,341,260,955,183,190,215,1135,0,1,167412,50,26,10,108,495.6,39.36,38.16,39.34,38.13,503,179,189,871,30,31,6,527,127,28,15.03,15.36,8.98,9,14,7,870.9,682,681.67,6.56,6.36,6.5,39.43,39.33,38.6,719.87,61.81,59.1,62.02,59.31,731,287,333,1351,51,49,10,795,172,51,22.26,20.83,18.72,14,17,20,1353.55,1018,1021.5,11.61,13.04,13.09,60.27,60.57,59.04,127.03,136.78,2648,2582
Connor McDavid,102604,1972,104.18,0.62,0.44,0.58,0.46,0.58,0.47,118,248.64,31.15,19.86,48.78,7.45,125.85,90.92,30.42,31.19,30.46,44,26,248,76,91,415,99,29,22,3,43,6,98,126,219,295,12,24,346,34,75,54,181,114,29,6.95,14.29,9.91,5,17,7,416.43,324,325.54,18,4.41,4.81,3.44,32.14,32.19,31.69,1972,372,202,334,1064,318,261,358,1035,346,448,192961,24,106,52,29,1044.8,125.56,120.49,125.67,120.63,1041,396,480,1917,131,85,21,942,357,138,28,44.27,53.3,28,53,50,1918.23,1437,1438.69,18.28,21.13,22.05,121.79,122,119.09,740.83,76.59,74.55,76.85,74.79,746,280,390,1416,70,49,11,735,217,74,23.45,25.85,27.29,14,31,25,1413.49,1026,1026.15,10.71,11.66,11.66,75.64,75.78,74.42,122.88,155.65,2722,3150
Denis Gurianov,786,17,-0.5,0.32,0.63,0.27,0.62,0.25,0.66,12,0.69,0.05,0.05,0.12,0.02,0.45,0.32,0.05,0.05,0.05,0,0,0,1,2,3,0,0,0,0,0,0,0,1,0,1,0,0,0,1,0,0,1,0,0,0.05,0,0,0,0,0,2.96,1,0.92,0,0.01,0,0,0.06,0.06,0.06,17,0,0,5,12,1,2,3,11,0,0,3114,0,0,0,3,2.21,0.33,0.33,0.32,0.32,1,2,3,6,0,0,0,2,0,1,0.06,0,0.26,0,0,0,5.98,3,2.93,0.04,0,0,0.36,0.36,0.36,6.64,0.7,0.7,0.71,0.71,7,2,7,16,1,0,0,6,2,1,0.15,0.26,0.29,0,1,0,15.59,9,8.84,0.08,0,0,0.78,0.79,0.79,3.08,1.82,59,36
Matt Bartkowski,22158,523,-0.45,0.39,0.53,0.44,0.51,0.42,0.51,136,19.61,0.65,1.06,4.92,0.63,11.44,9.3,0.65,0.62,0.62,0,1,16,12,21,49,2,1,0,0,6,2,9,10,15,27,5,16,0,46,3,13,27,1,0,0.55,0.1,0,1,0,0,49.28,28,27.84,12,0.21,0,0,0.86,0.83,0.83,523,45,65,73,340,79,100,75,269,0,0,65259,16,12,3,12,144.69,11.41,11.26,11.67,11.52,150,52,87,289,13,8,2,154,38,10,4.44,4.41,2.56,4,6,3,297.01,202,205.8,1.88,1.57,1.84,11.45,11.67,11.57,203.25,17.85,17.36,17.69,17.21,221,62,81,364,20,17,2,214,50,19,5.9,6.26,5.69,7,9,4,357.42,283,280.16,2.81,4.21,4.52,16.14,15.98,15.79,50.34,45.24,1004,954
Chris Kelly,58740,1445,1.05,0.38,0.53,0.34,0.52,0.36,0.52,763,77.14,7.85,4.99,18.12,2.45,38.28,33.3,7.74,7.72,7.62,6,1,86,19,24,129,12,5,7,0,18,1,30,44,81,100,10,23,223,71,18,24,75,20,10,2.23,2.52,3.09,0,1,4,128.9,105,105.21,13,1.06,0.94,0.72,8.19,8.11,8,1445,153,188,230,874,189,232,191,833,223,278,240897,23,13,5,48,329.68,27.98,27.23,27.82,27.09,349,103,153,605,15,24,1,354,70,28,8.58,9.07,10.33,4,1,10,604.67,452,452.64,4.1,4.54,4.24,27.85,27.8,27.36,566.71,46.08,44.71,46.16,44.8,545,265,344,1154,47,30,6,635,137,38,17.6,15.81,12.67,16,15,16,1156.16,810,811.29,9.03,6.22,6.22,48.89,49,47.96,188.47,167.39,3987,3711
Johan Larsson,36401,762,7.66,0.41,0.51,0.43,0.5,0.43,0.49,173,54.03,6.29,4.15,11.62,1.71,28.55,20.68,6.07,6.25,6.03,2,3,49,24,20,93,11,6,5,0,13,0,24,25,43,67,10,20,261,33,13,16,39,29,5,1.32,3.67,1.29,3,3,0,92.21,73,72.62,7,0.9,1.18,0.96,6.23,6.19,6.14,762,67,130,138,427,129,126,128,379,261,272,95431,20,26,9,23,264.52,22.72,21.97,22.75,21.99,270,97,113,480,21,18,5,272,74,21,7.83,9.05,5.84,6,10,5,474.44,367,363.83,3.68,4.19,4.23,22.17,22.14,21.86,353.74,32.88,31.09,32.91,31.13,352,143,134,629,36,27,10,375,88,32,10.49,10.79,11.61,10,12,14,633.16,495,498.18,5.28,6.78,6.78,31.38,31.54,30.71,72.06,68.15,1438,1453
Harry Zolnierczyk,12776,309,-0.16,0.33,0.54,0.37,0.51,0.36,0.52,265,15.52,1.52,1.02,3.69,0.48,8.26,6.02,1.45,1.53,1.46,2,0,19,2,11,32,4,2,1,0,2,0,9,7,17,19,5,10,8,25,7,1,14,6,1,0.35,0.84,0.33,0,2,0,32.77,21,21.06,1,0.21,0.33,0.51,1.23,1.26,1.25,309,28,30,58,193,51,53,44,161,8,11,74687,10,14,7,11,71.73,4.48,4.4,4.57,4.5,80,20,44,144,5,2,0,85,12,3,2.08,1.54,0.85,1,4,0,146.36,100,100.42,0.89,0.51,0.51,4.86,4.99,4.96,124.26,9.07,8.86,8.79,8.6,124,52,71,247,7,8,2,149,21,6,4.68,2.61,1.78,3,3,1,239.58,176,170.76,1.67,1.44,1.52,9.21,8.94,8.76,64.88,54.57,1196,1131
Andrew Ladd,75702,1656,25.78,0.52,0.48,0.5,0.46,0.5,0.47,373,145.63,16.66,10.14,33.79,5.38,81.11,58.93,16.12,16.79,16.24,7,1,142,64,71,277,31,23,10,1,27,8,56,82,119,183,20,45,4,112,37,43,147,39,20,4.56,4.53,7.57,11,5,7,279.35,206,208.26,20,2.23,2.11,3.4,15.49,15.59,15.35,1656,240,141,256,1019,244,218,244,950,4,6,208415,45,21,9,54,629.21,62.13,60.47,62.43,60.75,625,261,352,1238,49,39,2,678,145,63,19.09,17.92,25.12,19,12,18,1240.12,886,890.06,9.92,9.09,8.96,63.09,63.37,62.2,625.13,56.62,55.37,56.67,55.43,611,268,349,1228,62,33,7,691,134,54,20.37,16.33,19.92,21,15,26,1225.87,879,876.37,8.65,8.42,8.78,56.49,56.49,55.73,152.57,166.49,3097,3575
Joseph Blandisi,21643,490,5.98,0.54,0.46,0.54,0.47,0.52,0.47,217,28.4,2.94,2.06,5.84,0.92,16.04,11.19,2.92,2.87,2.84,4,2,24,15,11,50,9,3,3,0,5,0,15,13,21,36,10,26,76,37,7,4,23,14,2,0.75,1.77,0.42,0,1,2,48.51,39,37.9,1,0.46,0.76,0,3.4,3.31,3.29,490,64,45,78,303,57,82,83,268,76,93,76484,26,14,4,6,189.08,18.17,17.38,17.96,17.17,175,87,80,342,15,12,1,194,51,17,5.23,6.73,6.21,3,5,7,334.62,262,258.06,2.75,2.95,2.74,18.19,17.95,17.34,172.47,15.21,14.86,15.36,15.01,166,73,57,296,17,9,3,190,36,13,5.77,4.2,5.24,7,4,6,301.86,239,243.12,2.18,1.5,1.7,15.68,15.82,15.58,54.9,63.23,1056,1202
Jesse Puljujarvi,18072,418,10.62,0.56,0.51,0.57,0.5,0.57,0.5,258,39.92,2.45,2.37,9.53,1.2,20.99,17.46,2.37,2.47,2.39,6,0,41,13,13,67,7,1,1,0,10,2,20,20,40,53,5,10,0,11,12,10,43,11,0,1.14,1.31,0,0,1,0,67.51,54,54.13,4,0.51,0.15,0.19,2.77,2.78,2.73,418,58,27,70,263,76,64,54,224,0,1,79797,10,6,3,10,158.21,12.23,11.76,12.39,11.91,156,62,75,293,11,7,3,168,43,7,4.67,5.27,2.28,3,6,2,294.34,218,218.24,2.33,1.77,1.77,12.79,12.91,12.6,120.56,9.61,9.39,9.64,9.41,124,43,57,224,5,7,2,124,38,5,3.78,4.42,1.42,1,3,1,221.35,167,165.72,1.6,1.25,1.24,9.97,9.95,9.82,73.96,71.74,1274,1250
TJ Brodie,116019,2379,32.15,0.5,0.47,0.52,0.49,0.52,0.49,142,89.43,5.37,5.9,21.47,2.87,54.64,40.74,5.29,5.36,5.29,14,16,78,53,77,208,36,6,7,0,14,6,46,52,72,125,13,24,0,30,57,76,117,10,4,3.01,0.94,1.41,5,0,1,206.62,131,130.96,51,1.3,1.16,0.11,6.56,6.56,6.46,2379,385,371,380,1243,268,369,365,1377,0,0,182417,24,36,16,115,905.25,88.26,84.9,88.62,85.26,904,356,460,1720,80,57,12,906,261,93,25.52,31.27,31.47,29,26,25,1722.36,1260,1262.75,14.61,13.14,14.55,88.32,88.78,86.76,839.54,87.72,84.4,87.85,84.54,821,348,412,1581,87,70,15,843,237,89,23.96,29.79,33.97,17,36,34,1574.92,1169,1167.75,12.88,17.97,17.97,82.63,82.86,81.67,130.27,144.26,2777,2847
Mark McNeill,829,17,-0.49,0.46,0.62,0.33,0.62,0.44,0.64,11,0.86,0.26,0.09,0.13,0.02,0.32,0.18,0.26,0.26,0.26,0,0,1,0,0,1,0,0,0,0,1,0,0,0,1,1,0,0,0,0,0,1,0,0,1,0,0,0.26,0,0,0,1.03,1,1.04,0,0.02,0,0,0.28,0.28,0.28,17,1,0,5,11,2,2,3,10,0,2,3071,0,0,0,1,5.18,0.72,0.71,0.71,0.7,4,3,2,9,0,1,0,4,1,2,0.1,0.09,0.53,0,0,0,8.9,7,6.95,0.07,0.27,0.27,0.53,0.52,0.52,6.82,0.86,0.86,0.88,0.88,6,3,9,18,1,0,0,5,3,1,0.11,0.45,0.29,0,1,0,17.75,9,8.91,0.1,0,0,0.95,0.98,0.97,2.69,1.66,56,34
Ben Street,2970,77,1.85,0.58,0.45,0.53,0.47,0.53,0.49,71,8.22,0.82,0.6,1.8,0.29,4.02,3.47,0.74,0.81,0.73,1,0,8,3,0,11,1,0,1,0,0,1,4,5,8,11,0,0,0,3,0,2,7,3,1,0.2,0.41,0.21,0,0,0,10.89,11,11.02,1,0.13,0.49,0.36,0.59,0.58,0.55,77,8,11,7,51,21,4,8,44,0,0,19032,0,0,0,0,30.84,2.95,2.74,2.89,2.68,31,11,12,54,1,5,1,29,11,2,0.84,1.41,0.7,0,0,1,52.8,42,41.42,0.46,1.03,1.18,2.23,2.19,2.13,26.85,2.12,2.04,2.14,2.06,23,14,10,47,0,3,0,31,5,1,0.91,0.86,0.35,0,0,0,47.64,37,37.3,0.41,0.38,0.38,2.15,2.17,2.16,11.61,14.28,257,288
Tim Schaller,43436,1035,16.82,0.53,0.58,0.49,0.57,0.49,0.57,544,96.09,10.16,7.32,20.52,2.96,49.94,39.11,9.74,10.19,9.76,6,1,89,41,27,157,14,7,3,1,17,1,47,55,82,123,10,23,28,73,19,18,92,30,8,3.39,3.9,2.88,4,2,1,157.91,130,130.26,8,1.58,0.59,2.18,9.55,9.57,9.46,1035,104,113,159,659,168,139,127,601,28,29,171130,23,21,9,38,349.95,30.11,28.86,30.15,28.89,333,147,163,643,21,30,5,358,98,24,10.15,11.95,8.01,8,7,6,647.68,480,481.59,5.15,5.76,5.83,29.41,29.43,28.89,351.6,26.78,26.03,26.78,26.02,351,140,191,682,27,17,3,372,102,17,9.32,12.14,5.31,5,17,5,676.11,491,489.03,5.09,3.26,3.7,28.18,28.15,27.53,150.81,108.88,3015,2316
Nick Bonino,79931,1883,33.36,0.45,0.54,0.45,0.52,0.47,0.52,391,131.12,16.61,9.83,26.85,4.09,66.51,52.36,15.95,16.72,16.06,12,7,142,38,46,226,37,18,12,3,30,8,51,61,124,162,8,16,582,60,41,24,107,51,22,3.93,6.38,6.3,7,5,6,229.85,180,182.12,6,2.21,2.38,4.16,14.41,14.47,14.08,1883,208,338,289,1048,266,219,286,1112,582,631,212259,16,14,7,99,613.1,57.03,55.2,57.65,55.81,658,197,265,1120,53,52,8,626,169,60,17.42,20.82,18.79,14,21,18,1133.81,855,864.9,9.61,10.33,10.86,55.39,55.95,54.86,700.34,70,65.93,70.22,66.15,743,222,382,1347,65,67,15,687,202,76,18.6,25.1,26.31,20,21,24,1342.99,965,963.04,11.67,16.16,17.01,64.46,64.57,61.97,196.97,164.6,3611,3366
Dominik Simon,1565,41,0.45,0.51,0.42,0.46,0.46,0.44,0.44,17,3.09,0.34,0.17,0.93,0.11,1.39,1.07,0.33,0.35,0.34,1,0,2,2,1,5,1,0,1,0,2,0,0,1,2,4,0,0,0,2,1,1,2,2,0,0.07,0.27,0,0,0,0,5.05,4,4.06,0,0.04,0.22,0.14,0.23,0.24,0.24,41,6,5,12,18,5,12,4,20,0,0,5635,0,0,0,0,12.7,1.43,1.39,1.48,1.44,8,9,5,22,1,2,1,11,4,2,0.37,0.58,0.48,0,0,1,22,17,16.96,0.19,0.36,0.36,1.26,1.29,1.29,14.97,1.36,1.35,1.31,1.3,15,7,4,26,2,0,0,16,5,1,0.72,0.43,0.2,1,1,0,25.5,22,21.77,0.2,0,0,1.55,1.5,1.49,3.92,5.46,82,95
Tyler Gaudet,3117,71,-0.55,0.25,0.41,0.25,0.45,0.24,0.43,34,4.06,0.36,0.29,0.73,0.12,2.02,2.48,0.36,0.36,0.36,1,0,3,3,3,9,1,0,1,0,1,0,2,2,3,6,0,0,14,3,0,0,5,1,0,0.24,0.13,0,0,0,0,9.06,6,5.98,0,0.06,0.36,0,0.42,0.42,0.42,71,4,15,6,46,9,11,10,41,14,21,11583,0,0,0,1,10.91,0.89,0.86,0.89,0.86,11,5,7,23,1,1,1,14,1,1,0.41,0.13,0.36,0,0,1,23.22,16,16.07,0.17,0.36,0.36,0.7,0.7,0.69,36.28,2.67,2.55,2.64,2.52,31,21,16,68,2,1,0,42,9,1,0.8,1.22,0.65,0,2,0,67.26,52,51.45,0.56,0.18,0.18,3.05,3.02,2.9,7.03,10.08,182,220
Esa Lindell,95795,1981,22.66,0.44,0.51,0.47,0.53,0.47,0.54,166,104.09,4.89,6.18,27.04,3.42,63.68,45.8,4.65,4.86,4.62,5,7,99,52,72,223,18,6,8,1,29,2,54,52,93,145,11,22,0,93,34,47,141,8,2,3.23,1.11,0.54,4,2,0,221.49,151,149.93,36,1.32,1.74,0.93,5.28,5.26,5.09,1981,223,273,381,1104,225,282,313,1161,0,1,169281,22,16,8,119,768.49,71.05,68.71,70.98,68.62,757,305,390,1452,71,67,14,787,203,72,22.51,24.69,23.85,23,27,21,1440.95,1062,1054.54,11.29,13.42,13.46,68.88,68.78,67.41,875.53,90.28,85.79,90.77,86.31,840,369,424,1633,87,85,17,875,234,100,25.57,29.76,34.95,23,27,37,1641.09,1209,1215,13.83,20.22,20.34,83.76,84.27,82.36,145.25,139.56,2989,2602
Greg McKegg,26754,654,2.57,0.4,0.52,0.41,0.53,0.4,0.52,471,31.83,2.49,2.17,6.97,1.06,17.47,14.83,2.46,2.51,2.48,3,1,35,10,8,53,7,3,2,0,5,2,15,18,32,42,8,22,86,44,7,6,38,6,1,1.35,0.77,0.36,0,3,0,52.79,45,44.87,3,0.46,0.33,0.13,2.82,2.84,2.82,654,59,111,96,388,89,101,86,378,86,86,137673,22,22,8,15,169.72,13.95,13.51,14,13.55,174,67,66,307,15,14,3,196,32,13,5.69,4.02,4.24,3,8,4,305.3,241,240.65,2.23,2.69,2.69,13.5,13.47,13.32,251.6,20.69,20.05,20.72,20.07,263,94,89,446,19,21,2,273,65,19,7.55,7.49,5.64,7,7,5,444.05,357,355.64,3.56,4.47,4.53,19.72,19.66,19.25,106.24,99.39,2202,1988
Matt Grzelcyk,1498,44,0.5,0.49,0.54,0.58,0.56,0.6,0.52,11,3.59,0.08,0.2,1.05,0.11,1.95,1.6,0.08,0.09,0.08,0,0,4,1,3,8,0,0,0,0,1,0,0,4,4,5,1,2,0,0,0,0,5,0,0,0.08,0,0,0,0,0,7.84,5,4.94,0,0.04,0,0,0.13,0.13,0.13,44,10,2,4,28,8,8,4,24,0,0,5786,2,0,0,1,21.12,1.4,1.35,1.4,1.35,24,4,8,36,2,3,0,23,3,2,0.5,0.34,0.56,1,1,0,35.89,28,28.03,0.34,0.35,0.35,1.39,1.37,1.36,14.57,1.47,1.47,1.51,1.51,16,3,7,26,2,0,0,11,7,1,0.25,0.97,0.25,0,2,0,26.12,19,19.08,0.22,0,0,1.69,1.73,1.73,4.73,4.1,115,89
Bobby Ryan,57801,1242,29.11,0.55,0.48,0.56,0.47,0.55,0.47,398,113.41,10.44,8.29,27.98,3.92,64.28,45.09,10.06,10.4,10.04,8,4,111,49,68,228,25,13,8,2,20,0,49,70,98,147,10,24,6,109,27,27,117,34,9,3.53,4.15,2.75,7,3,3,226.96,160,159.73,16,1.84,1.14,1.58,10.68,10.68,10.5,1242,223,145,179,695,186,182,192,682,6,3,169456,24,44,21,36,536.19,44.09,42.82,44.07,42.81,529,226,302,1057,51,36,4,598,121,36,16.41,14.6,13.08,24,15,12,1053.7,755,754.55,8.3,5.62,5.84,46.56,46.65,45.81,442.01,35.66,34.78,35.78,34.88,443,177,221,841,38,37,6,487,96,37,13.95,11.24,10.46,18,12,8,846.71,620,624.12,5.95,7.18,7.2,34.41,34.47,33.91,115.35,125.83,2450,2795
Brent Seabrook,103767,2239,41.67,0.49,0.49,0.51,0.49,0.5,0.49,201,126.22,5.85,8.91,29.99,4.33,84.61,57.31,5.74,5.84,5.72,16,20,131,60,107,298,39,3,12,0,35,5,56,80,128,188,13,26,0,111,24,88,182,7,2,4.11,0.77,0.97,2,0,1,296.82,191,189.87,79,1.99,1.51,0.13,7.71,7.69,7.52,2239,300,232,293,1414,218,290,334,1397,0,1,184177,26,14,7,147,889.1,81.85,79.38,82.37,79.86,931,304,506,1741,92,58,10,950,210,75,27.21,25.71,28.93,27,33,32,1748.45,1235,1241.96,14.07,11.28,12.2,83.71,84.19,82.75,894.22,84.37,80.12,84.42,80.19,930,312,456,1698,75,85,18,932,221,89,25.92,27.14,31.31,27,18,30,1690.23,1242,1238.26,13.55,19.79,20.67,77.25,77.22,75.63,134.99,137.95,2725,2790
P.K. Subban,96604,1860,53.7,0.53,0.5,0.54,0.51,0.54,0.5,142,132.33,6.48,7.83,31.41,4.37,79.29,66.62,6.15,6.44,6.1,13,17,142,54,98,294,40,10,9,1,35,4,58,80,132,186,18,44,0,78,30,58,187,3,6,3.81,0.36,2.3,8,0,2,291.09,196,194.25,33,1.78,1.71,0.27,7.99,7.94,7.64,1860,242,310,351,957,265,227,310,1058,0,0,143607,44,50,22,104,872.91,81.91,79.52,82.26,79.84,856,361,392,1609,77,63,9,937,202,78,27.03,24.82,30.05,24,29,24,1610.44,1217,1219.21,13,13.62,14.08,80.82,81.02,79.52,742.75,72.22,69.98,72.4,70.15,731,309,309,1349,80,51,13,790,182,68,21.95,22.32,27.94,18,28,34,1351.22,1040,1043.56,11.35,10.09,10.25,73.31,73.63,72.57,110.6,109.12,2348,2291
Mike Ribeiro,44077,927,21.72,0.56,0.49,0.58,0.49,0.56,0.49,256,34.79,4.79,2.3,7.82,1.23,19.39,14.47,4.53,4.8,4.53,10,11,38,12,24,74,25,4,1,2,11,1,12,21,34,46,7,14,183,33,10,27,36,10,4,1.06,1.12,2.61,1,0,3,73.84,50,49.93,7,0.5,0.15,1.91,3.38,3.39,3.23,927,211,30,137,549,167,179,149,432,183,261,124465,14,6,3,6,442.37,40.63,39.53,40.77,39.66,441,182,230,853,38,27,5,479,104,40,12.86,12.28,15.48,13,11,14,852.89,623,623.05,6.8,5.56,5.9,41.53,41.62,40.89,354.4,31.63,30.82,31.71,30.9,375,117,120,612,33,27,6,378,86,28,10.38,10.73,10.52,6,16,11,613.1,492,493.54,4.51,5.92,5.92,30.21,30.3,29.98,83.37,86.38,1868,1958
Anthony Mantha,57208,1211,42.32,0.58,0.45,0.58,0.46,0.58,0.46,336,138.56,14.3,9.87,28.78,4.15,72.68,55.21,13.86,14.36,13.93,6,13,133,52,31,216,36,17,9,3,26,3,54,76,116,168,14,43,5,46,26,39,126,41,18,4.16,4.89,5.25,4,5,8,214.89,185,184.77,12,2.18,1.2,3.51,12.97,13.1,12.96,1211,208,101,233,669,230,163,207,611,5,6,163603,43,49,17,33,513.39,46.01,44.48,46.09,44.59,512,201,237,950,49,38,9,526,144,43,15.48,17.32,13.22,17,14,18,944.3,713,709.64,8.03,8.81,8.81,45.23,45.42,44.73,373.77,33.86,32.78,34.2,33.1,362,156,170,688,33,21,6,375,108,35,9.78,13.25,10.83,11,10,12,698.99,518,524.31,4.97,3.78,3.78,35.05,35.33,34.59,108.34,132.86,2221,2651
Jay McClement,44392,1120,3.23,0.37,0.56,0.39,0.55,0.38,0.55,624,47.82,5.58,3.51,10.14,1.56,24.69,19.51,5.5,5.73,5.65,2,1,37,28,22,87,8,5,5,0,8,3,18,26,32,60,9,18,253,49,29,15,37,20,8,1.33,2.25,2.01,2,1,2,88.11,65,66.34,9,0.75,1.29,0.78,5.55,5.66,5.63,1120,97,161,148,714,184,134,163,639,253,272,193099,18,10,5,40,254.77,20.95,20.61,21.28,20.92,250,104,152,506,16,14,2,273,62,19,8,7.64,5.31,5,7,4,510.25,354,358.04,3.35,2.83,2.56,21.74,21.99,21.78,413.34,35.72,34.07,35.74,34.05,394,182,208,784,39,29,9,431,115,30,11.88,13.69,10.15,8,20,11,784.79,576,573.76,6.58,6.71,7.36,34.94,34.88,33.99,175.87,136.16,3275,2678
Petter Granberg,5776,131,-0.5,0.4,0.56,0.44,0.54,0.46,0.54,56,3.38,0.1,0.16,0.92,0.11,2.17,1.54,0.1,0.1,0.1,0,0,4,1,1,6,0,0,0,0,3,0,1,1,4,5,5,10,0,17,0,1,5,0,0,0.1,0,0,0,0,0,5.91,5,4.96,1,0.03,0,0,0.13,0.13,0.13,131,18,14,15,84,14,25,12,80,0,0,31242,10,2,1,9,43.92,3.04,3,3,2.97,45,17,14,76,5,3,0,51,8,3,1.36,0.95,0.73,3,2,0,75.6,62,61.36,0.58,0.68,0.5,3.11,3.08,3.07,54.01,4.48,4.43,4.53,4.48,51,23,21,95,6,2,2,59,13,2,1.81,1.5,1.17,3,1,2,96.17,74,74.63,0.74,1.17,1.17,4.06,4.12,4.09,22.19,17.66,542,455
Emerson Etem,1585,45,-0.46,0.21,0.55,0.32,0.5,0.3,0.51,30,0,0,0,0,0,0,0,0,0,0,0,0,0,0,0,0,0,0,0,0,0,0,0,0,0,0,1,2,0,4,0,0,0,0,0,0,0,0,0,0,0,0,0,0,0,0,0,0,0,0,0,45,3,2,10,30,4,10,8,23,0,1,9215,2,0,0,0,5.93,0.29,0.29,0.3,0.3,5,3,4,12,1,0,0,7,1,0,0.15,0.13,0,0,1,0,12.98,8,8.36,0.06,0,0,0.34,0.36,0.36,14.1,1.1,1.03,1.08,1.02,11,8,6,25,1,1,1,15,3,1,0.43,0.27,0.4,0,0,1,23.89,19,18.52,0.18,0.4,0.4,0.88,0.86,0.85,6.49,5.41,132,134
Nick Schmaltz,48536,1070,25.81,0.52,0.48,0.51,0.49,0.51,0.49,487,61.11,6.54,4.23,14.08,2.02,34.03,25.1,6.31,6.6,6.37,16,6,66,20,41,127,28,6,4,0,15,3,31,27,60,80,3,6,84,20,46,22,57,23,6,1.95,2.91,1.69,2,3,1,127.84,86,86.36,7,0.89,1.08,1.18,6.25,6.26,6.17,1070,167,85,207,611,164,142,134,630,84,188,174189,6,12,6,27,386.25,33.07,32.3,33.46,32.68,406,137,201,744,39,21,4,429,87,27,12.39,11,9.69,18,13,8,753.07,543,548.58,5.49,4.54,4.71,33.86,34.19,33.83,377.23,30.18,28.99,30.13,28.94,403,122,176,701,23,31,2,401,101,23,11.62,12.21,6.35,10,10,3,694.93,525,520.68,5.18,5.55,5.96,29.41,29.33,28.83,133.64,143.08,2680,2783
Brooks Orpik,83331,1730,28.17,0.46,0.52,0.47,0.53,0.47,0.53,351,83.59,2.71,4.4,22.22,2.78,49.12,42.77,2.61,2.75,2.65,6,7,91,33,55,179,13,0,4,0,28,1,35,56,91,124,20,48,0,181,12,36,123,0,1,2.37,0,0.34,0,0,0,183.48,124,125.99,26,0.88,0.95,0.47,3.12,3.15,3.1,1730,178,203,226,1123,233,286,229,982,0,0,200658,48,26,10,130,616.5,54.53,53.38,55.57,54.4,645,216,309,1170,62,32,6,650,167,44,19.02,20.92,14.58,19,28,15,1198.46,861,879.14,8.15,6.24,6.41,56.27,57.28,56.55,689.38,65.17,62.04,64.47,61.36,679,276,342,1297,53,55,13,710,176,69,19.49,21.32,24.36,15,18,20,1270.83,955,937.73,10.75,15.26,15.24,60.68,60.06,58.49,166.04,154.02,3271,2870
Kyle Turris,91249,1902,51.23,0.55,0.48,0.53,0.46,0.53,0.47,184,179.87,17.55,12,39.15,5.91,99.69,73.71,17.19,17.64,17.27,21,7,185,63,102,350,55,27,12,0,42,7,73,87,158,221,17,37,650,21,25,57,176,58,14,5.59,6.44,5.53,7,14,6,350.39,248,248.86,15,2.71,3.44,1.76,18.5,18.62,18.36,1902,353,237,249,1063,289,300,319,994,650,575,193948,37,31,14,61,831.91,76.08,72.56,76.17,72.67,852,310,423,1585,80,61,9,899,196,67,25.25,22.94,27.89,26,27,27,1582.28,1162,1163.12,13.08,14,14.83,74.32,74.52,72.9,748.03,63.19,61.36,63.29,61.47,767,274,361,1402,61,54,6,793,196,52,22.72,23.86,16.61,32,17,12,1405.69,1041,1043.2,10.55,9.71,9.91,63.83,63.94,62.62,128.21,138.47,2781,3221
Jay Bouwmeester,108889,2366,17.1,0.44,0.54,0.42,0.54,0.42,0.54,196,92.99,3.78,5.27,23.56,3.08,57.55,45.76,3.73,3.79,3.75,7,7,106,33,66,205,15,1,8,0,30,2,37,61,105,138,14,28,0,67,11,37,133,3,3,2.65,0.35,0.78,1,0,0,206.7,139,139.87,34,1.06,1.64,0.34,4.5,4.53,4.47,2366,200,446,406,1314,309,287,356,1414,0,0,185390,28,6,3,111,713.17,66.22,64.45,66.83,65.04,724,275,331,1330,74,46,14,760,172,67,21.96,20.51,23.75,25,24,25,1342.82,999,1009.78,9.72,10.77,10.96,64.98,65.54,64.87,977.77,83.6,81.17,83.5,81.1,986,370,456,1812,91,65,13,1054,233,69,29.94,28.72,24.93,32,32,27,1802.11,1356,1350.6,15.81,13.26,13.17,86.23,86.18,84.49,139.97,118.81,2892,2504
Kris Letang,62774,1207,38.3,0.54,0.52,0.54,0.48,0.54,0.51,50,110.49,6.25,7.18,27.79,3.66,67.59,50.54,6.04,6.33,6.11,9,20,122,41,64,227,34,5,10,0,29,6,57,56,117,158,16,32,0,70,30,43,148,10,5,3.38,1.24,1.63,2,1,2,227.14,163,163.44,23,1.58,2.43,0.72,7.11,7.16,6.95,1207,183,157,265,602,150,155,229,673,0,0,87302,32,28,14,70,599.42,62.71,60.22,63.26,60.73,644,189,266,1099,64,58,14,582,187,64,16.87,22.76,23.08,12,25,27,1108.96,833,839.8,10,12.55,13.25,59.47,59.95,58.41,523.92,53.1,51.35,53.49,51.73,547,173,214,934,56,51,9,509,154,57,14.26,19.5,19.34,16,18,22,939.49,720,722.74,8.17,10.16,10.16,51.1,51.43,50.44,70.7,65.18,1357,1448
Dan Renouf,815,18,-0.07,0.82,0.47,0.41,0.4,0.46,0.4,6,0.75,0.04,0.05,0.35,0.03,0.33,0.2,0.03,0.04,0.03,0,0,1,0,0,1,0,0,0,0,0,0,0,1,1,1,0,0,0,3,0,0,1,0,0,0.04,0,0,0,0,0,1.1,1,1.1,0,0.01,0,0,0.05,0.06,0.04,18,4,1,1,12,1,4,0,13,0,0,2904,0,0,0,0,4.66,0.84,0.83,0.88,0.87,6,0,1,7,0,0,0,3,1,2,0.16,0.09,0.59,0,0,0,7.21,6,6.19,0.07,0,0,0.92,0.96,0.94,4.43,0.19,0.18,0.17,0.17,4,3,3,10,0,0,0,7,0,0,0.19,0,0,0,0,0,9.54,7,6.71,0.05,0,0,0.23,0.22,0.22,2.57,2.93,43,65
Anton Slepyshev,27342,635,9.12,0.43,0.53,0.46,0.49,0.45,0.51,422,52.67,3.47,3.03,13.32,1.65,27.56,21.96,3.43,3.46,3.43,3,3,55,16,39,110,10,4,2,1,14,2,20,29,51,67,2,4,2,64,19,14,61,9,1,2.05,1.16,0.27,3,1,0,112.19,71,72.38,7,0.62,0.66,0.39,3.71,3.72,3.69,635,85,66,105,379,117,105,80,333,2,3,121952,4,4,2,15,193.25,14.52,14.31,14.47,14.27,197,72,110,379,12,10,2,215,43,11,6.37,5.13,3.01,6,4,2,385.6,269,271.7,2.44,1.99,2.07,14.89,14.86,14.77,240.17,19.32,18.42,19.22,18.29,232,102,110,444,7,13,0,251,68,15,7.08,8.23,4.01,2,4,1,434.93,334,328.58,3.21,2.66,2.66,19.87,19.71,19.2,106.32,95.98,1884,1939
Frederick Gaudreau,4678,118,1.66,0.59,0.47,0.5,0.55,0.53,0.53,100,6.42,0.61,0.45,1.64,0.24,3.51,2.55,0.6,0.59,0.58,0,1,8,1,3,12,1,0,2,0,4,0,2,1,8,9,0,0,4,1,2,1,6,3,0,0.15,0.47,0,0,0,0,11.77,9,8.81,0,0.09,0.45,0.35,0.36,0.34,0.34,118,14,22,22,60,24,19,18,57,4,8,28004,0,2,1,5,42.56,3.15,3.1,3.12,3.07,47,13,22,82,4,7,0,48,10,2,1.1,1.37,0.67,3,1,0,81.46,60,59.64,0.54,1.19,1.19,2.5,2.51,2.48,37.25,2.15,2.12,2.15,2.13,40,13,28,81,3,0,0,48,3,2,1.35,0.39,0.41,1,1,1,80.18,53,52.52,0.51,0,0,2.66,2.66,2.63,19.59,22.2,525,426
Cody Franson,75408,1648,21.48,0.51,0.46,0.51,0.46,0.51,0.45,275,91.1,3.08,5.14,25.46,3.08,55.66,40.58,3.01,3.1,3.03,6,10,93,40,67,200,19,3,9,0,17,2,44,58,90,130,17,34,0,87,14,30,129,3,1,2.48,0.29,0.31,2,1,0,197.28,133,131.81,21,1.04,2.52,0.35,3.77,3.74,3.66,1648,184,190,254,1020,230,228,206,984,0,0,173283,34,10,5,68,627.89,53.46,51.52,53.37,51.43,643,221,266,1130,46,54,12,647,170,47,17.41,20.78,15.27,16,17,13,1122.3,864,858.32,8.93,13.08,13,49.38,49.18,48.28,591.12,51.55,50.11,51.99,50.54,615,212,252,1079,48,39,12,627,154,46,17.66,18.16,15.73,13,16,19,1091.14,827,835.85,8.43,8.72,8.82,51.16,51.54,50.71,131.28,152.57,2574,3034
Hampus Lindholm,88900,1786,33.22,0.54,0.51,0.52,0.48,0.52,0.48,160,89.16,4.34,5.9,22.57,2.92,54.87,41.4,4.16,4.31,4.14,5,9,94,38,71,203,20,6,8,1,22,3,40,53,88,126,18,36,2,98,18,63,122,8,2,2.6,1.08,0.66,3,2,1,203.68,132,132.34,42,1.29,1.32,0.66,4.97,4.96,4.84,1786,197,301,261,1027,245,257,290,994,2,0,152149,36,24,11,94,757.47,68.86,65.31,69.15,65.6,752,301,366,1419,65,67,14,798,194,61,23.18,24.6,21.07,15,33,17,1427.94,1053,1061.06,11.42,13.79,14.15,66.13,66.4,64.89,693.12,58.44,56.36,58.39,56.32,656,325,319,1300,53,51,9,754,177,50,20.6,21.23,16.61,16,16,21,1293.28,981,977.08,10.96,9.97,10.64,58.76,58.77,57.54,116.9,112.29,2313,2497
Mark Giordano,114610,2364,57.23,0.51,0.47,0.52,0.5,0.52,0.48,143,155.75,9.93,9.63,39.1,4.9,95.45,70,9.66,9.86,9.6,12,15,151,78,144,373,39,12,11,1,33,8,81,84,139,217,28,59,0,78,45,43,206,14,9,4.4,1.58,3.94,7,1,4,368.18,229,225.75,37,2.21,3.18,1.04,11.09,11.03,10.79,2364,346,433,413,1172,301,308,418,1337,0,0,180226,59,33,14,184,982.75,95.13,92.63,95.41,92.9,987,391,465,1843,103,67,23,1019,260,99,27.96,30.75,36.43,31,32,40,1843.93,1378,1378.42,15.31,17.08,16.58,93.86,94.04,92.51,896.85,93.12,89.82,93.36,90.04,870,388,468,1726,84,55,14,938,235,85,26.82,29.31,36.99,20,29,35,1728.78,1258,1261.41,14.85,13.59,15.02,92.95,93.22,91.39,122.07,136.78,2607,2657
Jacob de la Rose,5890,156,-1,0.32,0.48,0.37,0.5,0.37,0.49,96,5.57,0.5,0.38,1.25,0.18,3.28,2.41,0.5,0.5,0.5,0,0,4,4,1,9,0,0,0,0,3,0,0,5,4,8,2,4,17,23,4,0,6,2,0,0.21,0.29,0,0,0,0,9.09,8,8.12,0,0.08,0,0,0.57,0.58,0.58,156,6,42,26,82,16,26,18,96,17,17,26918,4,0,0,5,30.69,2.11,2.1,2.11,2.1,24,19,17,60,1,1,0,37,4,2,0.88,0.49,0.74,0,1,0,60.71,43,43.55,0.34,0.43,0.43,2.02,2.04,2.04,51.9,4.42,4.35,4.51,4.44,55,17,31,103,5,4,0,57,11,4,1.48,1.35,1.59,1,3,1,104.92,72,73.35,0.81,0.22,0.22,5.01,5.11,5.05,15.59,16.79,373,370
